cruise,cast,niskin,date,sal00,sal11,sigma_00,sigma_11,density00,density11,sbox0mm_kg,sbox1mm_kg,oxsolmm_kg,potemp090c,potemp190c,svcm,svcm1,prdm,depsm,scan,times,t090c,t190c,c0ms_cm,c1ms_cm,cstarat0,cstartr0,sbeox0v,sbeox1v,fleco_afl,par,spar,cpar,v0,latitude,longitude
AE2426,001,1,2024-11-06 16:28:00+00:00,32.2397,32.2364,23.7387,23.736,1023.8135,1023.8108,236.367,243.079,250.12395,15.4888,15.4895,1505.3,1505.3,16.941,16.808,6887.0,286.917,15.4914,15.4921,40.331643,40.328554,0.5194,87.8221,2.27,2.4428,3.3354,3.2489,2126.4,0.15279,0.2544,41.19725,-70.88264
AE2426,001,2,2024-11-06 16:28:29+00:00,32.24,32.2363,23.7388,23.7359,1023.8127,1023.8098,236.444,242.582,250.12108,15.4893,15.4897,1505.3,1505.29,16.749,16.618,7586.0,316.042,15.4919,15.4922,40.332325,40.328524,0.5304,87.5827,2.2707,2.4389,2.879,3.1317,2116.8,0.14791,0.2745,41.19714,-70.8827
AE2426,001,3,2024-11-06 16:28:50+00:00,32.24,32.2355,23.7389,23.7354,1023.8125,1023.8091,236.384,242.616,250.1227,15.489,15.489,1505.29,1505.29,16.687,16.557,8088.0,336.958,15.4915,15.4915,40.331999,40.326919,0.5382,87.4098,2.2702,2.4392,3.1599,3.0932,2116.4,0.14615,0.2464,41.19703,-70.88274
AE2426,001,4,2024-11-06 16:29:06+00:00,32.2373,32.2321,23.7375,23.7333,1023.8128,1023.8086,236.566,243.03,250.14216,15.4859,15.4869,1505.29,1505.28,17.067,16.933,8476.0,353.125,15.4885,15.4895,40.326376,40.321386,0.5214,87.779,2.2713,2.4423,2.8384,2.9412,2114.2,0.13913,0.2382,41.19696,-70.8828
AE2426,001,5,2024-11-06 16:29:27+00:00,32.2377,32.2325,23.7382,23.734,1023.8143,1023.8101,236.153,243.084,250.15078,15.484,15.485,1505.28,1505.28,17.243,17.108,8980.0,374.125,15.4866,15.4876,40.325161,40.320211,0.5153,87.913,2.2681,2.4426,2.7124,3.0647,2090.4,0.14661,0.2594,41.19686,-70.88287
AE2426,001,6,2024-11-06 16:29:46+00:00,32.2356,32.2305,23.7365,23.7324,1023.8105,1023.8064,236.183,242.829,250.15252,15.4845,15.4854,1505.28,1505.27,16.777,16.646,9424.0,392.625,15.487,15.4879,40.322914,40.31805,0.5192,87.8274,2.2685,2.4407,2.7271,3.4669,2121.1,0.16345,0.2576,41.19674,-70.88294
AE2426,001,7,2024-11-06 16:31:11+00:00,32.2345,32.2298,23.7372,23.7335,1023.7859,1023.7822,236.683,243.157,250.19309,15.4775,15.4778,1505.15,1505.15,11.023,10.937,11461.0,477.5,15.4791,15.4795,40.312081,40.307157,0.5047,88.1466,2.2732,2.4443,2.6781,7.4443,2119.6,0.35123,0.2757,41.19641,-70.88331
AE2426,001,8,2024-11-06 16:31:30+00:00,32.2321,32.2278,23.7352,23.7319,1023.7855,1023.7823,236.696,243.611,250.19511,15.4779,15.478,1505.16,1505.15,11.398,11.309,11909.0,496.167,15.4796,15.4797,40.309906,40.30528,0.4966,88.3248,2.2732,2.4479,2.8395,7.3485,2095.8,0.35064,0.2706,41.19637,-70.88338
AE2426,001,9,2024-11-06 16:31:50+00:00,32.2349,32.2303,23.7378,23.7343,1023.7874,1023.7839,236.517,242.685,250.20038,15.4758,15.4759,1505.15,1505.15,11.236,11.148,12392.0,516.292,15.4775,15.4776,40.311085,40.305967,0.5056,88.1264,2.2718,2.4405,2.7972,7.9746,2102.9,0.37914,0.266,41.19631,-70.88342
AE2426,001,10,2024-11-06 16:32:11+00:00,32.2342,32.2285,23.7372,23.7329,1023.7853,1023.7809,236.363,242.904,250.20041,15.4761,15.4763,1505.15,1505.14,10.88,10.796,12901.0,537.5,15.4778,15.4779,40.310372,40.304201,0.5075,88.0849,2.2708,2.4423,2.7838,8.3239,2130.7,0.39066,0.2817,41.19625,-70.88345
AE2426,001,11,2024-11-06 16:32:26+00:00,32.2321,32.2274,23.7359,23.7322,1023.7859,1023.7822,236.368,243.468,250.20898,15.475,15.4753,1505.15,1505.14,11.325,11.237,13274.0,553.042,15.4767,15.4771,40.307307,40.302318,0.5015,88.2179,2.2706,2.4466,2.9177,7.775,2098.2,0.37045,0.2654,41.19622,-70.88347
AE2426,001,12,2024-11-06 16:32:51+00:00,32.232,32.2271,23.7361,23.7323,1023.7865,1023.7826,236.27,242.905,250.21599,15.4736,15.4738,1505.15,1505.14,11.405,11.317,13861.0,577.5,15.4753,15.4755,40.305955,40.300574,0.4992,88.2684,2.2698,2.4421,2.6943,7.795,2103.8,0.37049,0.2486,41.19616,-70.88352
AE2426,001,13,2024-11-06 16:34:45+00:00,32.2308,32.2261,23.7352,23.7315,1023.748,1023.7443,236.939,243.656,250.22325,15.4739,15.4738,1505.0,1505.0,2.901,2.879,16596.0,691.458,15.4743,15.4743,40.300105,40.294809,0.4845,88.5935,2.2767,2.4501,2.4285,89.215,2107.1,4.2334,0.2736,41.1959,-70.88358
AE2426,001,14,2024-11-06 16:35:06+00:00,32.2302,32.2252,23.7323,23.728,1023.7431,1023.7387,236.975,243.156,250.17239,15.4845,15.4866,1505.03,1505.03,2.426,2.407,17097.0,712.333,15.4849,15.487,40.308919,40.305292,0.4996,88.2594,2.2774,2.4466,2.1337,104.87,2105.0,4.9814,0.2912,41.19586,-70.88359
AE2426,001,15,2024-11-06 16:35:21+00:00,32.231,32.2259,23.7344,23.7303,1023.7476,1023.7434,236.436,242.956,250.20399,15.4777,15.4789,1505.01,1505.01,2.978,2.955,17468.0,727.792,15.4782,15.4793,40.303851,40.29928,0.4995,88.2593,2.273,2.4446,2.3956,83.534,2100.4,3.9769,0.2661,41.19584,-70.88358
AE2426,001,16,2024-11-06 16:35:51+00:00,32.2292,32.2243,23.7325,23.7283,1023.7455,1023.7414,236.977,243.441,250.19416,15.4804,15.4821,1505.02,1505.02,2.964,2.941,18174.0,757.208,15.4808,15.4825,40.30424,40.300378,0.4784,88.7281,2.2772,2.4486,2.3204,87.276,2092.4,4.1712,0.2784,41.19578,-70.88361
AE2426,001,17,2024-11-06 16:36:12+00:00,32.2295,32.2239,23.7337,23.7293,1023.7454,1023.741,236.617,243.538,250.21721,15.4756,15.4762,1505.0,1505.0,2.647,2.627,18698.0,779.042,15.476,15.4766,40.300035,40.294341,0.4904,88.4626,2.2744,2.4492,2.4527,96.165,2115.5,4.5427,0.2704,41.19572,-70.88361
AE2426,001,18,2024-11-06 16:36:27+00:00,32.2288,32.2242,23.7334,23.7294,1023.7457,1023.7417,237.009,242.715,250.22156,15.4749,15.4767,1505.0,1505.0,2.789,2.767,19039.0,793.25,15.4753,15.4771,40.298772,40.295159,0.4952,88.3562,2.2772,2.4426,2.5314,91.207,2099.7,4.3438,0.2639,41.19569,-70.88363
AE2426,001,19,2024-11-06 16:36:42+00:00,32.2291,32.2244,23.7342,23.731,1023.7479,1023.7446,237.045,243.959,250.23571,15.4719,15.4704,1505.0,1504.99,3.099,3.075,19413.0,808.833,15.4724,15.4708,40.296457,40.289779,0.4832,88.6211,2.2773,2.4523,2.3031,76.669,2100.0,3.6498,0.2577,41.19566,-70.88366
AE2426,001,20,2024-11-06 16:36:59+00:00,32.2287,32.2238,23.7316,23.7274,1023.7428,1023.7386,236.863,243.574,250.18405,15.4826,15.4846,1505.02,1505.02,2.535,2.515,19818.0,825.708,15.483,15.485,40.305608,40.301922,0.494,88.3817,2.2765,2.4498,2.2322,104.67,2123.2,4.9289,0.275,41.19562,-70.88366
AE2426,001,21,2024-11-06 16:37:19+00:00,32.2285,32.2239,23.7323,23.7284,1023.7433,1023.7395,236.91,243.688,250.20352,15.4788,15.4802,1505.01,1505.01,2.501,2.481,20301.0,845.833,15.4791,15.4806,40.301733,40.297881,0.5045,88.1519,2.2767,2.4506,2.582,107.1,2116.8,5.0593,0.2802,41.19556,-70.88366
AE2426,001,22,2024-11-06 16:37:36+00:00,32.228,32.2235,23.7308,23.7274,1023.7443,1023.7409,237.177,243.348,250.18047,15.4835,15.4834,1505.03,1505.02,3.052,3.028,20699.0,862.417,15.484,15.4839,40.305868,40.300787,0.4837,88.6089,2.2788,2.4479,2.1078,84.922,2104.5,4.0353,0.2839,41.19552,-70.88366
AE2426,002,1,2024-11-07 05:36:14+00:00,32.4046,32.4009,23.7887,23.7859,1023.8071,1023.8043,235.005,248.07,248.1594,15.836,15.8361,1506.36,1506.35,4.175,4.143,13428.0,559.458,15.8367,15.8368,40.83017,40.826143,0.3654,91.2699,2.2773,2.5021,2.7783,0.64666,24.94,2.597,0.2335,41.03138,-70.76684
AE2426,003,1,2024-11-07 07:32:42+00:00,32.4497,32.4465,23.8068,23.8043,1023.8218,1023.8192,229.52,243.901,247.72405,15.9104,15.9108,1506.63,1506.63,3.402,3.376,12780.0,532.458,15.9109,15.9113,40.94957,40.94634,0.3227,92.2488,2.2391,2.4722,2.3338,0.88225,25.634,3.4408,0.2835,41.03079,-70.99203
AE2426,004,1,2024-11-07 08:36:59+00:00,33.2023,33.1976,24.1236,24.1196,1024.3075,1024.3035,194.279,201.834,241.08231,17.0483,17.0497,1511.63,1511.63,42.005,41.675,7782.0,324.208,17.0551,17.0566,42.901751,42.897674,0.5697,86.7267,2.0066,2.1703,1.588,0.011701,25.734,0.045406,0.4037,41.03129,-70.8821
AE2426,004,2,2024-11-07 08:37:13+00:00,33.1984,33.1945,24.1222,24.1187,1024.3069,1024.3034,194.973,202.42,241.12114,17.0412,17.0434,1511.61,1511.61,42.182,41.851,8110.0,337.875,17.0481,17.0502,42.890548,42.888107,0.5898,86.2926,2.0117,2.1748,1.8287,0.0076153,25.932,0.029426,0.4312,41.03132,-70.88206
AE2426,004,3,2024-11-07 08:39:01+00:00,32.3258,32.315,23.7581,23.7518,1023.8799,1023.8736,236.61,246.563,248.93038,15.7012,15.6925,1506.25,1506.21,27.631,27.415,10707.0,446.083,15.7054,15.6967,40.629938,40.609709,0.3135,92.4616,2.2784,2.4778,2.4076,1e-12,24.774,4.0406e-12,0.2665,41.0314,-70.88176
AE2426,004,4,2024-11-07 08:39:11+00:00,32.326,32.3177,23.758,23.7526,1023.8781,1023.8728,236.974,246.436,248.9246,15.7024,15.6981,1506.24,1506.22,27.256,27.042,10943.0,455.917,15.7065,15.7022,40.63101,40.617744,0.3119,92.4993,2.2813,2.4769,2.3249,1e-12,25.171,3.9769e-12,0.3137,41.03141,-70.88173
AE2426,004,5,2024-11-07 08:39:20+00:00,32.3218,32.3114,23.7558,23.7494,1023.8756,1023.8692,237.656,246.363,248.95404,15.6978,15.6904,1506.22,1506.19,27.158,26.945,11147.0,464.417,15.7019,15.6945,40.62207,40.603449,0.3052,92.6546,2.2862,2.4761,2.7846,1e-12,26.064,3.8445e-12,0.3111,41.03142,-70.88172
AE2426,004,6,2024-11-07 08:39:32+00:00,32.3187,32.3144,23.7549,23.7514,1023.8766,1023.8731,237.629,246.455,248.99182,15.6911,15.6919,1506.2,1506.2,27.594,27.378,11435.0,476.417,15.6953,15.6961,40.612571,40.608509,0.3021,92.7265,2.2856,2.4764,2.7478,1e-12,25.899,3.8645e-12,0.3092,41.03144,-70.88166
AE2426,004,7,2024-11-07 08:39:44+00:00,32.318,32.315,23.7543,23.7517,1023.8752,1023.8726,237.895,246.524,248.99288,15.6911,15.6924,1506.2,1506.2,27.415,27.201,11722.0,488.375,15.6953,15.6966,40.611728,40.609489,0.3094,92.5578,2.2877,2.477,2.5511,1e-12,24.576,4.0721e-12,0.3003,41.03144,-70.88164
AE2426,004,8,2024-11-07 08:39:54+00:00,32.3216,32.3167,23.7565,23.7527,1023.8783,1023.8745,237.374,246.429,248.97358,15.6938,15.6941,1506.22,1506.21,27.624,27.408,11973.0,498.833,15.698,15.6983,40.618394,40.613092,0.3007,92.7579,2.2839,2.4764,2.2869,1e-12,25.568,3.918e-12,0.2986,41.03146,-70.88162
AE2426,004,9,2024-11-07 08:40:04+00:00,32.3178,32.3154,23.7543,23.7519,1023.8738,1023.8714,237.688,245.941,248.99671,15.6905,15.693,1506.19,1506.2,27.099,26.888,12216.0,508.958,15.6946,15.6971,40.610721,40.610307,0.2955,92.8797,2.2862,2.4724,2.44,1e-12,24.708,4.0517e-12,0.3195,41.03146,-70.8816
AE2426,004,10,2024-11-07 08:42:05+00:00,32.2912,32.2866,23.7417,23.738,1023.8074,1023.8036,238.352,247.853,249.22375,15.6551,15.6558,1505.84,1505.84,14.881,14.765,15113.0,629.667,15.6573,15.658,40.541357,40.536745,0.3047,92.6648,2.2922,2.4889,2.7238,1e-12,25.899,3.8779e-12,0.2914,41.03156,-70.88124
AE2426,004,11,2024-11-07 08:42:12+00:00,32.2909,32.2856,23.7417,23.7377,1023.8068,1023.8028,238.19,248.165,249.22814,15.6543,15.6539,1505.84,1505.83,14.777,14.662,15298.0,637.375,15.6565,15.6562,40.540228,40.533884,0.2943,92.9063,2.291,2.4914,2.5555,1e-12,25.171,3.9769e-12,0.2936,41.03156,-70.88122
AE2426,004,12,2024-11-07 08:42:21+00:00,32.2909,32.286,23.7417,23.7378,1023.808,1023.8041,238.403,247.797,249.22793,15.6543,15.6545,1505.84,1505.84,15.036,14.919,15505.0,646.0,15.6566,15.6568,40.540391,40.535018,0.3063,92.6291,2.2925,2.4884,2.6991,1e-12,24.675,4.0571e-12,0.3204,41.03157,-70.88119
AE2426,004,13,2024-11-07 08:42:30+00:00,32.2912,32.2864,23.7417,23.7379,1023.81,1023.8062,238.827,248.175,249.22321,15.6551,15.6555,1505.85,1505.85,15.475,15.354,15709.0,654.5,15.6575,15.6579,40.541669,40.536672,0.3342,91.9886,2.2956,2.4913,2.6682,1e-12,25.204,3.9716e-12,0.3004,41.03159,-70.88116
AE2426,004,14,2024-11-07 08:42:38+00:00,32.2908,32.2864,23.7415,23.7379,1023.808,1023.8044,239.0,247.927,249.22565,15.6548,15.6556,1505.85,1505.84,15.073,14.956,15912.0,662.958,15.6571,15.6579,40.540729,40.536518,0.3013,92.7456,2.297,2.4894,2.5462,1e-12,24.741,4.0473e-12,0.2521,41.03158,-70.88112
AE2426,004,15,2024-11-07 08:44:32+00:00,32.2899,32.2853,23.7419,23.7382,1023.7515,1023.7478,235.455,247.898,249.26109,15.6498,15.6503,1505.61,1505.61,2.17,2.153,18648.0,776.958,15.6502,15.6506,40.527936,40.523139,0.2984,92.8111,2.2729,2.4921,2.4234,1.2419,24.708,5.0365,0.2952,41.03163,-70.88082
AE2426,004,16,2024-11-07 08:44:42+00:00,32.2899,32.2852,23.7418,23.7381,1023.7547,1023.751,235.732,247.785,249.25964,15.65,15.6505,1505.62,1505.62,2.91,2.887,18875.0,786.417,15.6505,15.6509,40.528509,40.52367,0.3004,92.7637,2.2748,2.491,2.6004,0.99955,25.27,3.9637,0.2954,41.03166,-70.88078
AE2426,004,17,2024-11-07 08:44:53+00:00,32.2898,32.2852,23.742,23.7384,1023.755,1023.7514,235.826,248.236,249.26465,15.649,15.649,1505.62,1505.61,2.942,2.919,19139.0,797.417,15.6495,15.6494,40.527518,40.522267,0.298,92.8212,2.2755,2.4946,2.421,1.1272,25.37,4.4385,0.3151,41.03167,-70.88075
AE2426,004,18,2024-11-07 08:45:00+00:00,32.2899,32.2851,23.742,23.7382,1023.7558,1023.7521,236.252,247.516,249.26386,15.6491,15.6495,1505.62,1505.62,3.134,3.11,19321.0,805.0,15.6496,15.6499,40.527754,40.522691,0.3003,92.7675,2.2787,2.4888,2.3021,1.2706,27.553,4.6291,0.2993,41.03168,-70.88073
AE2426,004,19,2024-11-07 08:45:10+00:00,32.2899,32.2851,23.7418,23.738,1023.7524,1023.7486,236.031,248.376,249.25955,15.6501,15.6507,1505.61,1505.61,2.418,2.399,19570.0,815.375,15.6505,15.6511,40.528273,40.523436,0.2985,92.81,2.2772,2.4959,2.4234,1.0511,24.94,4.2161,0.3177,41.03166,-70.88072
AE2426,004,20,2024-11-07 08:45:19+00:00,32.2898,32.285,23.7417,23.7379,1023.7549,1023.7511,236.834,248.03,249.2599,15.65,15.6507,1505.62,1505.62,2.988,2.964,19785.0,824.333,15.6505,15.6512,40.528376,40.523655,0.294,92.9143,2.2831,2.493,2.672,1.1034,25.072,4.3912,0.254,41.03168,-70.88068
AE2426,004,21,2024-11-07 08:45:28+00:00,32.2898,32.2852,23.7418,23.738,1023.7531,1023.7494,236.521,248.285,249.26048,15.6499,15.6509,1505.62,1505.61,2.57,2.55,19996.0,833.125,15.6503,15.6512,40.52812,40.523788,0.3014,92.743,2.2808,2.4951,2.7818,1.1241,24.543,4.5858,0.3134,41.03168,-70.88065
AE2426,004,22,2024-11-07 08:45:36+00:00,32.2898,32.285,23.7417,23.7377,1023.7538,1023.7498,236.395,248.134,249.25863,15.6503,15.6518,1505.62,1505.62,2.743,2.722,20184.0,840.958,15.6507,15.6522,40.528526,40.52458,0.3064,92.6259,2.2799,2.4939,2.5396,1.1899,26.296,4.5187,0.3106,41.03168,-70.88063
AE2426,004,23,2024-11-07 08:45:45+00:00,32.2899,32.2852,23.7418,23.738,1023.7537,1023.75,237.056,248.455,249.25935,15.6501,15.6509,1505.62,1505.62,2.7,2.679,20398.0,849.875,15.6505,15.6513,40.528437,40.523935,0.3068,92.618,2.2849,2.4965,2.6711,1.1492,24.741,4.6191,0.3166,41.03168,-70.8806
AE2426,004,24,2024-11-07 08:45:53+00:00,32.2899,32.2852,23.7417,23.7377,1023.7537,1023.7497,236.756,248.017,249.2575,15.6505,15.6523,1505.62,1505.62,2.72,2.699,20597.0,858.167,15.6509,15.6527,40.528813,40.525191,0.3025,92.7164,2.2826,2.493,2.8657,0.96577,25.27,3.8367,0.2889,41.0317,-70.88058
AE2426,005,1,2024-11-07 13:12:44+00:00,34.2526,34.2486,25.1086,25.1055,1025.4266,1025.4236,151.544,156.837,242.88651,16.2802,16.28,1511.03,1511.02,72.565,71.993,11194.0,466.375,16.2917,16.2916,43.381073,43.376492,0.8779,80.2949,1.66,1.7828,0.1954,0.044277,687.93,0.0064367,0.5976,40.51322,-70.88278
AE2426,005,2,2024-11-07 13:13:02+00:00,34.2531,34.2512,25.1088,25.1071,1025.4276,1025.4258,151.36,156.567,242.88314,16.2807,16.2822,1511.03,1511.04,72.729,72.155,11605.0,483.5,16.2922,16.2937,43.382239,43.381608,0.8901,80.0497,1.6586,1.7806,0.1771,0.045208,702.25,0.0064369,0.6284,40.51324,-70.88277
AE2426,005,3,2024-11-07 13:15:01+00:00,33.8244,33.8208,24.3394,24.3425,1024.5791,1024.5822,193.277,199.538,235.19816,18.1323,18.1084,1515.78,1515.71,55.03,54.599,14478.0,603.208,18.1417,18.1178,44.68122,44.653585,0.0115,99.711,2.0356,2.191,0.2371,0.49731,629.02,0.079062,0.3972,40.51342,-70.8826
AE2426,005,4,2024-11-07 13:15:10+00:00,33.8208,33.8198,24.3442,24.3385,1024.5844,1024.5786,193.244,199.838,235.34052,18.1012,18.1215,1515.69,1515.75,55.129,54.697,14679.0,611.583,18.1106,18.1309,44.646654,44.665224,0.0066,99.8339,2.0343,2.1925,0.2063,0.49608,632.76,0.078401,0.4209,40.51344,-70.8826
AE2426,005,5,2024-11-07 13:15:18+00:00,33.8216,33.8185,24.35,24.3496,1024.5908,1024.5905,193.708,199.71,235.42927,18.0807,18.0721,1515.63,1515.6,55.292,54.859,14868.0,619.458,18.0901,18.0815,44.627784,44.6157,0.0046,99.886,2.0374,2.1907,0.2077,0.48434,619.79,0.078147,0.4179,40.51344,-70.8826
AE2426,005,6,2024-11-07 13:15:34+00:00,33.8302,33.8444,24.3506,24.3597,1024.5922,1024.6013,193.332,199.098,235.30876,18.105,18.1117,1515.72,1515.75,55.473,55.038,15274.0,636.375,18.1144,18.1212,44.661655,44.684986,0.0065,99.8365,2.0352,2.1864,0.228,0.48356,622.87,0.077634,0.3973,40.51347,-70.88257
AE2426,005,7,2024-11-07 13:17:20+00:00,32.8533,32.8497,23.9954,23.9926,1024.1583,1024.1555,233.877,241.566,244.46215,16.4467,16.4469,1509.32,1509.32,37.082,36.793,17817.0,742.333,16.4526,16.4528,41.928317,41.924414,0.0941,97.6756,2.2894,2.4719,1.3982,3.2102,672.38,0.47743,0.2832,40.51366,-70.8824
AE2426,005,8,2024-11-07 13:17:30+00:00,32.8535,32.8496,23.9954,23.9927,1024.1589,1024.1562,233.748,241.606,244.45728,16.4477,16.4463,1509.33,1509.32,37.232,36.942,18036.0,751.458,16.4536,16.4522,41.929532,41.923819,0.0864,97.8623,2.2884,2.4722,1.2943,3.2229,697.39,0.46214,0.2563,40.51368,-70.8824
AE2426,005,9,2024-11-07 13:17:39+00:00,32.8535,32.8501,23.9955,23.9928,1024.1609,1024.1582,233.957,241.586,244.45987,16.4471,16.4472,1509.33,1509.33,37.654,37.36,18257.0,760.667,16.453,16.4532,41.929181,41.925379,0.0926,97.7107,2.2899,2.4719,1.2178,3.0465,692.09,0.44021,0.292,40.51372,-70.88242
AE2426,005,10,2024-11-07 13:17:51+00:00,32.853,32.8493,23.9954,23.9927,1024.16,1024.1573,234.305,241.594,244.4672,16.4457,16.445,1509.33,1509.32,37.474,37.182,18543.0,772.583,16.4516,16.4509,41.927211,41.922268,0.0911,97.7485,2.2926,2.4719,1.1936,3.0846,688.89,0.44776,0.2852,40.51374,-70.88237
AE2426,005,11,2024-11-07 13:19:31+00:00,32.8388,32.8354,23.9911,23.9884,1024.0802,1024.0775,234.45,242.198,244.64086,16.4167,16.4174,1508.93,1508.93,20.272,20.115,20954.0,873.042,16.4199,16.4206,41.873827,41.870738,0.1047,97.417,2.2962,2.4797,1.4037,18.157,784.55,2.3143,0.3053,40.51399,-70.88226
AE2426,005,12,2024-11-07 13:19:38+00:00,32.8376,32.8343,23.9908,23.9883,1024.0804,1024.0778,234.353,241.906,244.6535,16.4144,16.4145,1508.92,1508.92,20.395,20.237,21131.0,880.417,16.4176,16.4177,41.87046,41.866763,0.1076,97.3458,2.2953,2.4771,1.2867,18.186,831.15,2.1881,0.2879,40.514,-70.88224
AE2426,005,13,2024-11-07 13:21:43+00:00,32.8347,32.8317,23.9879,23.986,1024.0041,1024.0022,234.711,242.865,244.65738,16.4172,16.4153,1508.64,1508.63,3.68,3.651,24114.0,1004.708,16.4178,16.4159,41.860274,41.854964,0.1062,97.3808,2.3018,2.4891,1.0362,194.8,713.53,27.301,0.296,40.51402,-70.8821
AE2426,005,14,2024-11-07 13:21:50+00:00,32.8347,32.8313,23.9878,23.9849,1024.003,1024.0001,234.774,241.884,244.65417,16.418,16.4191,1508.64,1508.64,3.471,3.444,24291.0,1012.083,16.4185,16.4197,41.860838,41.858075,0.1075,97.3495,2.3024,2.4811,1.0886,206.9,716.87,28.86,0.2938,40.51402,-70.88209
AE2426,005,15,2024-11-07 13:21:58+00:00,32.8347,32.8315,23.9871,23.9838,1024.0025,1023.9992,234.226,242.615,244.63997,16.421,16.4244,1508.65,1508.66,3.508,3.481,24471.0,1019.583,16.4215,16.4249,41.863655,41.863191,0.1385,96.6015,2.2982,2.4872,1.0657,211.27,720.55,29.32,0.2874,40.51404,-70.88208
AE2426,005,16,2024-11-07 13:22:05+00:00,32.8345,32.8315,23.9863,23.9839,1024.0031,1024.0006,234.494,242.109,244.62902,16.4233,16.424,1508.66,1508.66,3.807,3.777,24658.0,1027.375,16.4239,16.4246,41.865774,41.863024,0.1066,97.3702,2.3003,2.4831,1.0305,195.37,725.8,26.919,0.2824,40.51404,-70.88206
AE2426,006,1,2024-11-08 04:44:13+00:00,36.2309,36.2285,25.1413,25.1384,1025.3591,1025.3563,162.065,167.382,215.69562,22.0434,22.0466,1529.21,1529.22,50.906,50.511,23226.0,967.708,22.0535,22.0567,51.601088,51.601394,-0.0462,101.1617,1.9091,2.0509,0.5295,7.5173e-06,27.95,2.7076e-05,0.4424,39.77325,-70.8841
AE2426,006,2,2024-11-08 04:44:34+00:00,36.2354,36.2342,25.1362,25.1336,1025.3541,1025.3515,162.455,167.813,215.57769,22.0731,22.0791,1529.29,1529.31,50.926,50.531,23729.0,988.667,22.0832,22.0892,51.638214,51.643085,-0.0451,101.1335,1.9134,2.0558,0.6236,1.0934e-05,26.064,4.172e-05,0.4642,39.77318,-70.88414
AE2426,006,3,2024-11-08 04:45:01+00:00,36.2284,36.2233,25.1288,25.1262,1025.3453,1025.3428,163.164,168.448,215.55955,22.0806,22.076,1529.3,1529.28,50.621,50.228,24359.0,1014.917,22.0907,22.0861,51.637125,51.625745,-0.0455,101.1437,1.9197,2.0619,0.591,1.5718e-05,25.833,6.0498e-05,0.4258,39.7731,-70.8842
AE2426,006,4,2024-11-08 04:45:17+00:00,36.2293,36.2295,25.1289,25.1283,1025.3461,1025.3456,163.525,168.568,215.54973,22.0828,22.0851,1529.31,1529.32,50.79,50.395,24764.0,1031.792,22.093,22.0952,51.640786,51.643393,-0.0439,101.1043,1.9229,2.063,0.4931,1.5035e-05,26.296,5.8232e-05,0.4405,39.77304,-70.88424
AE2426,006,5,2024-11-08 04:46:33+00:00,35.903,35.8992,24.4483,24.4457,1024.5558,1024.5532,196.601,201.943,210.51866,23.5836,23.5828,1532.34,1532.34,25.242,25.048,26580.0,1107.458,23.5889,23.5881,52.79514,52.789391,-0.0117,100.2935,2.2603,2.4248,0.6128,0.059111,25.072,0.23615,0.2644,39.77277,-70.88438
AE2426,006,6,2024-11-08 04:46:51+00:00,35.9057,35.9022,24.4488,24.4459,1024.5572,1024.5544,196.298,202.956,210.49581,23.5889,23.5899,1532.36,1532.36,25.46,25.264,27015.0,1125.583,23.5942,23.5952,52.804426,52.800956,-0.0121,100.3036,2.2577,2.4346,0.5804,0.1141,26.23,0.43563,0.2624,39.77272,-70.88442
AE2426,006,7,2024-11-08 04:47:06+00:00,35.9065,35.9048,24.4492,24.4452,1024.5578,1024.5538,196.51,202.706,210.49129,23.5899,23.599,1532.37,1532.39,25.498,25.302,27373.0,1140.5,23.5952,23.6043,52.806557,52.813999,-0.0081,100.2041,2.2597,2.4323,0.5886,0.15723,26.329,0.59821,0.2357,39.77266,-70.88442
AE2426,006,8,2024-11-08 04:47:18+00:00,35.909,35.906,24.449,24.4463,1024.557,1024.5543,196.351,202.151,210.46282,23.5969,23.5984,1532.39,1532.39,25.368,25.172,27654.0,1152.208,23.6022,23.6037,52.817128,52.81489,-0.0117,100.293,2.2585,2.4273,0.5675,0.17581,25.204,0.69825,0.261,39.77262,-70.88446
AE2426,006,9,2024-11-08 04:47:33+00:00,35.9081,35.905,24.4485,24.4452,1024.5567,1024.5534,196.339,202.934,210.46728,23.596,23.5994,1532.38,1532.39,25.399,25.204,28013.0,1167.167,23.6013,23.6047,52.815003,52.814584,-0.0117,100.2941,2.2584,2.4347,0.5664,0.18849,31.29,0.60282,0.2376,39.77256,-70.8845
AE2426,006,10,2024-11-08 04:47:45+00:00,35.9097,35.9051,24.4484,24.445,1024.5568,1024.5534,196.434,202.432,210.44802,23.6007,23.6004,1532.4,1532.39,25.451,25.255,28302.0,1179.208,23.606,23.6057,52.822177,52.815823,-0.0106,100.2643,2.2594,2.4301,0.5659,0.1927,28.777,0.67028,0.1856,39.77252,-70.8845
AE2426,006,11,2024-11-08 04:49:28+00:00,35.9118,35.9075,24.4509,24.4481,1024.4634,1024.4606,196.399,202.386,210.4733,23.5976,23.5962,1532.0,1532.0,2.948,2.926,30768.0,1281.958,23.5983,23.5968,52.806787,52.799681,-0.0106,100.2642,2.2637,2.4347,0.6704,1.4438,27.156,5.3178,0.2739,39.77214,-70.8847
AE2426,006,12,2024-11-08 04:49:40+00:00,35.9116,35.9075,24.4518,24.4484,1024.4645,1024.4611,196.785,202.68,210.48654,23.594,23.5949,1531.99,1531.99,2.96,2.937,31076.0,1294.792,23.5946,23.5955,52.80277,52.798369,-0.0099,100.2483,2.267,2.4374,0.6426,1.8571,27.321,6.804,0.2694,39.7721,-70.88474
AE2426,006,13,2024-11-08 04:49:53+00:00,35.911,35.9071,24.4481,24.4446,1024.4613,1024.4578,196.72,203.045,210.4475,23.6051,23.607,1532.02,1532.02,3.107,3.083,31386.0,1307.708,23.6057,23.6076,52.813831,52.810643,-0.0111,100.2775,2.2667,2.4412,0.6454,1.7517,26.825,6.5277,0.2786,39.77206,-70.88474
AE2426,006,14,2024-11-08 04:50:12+00:00,35.9113,35.907,24.4501,24.447,1024.4626,1024.4595,196.499,202.445,210.46868,23.5991,23.5985,1532.01,1532.0,2.937,2.915,31842.0,1326.708,23.5997,23.5992,52.807712,52.801548,-0.0104,100.26,2.2646,2.4353,0.6574,1.6631,27.487,6.0455,0.1998,39.772,-70.88477
AE2426,006,15,2024-11-08 04:50:26+00:00,35.912,35.9079,24.4525,24.4486,1024.4652,1024.4613,196.622,202.795,210.49081,23.5927,23.5954,1531.99,1531.99,2.978,2.955,32176.0,1340.625,23.5933,23.596,52.80183,52.799329,-0.0097,100.2414,2.2655,2.4384,0.5976,1.5243,27.222,5.6108,0.2126,39.77194,-70.88479
AE2426,006,16,2024-11-08 04:50:36+00:00,35.9118,35.908,24.4514,24.4469,1024.4635,1024.4591,196.713,202.323,210.47988,23.5958,23.6012,1532.0,1532.01,2.847,2.825,32416.0,1350.625,23.5964,23.6018,52.804815,52.805532,-0.0098,100.2451,2.2664,2.434,0.6583,1.3569,27.255,4.9781,0.1996,39.7719,-70.88481
AE2426,006,17,2024-11-08 04:50:47+00:00,35.9115,35.9074,24.4478,24.4439,1024.46,1024.4561,196.573,202.984,210.43825,23.6075,23.6103,1532.03,1532.03,2.865,2.843,32686.0,1361.875,23.6081,23.6109,52.816928,52.81451,-0.0101,100.2536,2.2656,2.4408,0.6831,1.649,27.123,6.0907,0.252,39.77187,-70.88482
AE2426,006,18,2024-11-08 04:50:57+00:00,35.9118,35.9072,24.4502,24.4461,1024.4623,1024.4582,196.57,202.959,210.46484,23.6,23.6021,1532.01,1532.01,2.839,2.817,32911.0,1371.25,23.6006,23.6027,52.809264,52.805449,-0.0104,100.259,2.2653,2.4403,0.6535,1.6757,27.156,6.1907,0.259,39.77184,-70.88484
AE2426,007,1,2024-11-08 06:46:48+00:00,36.2376,36.2315,25.2934,25.2889,1025.5524,1025.5479,159.751,165.141,217.66846,21.5185,21.5178,1528.0,1527.99,60.426,59.956,34386.0,1432.708,21.5303,21.5297,51.060294,51.051939,-0.0415,101.0436,1.8741,2.0141,0.5565,1.3668e-06,25.138,5.622e-06,0.5097,39.77176,-70.78014
AE2426,007,2,2024-11-08 06:47:06+00:00,36.2297,36.226,25.2886,25.2855,1025.5473,1025.5442,160.145,165.634,217.69742,21.5139,21.5149,1527.98,1527.98,60.339,59.869,34809.0,1450.333,21.5257,21.5267,51.045489,51.041863,-0.041,101.0309,1.8774,2.0184,0.5916,1e-12,24.741,4.0451e-12,0.4745,39.77174,-70.78018
AE2426,008,1,2024-11-08 08:27:13+00:00,36.3564,36.3529,25.1213,25.1172,1025.3803,1025.3762,162.182,167.58,213.99662,22.4493,22.4543,1530.57,1530.58,60.632,60.161,33225.0,1384.333,22.4616,22.4665,52.198228,52.198975,-0.0512,101.2894,1.9202,2.0636,0.421,1.4351e-05,25.899,5.5324e-05,0.4804,39.76992,-71.00091
AE2426,010,1,2024-11-08 10:50:34+00:00,34.951,34.9483,27.5919,27.5898,1029.9049,1029.9029,217.822,225.876,304.49132,5.3747,5.3743,1480.63,1480.63,504.167,499.705,20056.0,835.625,5.4168,5.4164,34.019627,34.016928,-0.1001,102.5353,1.733,1.8728,-0.0009,3.4169e-06,26.197,1.3177e-05,1.1549,39.7713,-70.8858
AE2426,010,2,2024-11-08 10:50:43+00:00,34.9504,34.9481,27.5914,27.5896,1029.9053,1029.9035,217.769,226.12,304.48899,5.3752,5.375,1480.64,1480.63,504.36,499.896,20282.0,845.042,5.4174,5.4172,34.019673,34.017522,-0.1004,102.5422,1.7327,1.8743,-0.0004,3.4169e-06,26.527,1.3021e-05,1.1459,39.77128,-70.88584
AE2426,010,3,2024-11-08 10:55:59+00:00,35.1646,35.1615,27.2855,27.2836,1028.653,1028.6512,139.632,144.933,281.58271,8.7604,8.7568,1490.62,1490.61,302.813,300.28,27856.0,1160.625,8.7931,8.7895,37.245845,37.239538,-0.0911,102.3039,1.3836,1.4847,-0.0003,1.3668e-06,27.09,5.1155e-06,1.3261,39.77088,-70.88626
AE2426,010,4,2024-11-08 10:56:12+00:00,35.1644,35.1617,27.2862,27.2845,1028.6546,1028.653,139.688,145.052,281.61542,8.7551,8.7523,1490.61,1490.59,303.006,300.47,28160.0,1173.292,8.7879,8.785,37.240872,37.235593,-0.0904,102.2858,1.3838,1.4854,0.0023,3.4169e-06,27.189,1.2401e-05,1.3351,39.77087,-70.88628
AE2426,010,5,2024-11-08 11:00:59+00:00,35.4933,35.4893,26.6672,26.6648,1027.2001,1027.1977,162.006,167.423,254.19373,13.5282,13.525,1504.57,1504.55,120.466,119.51,35055.0,1460.583,13.5452,13.5421,42.071204,42.063918,-0.086,102.1725,1.6738,1.7977,0.0187,3.4169e-06,29.438,1.1864e-05,0.8449,39.77048,-70.88672
AE2426,010,6,2024-11-08 11:04:14+00:00,35.9563,35.9531,26.3249,26.3205,1026.7314,1026.7269,149.359,154.654,238.23265,16.6791,16.6873,1514.55,1514.58,93.137,92.404,39729.0,1655.333,16.6944,16.7025,45.721282,45.725938,-0.0706,101.7799,1.6631,1.7867,0.1109,0.026739,31.456,0.085031,0.7485,39.77024,-70.88708
AE2426,010,7,2024-11-08 11:06:57+00:00,36.1602,36.1579,25.0097,24.9696,1025.2565,1025.2163,167.774,174.027,214.7631,22.3179,22.4524,1529.96,1530.31,57.739,57.29,43640.0,1818.292,22.3295,22.4641,51.806639,51.946315,-0.0453,101.1383,1.9644,2.1184,0.6257,0.14301,34.168,0.41941,0.4671,39.77002,-70.88742
AE2426,010,8,2024-11-08 11:07:05+00:00,36.1577,36.1363,24.9803,24.9276,1025.2262,1025.1734,169.075,175.621,214.40739,22.4145,22.5421,1530.21,1530.51,57.543,57.095,43852.0,1827.125,22.4261,22.5538,51.905685,52.013778,-0.0444,101.1165,1.9784,2.1361,0.6465,0.15286,33.738,0.45338,0.4435,39.77,-70.88741
AE2426,010,9,2024-11-08 11:07:15+00:00,36.1549,36.1437,24.9458,24.9278,1025.1917,1025.1737,169.487,175.182,213.99122,22.5277,22.5609,1530.5,1530.57,57.559,57.111,44089.0,1837.0,22.5394,22.5726,52.0223,52.043152,-0.0436,101.0963,1.9851,2.1352,0.6157,0.15221,33.374,0.45639,0.4333,39.76998,-70.88742
AE2426,010,10,2024-11-08 11:07:27+00:00,36.1443,36.1525,24.9382,24.9498,1025.1828,1025.1945,169.469,174.71,214.01127,22.5264,22.5072,1530.48,1530.44,57.259,56.814,44373.0,1848.833,22.538,22.5188,52.007135,51.997264,-0.0443,101.1128,1.9848,2.1307,0.6513,0.16272,34.466,0.47252,0.4272,39.76996,-70.88744
AE2426,010,11,2024-11-08 11:07:36+00:00,36.1519,36.142,24.9518,24.9376,1025.1976,1025.1833,170.03,175.392,214.10254,22.4988,22.5224,1530.42,1530.47,57.519,57.072,44596.0,1858.125,22.5104,22.534,51.987784,52.000048,-0.0442,101.1107,1.989,2.1363,0.69,0.16815,33.738,0.49861,0.4128,39.76996,-70.88748
AE2426,010,12,2024-11-08 11:07:48+00:00,36.1468,36.1545,24.9382,24.9497,1025.1843,1025.1958,170.136,175.461,213.98455,22.5326,22.5128,1530.5,1530.46,57.594,57.146,44886.0,1870.208,22.5443,22.5245,52.017067,52.005941,-0.043,101.0798,1.9908,2.1379,0.6046,0.16945,33.838,0.50113,0.4258,39.76994,-70.8875
AE2426,010,13,2024-11-08 11:10:32+00:00,36.1299,36.1258,24.4855,24.4822,1024.664,1024.6606,193.508,200.344,208.57941,24.0386,24.0396,1534.01,1534.01,41.971,41.646,48811.0,2033.75,24.0475,24.0485,53.588059,53.583756,-0.0288,100.7228,2.2458,2.424,0.4969,0.28858,37.343,0.7732,0.3288,39.76972,-70.8877
AE2426,010,14,2024-11-08 11:10:52+00:00,36.1317,36.1276,24.4852,24.4816,1024.6651,1024.6615,193.553,200.372,208.55561,24.0445,24.046,1534.03,1534.03,42.322,41.994,49292.0,2053.792,24.0535,24.055,53.597134,53.593283,-0.0311,100.7813,2.2463,2.4244,0.4971,0.28277,37.939,0.74594,0.2853,39.7697,-70.88773
AE2426,010,15,2024-11-08 11:11:03+00:00,36.132,36.1279,24.4854,24.4819,1024.6642,1024.6607,193.887,199.868,208.55574,24.0445,24.0457,1534.03,1534.03,42.05,41.725,49546.0,2064.375,24.0534,24.0546,53.597214,53.593023,-0.0326,100.8202,2.2494,2.4196,0.5452,0.29041,38.369,0.75787,0.2347,39.76968,-70.88772
AE2426,010,16,2024-11-08 11:12:41+00:00,36.1375,36.1329,24.4843,24.4798,1024.5691,1024.5646,193.546,199.917,208.50252,24.0622,24.0657,1533.7,1533.7,19.935,19.782,51906.0,2162.708,24.0664,24.0699,53.608726,53.60634,-0.0316,100.7936,2.2515,2.4257,0.4617,0.82036,42.834,1.9206,0.2049,39.76958,-70.88789
AE2426,010,17,2024-11-08 11:12:51+00:00,36.1378,36.1343,24.4847,24.481,1024.5695,1024.5658,193.633,200.181,208.50393,24.0617,24.0651,1533.7,1533.7,19.941,19.788,52155.0,2173.083,24.0659,24.0694,53.608562,53.607625,-0.0302,100.7579,2.2523,2.4283,0.4805,0.85556,41.545,2.0604,0.2641,39.76956,-70.88791
AE2426,010,18,2024-11-08 11:14:58+00:00,36.136,36.132,24.489,24.4854,1024.4999,1024.4962,193.765,199.739,208.58709,24.0425,24.0446,1533.35,1533.35,2.544,2.525,55185.0,2299.333,24.0431,24.0451,53.574123,53.57098,-0.0296,100.7425,2.2564,2.4273,0.4602,6.3848,47.068,13.572,0.2107,39.76941,-70.88813
AE2426,010,19,2024-11-08 11:15:05+00:00,36.1363,36.1327,24.4885,24.4849,1024.5005,1024.4968,193.686,199.605,208.57741,24.0451,24.0482,1533.36,1533.36,2.819,2.797,55364.0,2306.792,24.0457,24.0488,53.577435,53.575956,-0.0271,100.6798,2.2557,2.426,0.4853,6.4603,46.737,13.829,0.2917,39.7694,-70.88813
AE2426,010,20,2024-11-08 11:15:13+00:00,36.1368,36.1326,24.488,24.4838,1024.5005,1024.4963,193.875,199.767,208.56634,24.048,24.0513,1533.37,1533.37,2.939,2.916,55552.0,2314.625,24.0487,24.052,53.5813,53.579303,-0.0264,100.6622,2.2575,2.4276,0.5086,6.1892,47.134,13.132,0.283,39.7694,-70.88814
AE2426,010,21,2024-11-08 11:15:21+00:00,36.1364,36.1325,24.4891,24.4847,1024.5002,1024.4959,193.451,200.289,208.58315,24.0435,24.0481,1533.35,1533.36,2.628,2.608,55740.0,2322.458,24.044,24.0487,53.575712,53.575555,-0.029,100.7276,2.2536,2.4326,0.5701,6.6946,47.002,14.261,0.2495,39.76938,-70.88816
AE2426,010,22,2024-11-08 11:15:30+00:00,36.1358,36.1324,24.4884,24.485,1024.5005,1024.4971,193.325,200.05,208.58113,24.0442,24.0467,1533.35,1533.36,2.847,2.826,55958.0,2331.542,24.0448,24.0473,53.575858,53.574003,-0.0303,100.7606,2.2524,2.4303,0.5599,5.6325,47.333,11.906,0.2479,39.76938,-70.88818
AE2426,010,23,2024-11-08 11:15:38+00:00,36.136,36.1322,24.4886,24.4852,1024.5001,1024.4968,193.54,199.545,208.58124,24.0442,24.0457,1533.35,1533.35,2.721,2.7,56154.0,2339.708,24.0447,24.0463,53.575967,53.572565,-0.0283,100.7106,2.2544,2.4254,0.5197,5.5083,48.094,11.457,0.246,39.76937,-70.8882
AE2426,010,24,2024-11-08 11:15:46+00:00,36.1359,36.1321,24.489,24.4844,1024.5015,1024.4969,193.928,199.918,208.5875,24.0424,24.0483,1533.35,1533.36,2.951,2.929,56344.0,2347.625,24.043,24.049,53.574029,53.575469,-0.0269,100.6766,2.2578,2.4289,0.5628,5.6276,48.491,11.611,0.212,39.76935,-70.88822
AE2426,011,1,2024-11-08 18:05:52+00:00,34.9778,34.9753,27.5951,27.5932,1029.6576,1029.6557,213.493,221.709,303.40757,5.5227,5.522,1480.35,1480.34,449.66,445.733,21355.0,889.75,5.5607,5.56,34.149522,34.146672,-0.0798,102.0166,1.7219,1.8624,-0.0021,9.5674e-06,2031.0,4.7108e-07,1.1511,39.93517,-70.87363
AE2426,011,2,2024-11-08 18:06:02+00:00,34.9776,34.9752,27.595,27.5931,1029.6533,1029.6514,213.553,221.685,303.41292,5.5221,5.5226,1480.33,1480.33,448.744,444.826,21609.0,900.333,5.56,5.5605,34.148315,34.146672,-0.0796,102.0097,1.7224,1.8624,0.0029,1.0251e-05,2037.8,5.0296e-07,1.1436,39.93513,-70.87351
AE2426,011,3,2024-11-08 18:10:52+00:00,35.1324,35.1286,27.3333,27.3329,1028.7492,1028.7488,152.472,158.177,284.5705,8.293,8.2763,1489.01,1488.94,312.797,310.168,28578.0,1190.708,8.3257,8.309,36.781227,36.762008,-0.063,101.5889,1.4528,1.5612,0.0036,6.1505e-06,2024.3,3.0438e-07,1.273,39.93371,-70.87126
AE2426,011,4,2024-11-08 18:14:42+00:00,35.7645,35.7614,26.8743,26.8723,1027.7897,1027.7877,134.21,139.154,253.57947,13.5417,13.5402,1506.41,1506.4,207.241,205.551,34074.0,1419.708,13.5713,13.5698,42.423319,42.418613,-0.0912,102.305,1.4634,1.5696,-0.0037,4.7837e-06,2019.2,2.3688e-07,1.0628,39.93241,-70.86966
AE2426,011,5,2024-11-08 18:19:39+00:00,36.0508,36.055,26.2075,26.2074,1026.5149,1026.5147,171.474,177.147,234.56073,17.4701,17.484,1516.64,1516.69,70.648,70.095,41212.0,1717.125,17.4821,17.4959,46.624337,46.643451,-0.0761,101.9225,1.862,2.0019,0.1007,2.0781,2009.5,0.10341,0.5828,39.93067,-70.86781
AE2426,011,6,2024-11-08 18:21:15+00:00,35.6357,35.6217,25.6287,25.6236,1025.8603,1025.8552,172.234,177.524,230.66976,18.5217,18.4994,1518.94,1518.86,53.398,52.983,43517.0,1813.167,18.5311,18.5087,47.207161,47.167695,-0.0601,101.5149,1.8956,2.0347,0.2591,5.8638,1998.1,0.29347,0.5212,39.93008,-70.86716
AE2426,011,7,2024-11-08 18:21:23+00:00,35.7859,35.7652,25.7183,25.7054,1025.952,1025.9391,171.809,177.726,230.00817,18.6225,18.6106,1519.4,1519.35,53.924,53.504,43703.0,1820.917,18.632,18.6201,47.488214,47.451489,-0.0614,101.5469,1.8962,2.0408,0.2166,5.5214,2001.6,0.27585,0.4905,39.93004,-70.86712
AE2426,011,8,2024-11-08 18:21:30+00:00,35.6759,35.678,25.6603,25.6604,1025.8931,1025.8932,171.09,177.408,230.62123,18.5184,18.5244,1518.98,1519.0,53.677,53.259,43885.0,1828.5,18.5279,18.5338,47.251326,47.259966,-0.0568,101.4304,1.8866,2.034,0.2588,5.7133,2008.8,0.28442,0.4961,39.93,-70.86706
AE2426,011,9,2024-11-08 18:21:38+00:00,35.676,35.6429,25.6511,25.6295,1025.8837,1025.8621,171.522,177.289,230.46476,18.5552,18.5404,1519.08,1519.0,53.64,53.222,44080.0,1836.625,18.5646,18.5498,47.289038,47.234903,-0.0599,101.5091,1.8911,2.034,0.2482,5.7005,1999.1,0.28515,0.5171,39.92996,-70.86699
AE2426,011,10,2024-11-08 18:23:11+00:00,34.7659,34.7644,24.6045,24.602,1024.7378,1024.7353,212.046,219.732,226.18358,19.9191,19.9242,1521.52,1521.53,30.847,30.608,46301.0,1929.167,19.9247,19.9299,47.569756,47.573064,0.0172,99.57,2.2606,2.4441,0.9418,34.732,2002.1,1.7347,0.2908,39.92943,-70.86633
AE2426,011,11,2024-11-08 18:23:20+00:00,34.8035,34.7766,24.6077,24.602,1024.7419,1024.7363,211.617,219.128,225.73194,20.0158,19.9597,1521.83,1521.65,31.088,30.848,46512.0,1937.958,20.0215,19.9654,47.713437,47.623958,0.0176,99.5604,2.2607,2.4426,0.9276,33.168,1999.1,1.6592,0.3443,39.92938,-70.86625
AE2426,011,12,2024-11-08 18:23:28+00:00,34.7755,34.756,24.6084,24.6035,1024.743,1024.7382,212.199,219.885,226.11637,19.9319,19.8939,1521.57,1521.44,31.163,30.922,46703.0,1945.917,19.9376,19.8996,47.594597,47.532417,0.0173,99.5689,2.2624,2.4459,1.0255,32.228,1997.0,1.6138,0.3135,39.92934,-70.86621
AE2426,011,13,2024-11-08 18:23:38+00:00,34.8462,34.8306,24.6099,24.6062,1024.745,1024.7414,211.583,218.318,225.19932,20.1309,20.0997,1522.2,1522.1,31.309,31.067,46960.0,1956.625,20.1367,20.1055,47.882389,47.831794,0.0185,99.5381,2.2647,2.4401,0.894,32.241,1998.9,1.6129,0.33,39.92928,-70.86612
AE2426,011,14,2024-11-08 18:23:50+00:00,34.7603,34.747,24.6072,24.6016,1024.7426,1024.7369,212.331,220.194,226.30109,19.8924,19.8752,1521.45,1521.38,31.328,31.086,47248.0,1968.625,19.8981,19.8809,47.536186,47.502641,0.0154,99.6157,2.2619,2.447,0.9283,32.046,1999.9,1.6024,0.3213,39.92921,-70.86604
AE2426,011,15,2024-11-08 18:23:58+00:00,34.7526,34.7408,24.6055,24.6015,1024.7416,1024.7376,212.369,219.652,226.37741,19.8765,19.8575,1521.4,1521.33,31.493,31.25,47426.0,1976.042,19.8823,19.8633,47.510965,47.477364,0.0181,99.5487,2.2616,2.4415,0.9412,31.32,1984.8,1.578,0.2378,39.92916,-70.86599
AE2426,011,16,2024-11-08 18:25:44+00:00,34.803,34.7806,24.5147,24.5061,1024.5776,1024.569,213.379,221.293,224.32949,20.3651,20.3336,1522.51,1522.4,14.581,14.469,49968.0,2081.958,20.3679,20.3363,48.056234,47.996847,0.0494,98.7721,2.2907,2.4785,0.7036,175.53,1982.8,8.8526,0.3128,39.92857,-70.86507
AE2426,011,17,2024-11-08 18:25:52+00:00,34.7032,34.6958,24.4963,24.491,1024.5573,1024.552,214.767,222.141,225.35733,20.148,20.1467,1521.8,1521.78,14.124,14.015,50162.0,2090.042,20.1506,20.1493,47.713812,47.70339,0.0489,98.7853,2.2939,2.4769,0.6603,180.49,1998.0,9.0347,0.2774,39.92852,-70.86501
AE2426,011,18,2024-11-08 18:26:00+00:00,34.6782,34.6941,24.4888,24.4887,1024.5507,1024.5506,214.739,222.935,225.57246,20.1043,20.1505,1521.65,1521.8,14.335,14.225,50348.0,2097.792,20.1069,20.1531,47.639235,47.705275,0.0478,98.8114,2.2918,2.4819,0.6586,171.66,1990.0,8.6271,0.2862,39.92848,-70.86492
AE2426,011,19,2024-11-08 18:26:09+00:00,34.4496,34.5284,24.448,24.455,1024.5103,1024.5172,217.388,225.968,228.01515,19.594,19.7979,1519.97,1520.63,14.389,14.278,50570.0,2107.042,19.5966,19.8006,46.848247,47.148141,0.0492,98.7773,2.2937,2.4868,0.6193,164.65,1985.3,8.2934,0.2703,39.92843,-70.86486
AE2426,011,20,2024-11-08 18:27:26+00:00,34.0848,34.0796,24.3759,24.3725,1024.3882,1024.3849,222.765,230.796,231.9921,18.7861,18.7836,1517.08,1517.06,2.848,2.826,52421.0,2184.167,18.7866,18.7841,45.600103,45.591479,0.0589,98.5385,2.3079,2.4965,0.3808,351.46,2001.2,17.563,0.3071,39.92804,-70.86436
AE2426,011,21,2024-11-08 18:27:33+00:00,34.0743,34.0833,24.3733,24.3732,1024.3871,1024.387,222.798,230.814,232.10112,18.7644,18.7922,1517.01,1517.1,3.169,3.145,52596.0,2191.458,18.765,18.7927,45.566399,45.604499,0.0683,98.3055,2.3072,2.4956,0.3821,874.53,1990.0,43.944,0.3299,39.92801,-70.8643
AE2426,011,22,2024-11-08 18:27:41+00:00,34.0671,34.0639,24.372,24.3691,1024.3839,1024.381,223.397,231.03,232.18464,18.7476,18.7496,1516.94,1516.95,2.733,2.712,52778.0,2199.042,18.7481,18.7501,45.541014,45.53914,0.0636,98.423,2.3115,2.4968,0.3727,1110.9,1996.5,55.627,0.3148,39.92797,-70.86426
AE2426,011,23,2024-11-08 18:27:48+00:00,34.0661,34.0613,24.3705,24.3682,1024.3835,1024.3812,223.014,230.873,232.1737,18.7505,18.7454,1516.95,1516.93,2.997,2.973,52960.0,2206.625,18.751,18.7459,45.54275,45.532035,0.0645,98.4018,2.3084,2.4955,0.3865,883.49,1986.8,44.471,0.3131,39.92794,-70.86421
AE2426,011,24,2024-11-08 18:27:56+00:00,34.0678,34.0691,24.3698,24.3704,1024.3827,1024.3833,223.201,231.533,232.1357,18.7587,18.7602,1516.98,1516.99,2.97,2.947,53140.0,2214.125,18.7593,18.7607,45.552926,45.555898,0.1344,96.6973,2.3102,2.5015,0.3748,895.89,1988.6,45.054,0.3283,39.9279,-70.86418
AE2426,012,1,2024-11-09 01:05:03+00:00,35.5482,35.5424,26.9806,26.979,1027.8661,1027.8646,135.502,140.515,261.13478,12.1781,12.1632,1501.47,1501.41,199.179,197.557,19290.0,803.708,12.2045,12.1896,40.849084,40.828587,-0.0049,100.1238,1.4434,1.5483,0.0108,3.4169e-06,26.66,1.2866e-05,1.0862,40.049,-70.88328
AE2426,012,2,2024-11-09 01:05:18+00:00,35.5468,35.5392,26.9836,26.9841,1027.8689,1027.8697,135.737,140.737,261.24924,12.1574,12.1242,1501.39,1501.27,199.137,197.515,19655.0,818.917,12.1837,12.1506,40.827341,40.787219,-0.0017,100.043,1.4446,1.5495,0.0058,2.7336e-06,28.082,1.0562e-05,1.0176,40.04895,-70.88332
AE2426,012,3,2024-11-09 01:07:42+00:00,36.1608,36.1579,26.6045,26.6025,1027.2252,1027.2232,157.156,162.624,240.24883,16.1574,16.1565,1514.04,1514.04,142.057,140.919,23109.0,962.833,16.1802,16.1793,45.449885,45.44575,-0.0901,102.2789,1.7057,1.8331,-0.007,0.0015884,26.461,0.0059876,0.7263,40.04857,-70.88368
AE2426,012,4,2024-11-09 01:07:50+00:00,36.1627,36.1599,26.6042,26.6015,1027.2224,1027.2198,156.997,162.623,240.21017,16.1652,16.1672,1514.06,1514.06,141.503,140.371,23309.0,971.167,16.1879,16.1899,45.459622,45.45849,-0.0893,102.2582,1.7048,1.8334,0.0029,0.00068801,26.561,0.0026464,0.7288,40.04854,-70.88371
AE2426,012,5,2024-11-09 01:09:45+00:00,36.3852,36.3814,26.4109,26.4117,1026.8496,1026.8505,135.04,139.747,233.05506,17.6875,17.672,1518.18,1518.13,101.013,100.214,26060.0,1085.792,17.7048,17.6893,47.253686,47.233222,-0.0878,102.2198,1.5747,1.6882,-0.0004,0.0078799,26.627,0.029561,0.7428,40.04836,-70.88391
AE2426,012,6,2024-11-09 01:09:54+00:00,36.3851,36.3826,26.4113,26.4088,1026.8486,1026.8461,135.107,139.514,233.06559,17.6852,17.6875,1518.17,1518.17,100.675,99.879,26271.0,1094.583,17.7024,17.7047,47.25093,47.250444,-0.0882,102.2299,1.5753,1.6862,0.0036,0.0097887,26.693,0.036614,0.7157,40.04834,-70.88394
AE2426,012,7,2024-11-09 01:10:03+00:00,36.384,36.3807,26.4127,26.4112,1026.8523,1026.8508,134.951,139.634,233.10647,17.6761,17.6719,1518.15,1518.13,101.196,100.396,26500.0,1104.125,17.6934,17.6892,47.240576,47.23247,-0.0884,102.2353,1.5737,1.6869,-0.0016,0.0057166,26.395,0.021467,0.7274,40.04834,-70.88393
AE2426,012,8,2024-11-09 01:11:48+00:00,35.8821,35.877,26.078,26.0753,1026.3432,1026.3406,167.97,173.507,234.83497,17.4705,17.4654,1516.28,1516.26,60.948,60.472,29018.0,1209.042,17.4808,17.4757,46.424242,46.413151,-0.0707,101.7842,1.8341,1.9711,0.1425,0.0045052,26.197,0.017344,0.5652,40.04821,-70.88413
AE2426,012,9,2024-11-09 01:12:00+00:00,35.8851,35.964,26.0749,26.0874,1026.3419,1026.3542,167.926,174.161,234.73216,17.4926,17.689,1516.36,1517.03,61.355,60.876,29305.0,1221.0,17.503,17.6994,46.450648,46.742931,-0.0721,101.8192,1.8343,1.9772,0.1135,0.0020219,25.866,0.0079318,0.5635,40.04822,-70.88414
AE2426,012,10,2024-11-09 01:12:10+00:00,35.8748,35.8752,26.0779,26.0767,1026.344,1026.3429,168.038,174.022,234.94477,17.4482,17.454,1516.21,1516.23,61.155,60.677,29543.0,1230.917,17.4585,17.4644,46.393245,46.399632,-0.0696,101.7565,1.834,1.9747,0.145,0.00026738,26.924,0.00097348,0.5435,40.0482,-70.88418
AE2426,012,11,2024-11-09 01:13:19+00:00,35.3507,35.1983,25.6423,25.3159,1025.8385,1025.5116,189.495,198.302,235.18257,17.5863,18.4341,1515.75,1518.05,45.066,44.716,31188.0,1299.458,17.5939,18.442,45.917964,46.596499,-0.0446,101.1218,2.0066,2.1822,0.4723,0.0084875,27.619,0.030494,0.4195,40.04818,-70.88415
AE2426,012,12,2024-11-09 01:13:27+00:00,35.2668,35.2748,25.4803,25.4873,1025.6785,1025.6855,183.685,194.25,233.56995,17.9841,17.9808,1516.83,1516.83,45.57,45.216,31401.0,1308.333,17.992,17.9887,46.222436,46.228516,-0.047,101.183,1.9709,2.1595,0.4037,0.0044268,25.932,0.017231,0.475,40.04819,-70.88416
AE2426,012,13,2024-11-09 01:13:35+00:00,35.2252,35.2314,25.3871,25.3984,1025.5837,1025.595,186.791,193.507,232.56156,18.2317,18.2052,1517.49,1517.42,45.245,44.893,31596.0,1316.458,18.2395,18.213,46.423627,46.404149,-0.0473,101.1894,2.0027,2.1606,0.4521,0.0050529,25.767,0.019712,0.4663,40.04817,-70.88416
AE2426,012,14,2024-11-09 01:14:58+00:00,34.7505,34.7453,24.6069,24.6039,1024.7159,1024.7128,208.397,213.691,226.43314,19.8649,19.8614,1521.25,1521.24,25.202,25.007,33567.0,1398.583,19.8695,19.866,47.492751,47.482835,0.0249,99.3795,2.2295,2.3898,1.2418,0.029082,24.873,0.117,0.333,40.04799,-70.88413
AE2426,012,15,2024-11-09 01:15:08+00:00,34.7647,34.7655,24.6104,24.6086,1024.7214,1024.7196,208.339,215.016,226.2959,19.893,19.9022,1521.36,1521.38,25.684,25.486,33813.0,1408.833,19.8977,19.9069,47.538796,47.549051,0.023,99.4258,2.23,2.4026,1.1512,0.029303,25.965,0.11288,0.3034,40.04802,-70.88406
AE2426,012,16,2024-11-09 01:15:17+00:00,34.7549,34.7551,24.6102,24.607,1024.7174,1024.7142,208.079,215.238,226.42571,19.8652,19.8778,1521.25,1521.29,24.8,24.609,34043.0,1418.417,19.8697,19.8824,47.498078,47.511178,0.0262,99.3487,2.227,2.4036,1.2124,0.030377,26.594,0.11468,0.3098,40.04798,-70.88406
AE2426,012,17,2024-11-09 01:16:17+00:00,33.6618,33.6626,24.3512,24.3498,1024.4193,1024.4178,227.53,235.287,237.97759,17.5718,17.5804,1513.27,1513.3,15.58,15.46,35469.0,1477.833,17.5744,17.583,43.922552,43.931867,0.0469,98.8342,2.2952,2.4796,0.7827,0.015306,25.734,0.059318,0.3068,40.04803,-70.88406
AE2426,012,18,2024-11-09 01:16:27+00:00,33.6471,33.6435,24.3482,24.3453,1024.4168,1024.4139,228.105,236.211,238.154,17.5378,17.538,1513.16,1513.15,15.718,15.597,35719.0,1488.25,17.5404,17.5406,43.872622,43.868547,0.0401,99.0024,2.2983,2.4858,0.8307,0.016926,25.8,0.066082,0.3069,40.04805,-70.88408
AE2426,012,19,2024-11-09 01:16:43+00:00,33.6469,33.6437,24.3486,24.3459,1024.4164,1024.4136,227.794,235.73,238.16705,17.535,17.5364,1513.14,1513.15,15.515,15.396,36108.0,1504.458,17.5376,17.539,43.869523,43.8672,0.0471,98.83,2.2958,2.4817,0.8311,0.013929,25.303,0.055484,0.2664,40.04804,-70.8841
AE2426,012,20,2024-11-09 01:17:53+00:00,33.6493,33.6466,24.3478,24.3452,1024.3625,1024.3599,227.829,236.116,238.12146,17.5463,17.5482,1512.97,1512.98,3.37,3.345,37780.0,1574.125,17.5468,17.5488,43.87614,43.87478,0.0413,98.9721,2.2991,2.4884,0.7558,1.0749,25.767,4.1848,0.3181,40.04809,-70.88417
AE2426,012,21,2024-11-09 01:18:04+00:00,33.6512,33.6481,24.3483,24.3451,1024.3615,1024.3584,228.027,236.206,238.09996,17.5504,17.5535,1512.98,1512.99,3.029,3.006,38034.0,1584.708,17.5509,17.554,43.882182,43.881462,0.043,98.929,2.3009,2.4894,0.797,0.74424,25.8,2.9055,0.2602,40.04808,-70.88418
AE2426,012,22,2024-11-09 01:18:11+00:00,33.6514,33.6492,24.349,24.3462,1024.3629,1024.3602,228.121,236.17,238.11111,17.5479,17.5523,1512.98,1512.99,3.188,3.164,38206.0,1591.875,17.5484,17.5528,43.879946,43.881686,0.0524,98.6986,2.3016,2.4889,0.8238,0.71841,25.866,2.792,0.3116,40.04809,-70.8842
AE2426,012,23,2024-11-09 01:18:19+00:00,33.651,33.6485,24.3469,24.3446,1024.3628,1024.3605,228.078,236.14,238.07925,17.555,17.5568,1513.01,1513.01,3.64,3.613,38410.0,1600.375,17.5557,17.5574,43.88668,43.885484,0.054,98.6582,2.3014,2.4889,0.7692,0.83844,25.899,3.2332,0.323,40.04811,-70.8842
AE2426,012,24,2024-11-09 01:18:29+00:00,33.6545,33.6512,24.3477,24.3449,1024.3617,1024.3589,228.191,235.959,238.03804,17.563,17.5642,1513.03,1513.03,3.201,3.176,38629.0,1609.5,17.5636,17.5647,43.898241,43.895569,0.0421,98.9534,2.3027,2.4878,0.7576,0.90236,26.064,3.4694,0.3151,40.04811,-70.88423
AE2426,015,1,2024-11-10 03:44:44+00:00,35.7623,35.7597,26.7576,26.7553,1027.281,1027.2787,142.124,147.794,250.88331,14.0888,14.0902,1506.68,1506.68,118.65,117.705,12257.0,510.667,14.1061,14.1075,42.91239,42.911026,0.1731,95.7636,1.5439,1.6616,0.0393,1e-12,26.858,3.7336e-12,0.9268,40.25658,-70.88389
AE2426,015,2,2024-11-10 03:45:23+00:00,35.7617,35.7589,26.758,26.7558,1027.2791,1027.2769,142.23,147.657,250.90382,14.0849,14.0851,1506.66,1506.65,118.133,117.191,13184.0,549.292,14.1022,14.1024,42.907663,42.904826,0.181,95.5764,1.5446,1.6605,0.0313,1e-12,27.024,3.7089e-12,0.9129,40.25658,-70.88384
AE2426,015,3,2024-11-10 03:47:18+00:00,35.4367,35.4381,26.1676,26.1687,1026.6103,1026.6114,163.075,169.284,243.94016,15.6319,15.6315,1510.88,1510.88,100.951,100.151,15962.0,665.042,15.6477,15.6472,44.086295,44.087339,-0.0352,100.884,1.7379,1.8731,0.0731,1e-12,25.667,3.8982e-12,0.599,40.25664,-70.88376
AE2426,015,4,2024-11-10 03:47:34+00:00,35.4374,35.434,26.1677,26.1658,1026.6104,1026.6085,163.239,169.351,243.93088,15.6336,15.6303,1510.89,1510.87,100.942,100.142,16347.0,681.083,15.6494,15.6461,44.088767,44.081683,-0.0371,100.9325,1.7392,1.8737,0.0758,1e-12,25.469,3.9309e-12,0.6632,40.25666,-70.88375
AE2426,015,5,2024-11-10 03:48:31+00:00,34.4613,34.4342,25.3692,25.3502,1025.7242,1025.7053,175.811,180.733,244.59653,15.8419,15.8333,1510.06,1510.0,80.886,80.249,17696.0,737.292,15.8545,15.8459,43.193611,43.154889,0.1221,96.9936,1.835,1.9659,0.1148,1e-12,25.27,3.9619e-12,0.5947,40.25668,-70.88374
AE2426,015,6,2024-11-10 03:48:42+00:00,34.4377,34.4329,25.3541,25.3498,1025.7105,1025.7061,170.37,176.906,244.70039,15.8283,15.831,1510.0,1510.0,81.192,80.552,17960.0,748.292,15.8409,15.8437,43.154092,43.151326,0.1312,96.7744,1.7929,1.9342,0.1031,1e-12,24.907,4.0204e-12,0.6056,40.25668,-70.88371
AE2426,015,7,2024-11-10 03:49:48+00:00,34.714,34.7024,24.6216,24.6177,1024.8818,1024.8779,199.061,206.837,227.13047,19.7022,19.6834,1521.36,1521.3,60.201,59.73,19560.0,814.958,19.7132,19.6943,47.305994,47.272944,-0.0453,101.1389,2.1394,2.3156,0.2265,0.014508,25.535,0.056859,0.392,40.25669,-70.88369
AE2426,015,8,2024-11-10 03:49:58+00:00,34.6898,34.6923,24.6193,24.6188,1024.8795,1024.879,200.052,207.589,227.4248,19.6399,19.6493,1521.16,1521.19,60.168,59.697,19798.0,824.875,19.6508,19.6602,47.213789,47.226304,-0.0466,101.1708,2.1453,2.3198,0.2292,0.0091587,25.8,0.035434,0.355,40.2567,-70.88368
AE2426,015,9,2024-11-10 03:50:23+00:00,34.6788,34.6712,24.6189,24.6161,1024.8799,1024.8771,200.223,207.878,227.56833,19.6092,19.5977,1521.06,1521.02,60.342,59.87,20404.0,850.125,19.6201,19.6086,47.169682,47.148885,-0.0462,101.1596,2.1456,2.3211,0.2139,0.018417,24.741,0.074438,0.4026,40.2567,-70.88366
AE2426,015,10,2024-11-10 03:51:36+00:00,34.6965,34.6935,24.5705,24.5681,1024.7684,1024.7659,207.355,214.982,226.57371,19.8467,19.8472,1521.5,1521.49,45.783,45.426,22137.0,922.333,19.8551,19.8556,47.421337,47.41818,-0.0316,100.7925,2.2153,2.3952,0.4578,0.037498,24.311,0.15437,0.3333,40.25676,-70.88358
AE2426,015,11,2024-11-10 03:51:47+00:00,34.6958,34.6881,24.5705,24.5681,1024.7663,1024.7638,207.217,215.046,226.58383,19.8446,19.8315,1521.48,1521.44,45.292,44.939,22400.0,933.292,19.8528,19.8398,47.418043,47.39553,-0.0373,100.9362,2.2142,2.3958,0.44,0.032784,24.84,0.13232,0.3324,40.25678,-70.88357
AE2426,015,12,2024-11-10 03:52:00+00:00,34.6881,34.6885,24.5701,24.5677,1024.7676,1024.7653,207.435,215.227,226.68086,19.8237,19.8338,1521.42,1521.45,45.708,45.352,22733.0,947.167,19.8321,19.8422,47.387863,47.398525,-0.0363,100.9122,2.2152,2.3965,0.4092,0.028559,24.807,0.11542,0.3494,40.25678,-70.88355
AE2426,015,13,2024-11-10 03:53:40+00:00,32.2577,32.253,23.9778,23.9755,1024.0694,1024.0671,241.699,251.145,255.3475,14.4385,14.4323,1502.03,1502.01,20.665,20.505,25127.0,1046.917,14.4414,14.4353,39.391826,39.381081,0.1771,95.6689,2.2698,2.4637,1.8481,1.3668e-06,25.27,5.2706e-06,0.3476,40.25688,-70.88348
AE2426,015,14,2024-11-10 03:53:50+00:00,32.257,32.2542,23.9775,23.975,1024.067,1024.0646,241.806,250.698,255.35579,14.4372,14.4388,1502.02,1502.02,20.195,20.039,25373.0,1057.167,14.44,14.4417,39.389579,39.388015,0.1721,95.7892,2.2707,2.4603,1.9815,6.8339e-07,25.204,2.811e-06,0.3566,40.25688,-70.88349
AE2426,015,15,2024-11-10 03:54:00+00:00,32.2547,32.2512,23.9774,23.9747,1024.0689,1024.0662,241.654,250.964,255.39964,14.4293,14.4292,1502.0,1501.99,20.644,20.485,25593.0,1066.333,14.4322,14.4321,39.38015,39.376198,0.1778,95.6524,2.2691,2.4619,1.8569,1.3668e-06,25.171,5.4463e-06,0.3448,40.25688,-70.88348
AE2426,015,16,2024-11-10 03:55:11+00:00,32.2542,32.2508,23.981,23.9776,1023.9963,1023.9929,242.168,251.157,255.51035,14.4103,14.4138,1501.64,1501.65,3.449,3.422,27302.0,1137.542,14.4108,14.4143,39.352777,39.352247,0.1776,95.6583,2.2759,2.4667,1.9297,0.9382,25.237,3.7401,0.3534,40.25688,-70.88346
AE2426,015,17,2024-11-10 03:55:23+00:00,32.2539,32.2503,23.9788,23.9751,1023.9926,1023.9888,241.717,251.446,255.46476,14.4194,14.4241,1501.67,1501.68,3.103,3.079,27585.0,1149.333,14.4198,14.4246,39.360511,39.360941,0.1729,95.77,2.273,2.4694,2.0872,0.85645,24.476,3.494,0.3428,40.25688,-70.88347
AE2426,015,18,2024-11-10 03:55:32+00:00,32.2533,32.2499,23.9765,23.9727,1023.9932,1023.9895,242.097,251.251,255.41825,14.4286,14.4338,1501.71,1501.72,3.785,3.755,27811.0,1158.75,14.4291,14.4344,39.368648,39.3697,0.1772,95.6657,2.276,2.4681,1.9095,0.96238,25.138,3.835,0.3501,40.25688,-70.88345
AE2426,015,19,2024-11-10 03:55:41+00:00,32.2533,32.2504,23.9763,23.9742,1023.9906,1023.9885,241.898,252.071,255.41422,14.4295,14.4287,1501.7,1501.7,3.24,3.215,28026.0,1167.708,14.4299,14.4292,39.369107,39.365283,0.1783,95.6412,2.2747,2.4747,2.2476,1.0308,25.039,4.1173,0.3479,40.2569,-70.88348
AE2426,015,20,2024-11-10 03:55:50+00:00,32.2539,32.2514,23.9792,23.9798,1023.9936,1023.9942,241.918,251.376,255.47131,14.418,14.4054,1501.67,1501.62,3.247,3.222,28253.0,1177.167,14.4185,14.4059,39.359441,39.345098,0.1772,95.6668,2.2744,2.4688,1.9912,1.0304,24.609,4.1886,0.3162,40.2569,-70.88348
AE2426,016,1,2024-11-10 06:41:28+00:00,35.8897,35.8877,26.7348,26.732,1027.3294,1027.3266,160.244,165.293,247.86572,14.6516,14.6576,1508.91,1508.93,135.179,134.098,12409.0,517.0,14.6719,14.6779,43.622603,43.62649,-0.0105,100.2627,1.6904,1.8128,0.0036,1e-12,27.156,3.6983e-12,0.8798,40.14918,-70.88804
AE2426,016,2,2024-11-10 06:41:56+00:00,35.8834,35.8812,26.738,26.736,1027.3367,1027.3347,160.249,165.415,248.05835,14.6144,14.6159,1508.8,1508.8,136.085,134.996,13080.0,544.958,14.6347,14.6363,43.578885,43.578056,-0.0064,100.1611,1.6893,1.8126,0.0036,1e-12,27.024,3.7093e-12,0.8741,40.14912,-70.88819
AE2426,016,3,2024-11-10 06:44:33+00:00,35.2368,35.2369,26.2874,26.2876,1026.7426,1026.7427,190.255,196.662,250.31197,14.389,14.3888,1506.76,1506.76,103.208,102.39,16835.0,701.417,14.4042,14.404,42.635056,42.634915,-0.0763,101.9267,1.9055,2.0525,0.0508,1e-12,25.204,3.9724e-12,0.6688,40.1487,-70.88913
AE2426,016,4,2024-11-10 06:47:32+00:00,35.934,35.9305,25.9522,25.9503,1026.331,1026.3292,176.121,181.87,231.80246,18.1427,18.1394,1518.76,1518.75,87.296,86.608,21126.0,880.208,18.1579,18.1545,47.190162,47.182687,-0.0667,101.682,1.9138,2.0577,0.1551,0.02044,25.7,0.079609,0.5674,40.14877,-70.89
AE2426,016,5,2024-11-10 06:49:55+00:00,34.5129,34.5095,25.103,25.1006,1025.3896,1025.3872,193.517,200.255,238.43094,17.1573,17.1565,1513.86,1513.86,65.636,65.122,24574.0,1023.875,17.1681,17.1673,44.534119,44.52947,-0.0096,100.2409,2.0131,2.1709,0.1281,1e-12,27.454,3.6459e-12,0.5347,40.14854,-70.89072
AE2426,016,6,2024-11-10 06:50:07+00:00,34.5206,34.5111,25.1095,25.1022,1025.396,1025.3887,193.36,200.161,238.42892,17.1549,17.1549,1513.87,1513.86,65.623,65.109,24854.0,1035.542,17.1657,17.1658,44.540763,44.529762,-0.0107,100.2664,2.0119,2.1701,0.1579,1e-12,25.833,3.8774e-12,0.5329,40.14852,-70.89076
AE2426,016,7,2024-11-10 06:51:24+00:00,34.6647,34.6606,24.6544,24.6495,1024.884,1024.8791,214.459,221.865,228.33636,19.4307,19.4375,1520.42,1520.44,53.046,52.632,26704.0,1112.625,19.4403,19.447,46.968717,46.970582,-0.0575,101.4463,2.2583,2.4386,0.2622,0.021341,25.204,0.084887,0.3325,40.14864,-70.89128
AE2426,016,8,2024-11-10 06:51:33+00:00,34.6642,34.6607,24.6522,24.649,1024.8827,1024.8795,214.933,222.152,228.30868,19.4375,19.4398,1520.44,1520.45,53.244,52.828,26929.0,1122.0,19.4471,19.4494,46.97506,46.97317,-0.0576,101.4511,2.2624,2.4413,0.2308,0.01781,25.303,0.070565,0.3427,40.14867,-70.89133
AE2426,016,9,2024-11-10 06:51:42+00:00,34.664,34.6609,24.6511,24.6486,1024.8809,1024.8785,215.189,222.299,228.29159,19.4417,19.442,1520.45,1520.45,53.109,52.695,27143.0,1130.917,19.4513,19.4516,46.97903,46.975546,-0.057,101.4346,2.2647,2.4428,0.2953,0.023409,25.899,0.090355,0.3371,40.14869,-70.8914
AE2426,016,10,2024-11-10 06:53:25+00:00,34.6085,34.5423,24.5644,24.5515,1024.72,1024.7072,215.403,222.549,227.67901,19.6128,19.4674,1520.58,1520.09,35.982,35.703,29598.0,1233.208,19.6193,19.4739,47.073014,46.847025,-0.0405,101.0176,2.2752,2.4545,0.2579,0.0123,24.84,0.049606,0.3061,40.1488,-70.89215
AE2426,016,11,2024-11-10 06:53:35+00:00,34.5666,34.5397,24.5598,24.5527,1024.7138,1024.7067,216.176,223.083,228.18257,19.5069,19.455,1520.23,1520.05,35.572,35.296,29844.0,1243.458,19.5133,19.4614,46.91573,46.831232,-0.0396,100.9963,2.2776,2.4548,0.2912,0.013367,24.741,0.053847,0.3043,40.1488,-70.89223
AE2426,016,12,2024-11-10 06:55:22+00:00,32.3556,32.3511,24.0186,24.0157,1024.1076,1024.1046,248.999,257.835,254.33767,14.6031,14.6006,1502.67,1502.65,20.087,19.932,32417.0,1350.667,14.606,14.6035,39.649466,39.642242,0.1855,95.4694,2.3312,2.5244,2.326,1.3668e-05,25.403,5.3827e-05,0.3292,40.14877,-70.89305
AE2426,016,13,2024-11-10 06:55:30+00:00,32.3541,32.3505,24.0189,24.0166,1024.108,1024.1057,249.158,257.939,254.37393,14.5965,14.5943,1502.64,1502.63,20.129,19.973,32613.0,1358.833,14.5994,14.5972,39.641766,39.635826,0.1851,95.479,2.3321,2.5249,1.9399,8.884e-06,25.436,3.4786e-05,0.3458,40.14876,-70.89313
AE2426,016,14,2024-11-10 06:55:38+00:00,32.3536,32.3503,24.0193,24.0168,1024.109,1024.1065,249.32,257.975,254.39328,14.5928,14.5926,1502.63,1502.63,20.252,20.096,32797.0,1366.5,14.5957,14.5955,39.637959,39.63415,0.183,95.5285,2.3331,2.525,1.8831,6.8339e-06,24.543,2.796e-05,0.3271,40.14876,-70.89318
AE2426,016,15,2024-11-10 06:55:51+00:00,32.3535,32.3506,24.0185,24.0157,1024.1082,1024.1054,249.129,258.122,254.3774,14.596,14.5985,1502.64,1502.65,20.247,20.091,33107.0,1379.417,14.5989,14.6015,39.640711,39.639862,0.1853,95.4742,2.3318,2.5263,1.8992,7.5173e-06,25.601,2.9516e-05,0.3031,40.14874,-70.89326
AE2426,016,16,2024-11-10 06:56:02+00:00,32.3538,32.3503,24.0182,24.0157,1024.1073,1024.1049,249.029,257.902,254.3644,14.5985,14.5974,1502.65,1502.64,20.123,19.968,33385.0,1391.0,14.6014,14.6003,39.643234,39.638431,0.1824,95.5428,2.3312,2.5247,1.8168,6.8339e-06,24.807,2.7407e-05,0.3074,40.14871,-70.89336
AE2426,016,17,2024-11-10 06:56:12+00:00,32.3534,32.3498,24.0186,24.0161,1024.1093,1024.1068,249.159,257.95,254.37959,14.5955,14.5941,1502.65,1502.64,20.488,20.33,33608.0,1400.292,14.5985,14.597,39.640379,39.635022,0.1807,95.5817,2.332,2.5249,1.8741,9.5674e-06,25.866,3.6312e-05,0.3248,40.1487,-70.89341
AE2426,016,18,2024-11-10 06:57:48+00:00,32.3619,32.359,24.02,24.0175,1024.036,1024.0335,248.36,256.483,254.25394,14.6198,14.6211,1502.45,1502.45,3.625,3.597,35912.0,1496.292,14.6204,14.6216,39.662622,39.660569,0.1897,95.3699,2.3309,2.5187,1.7653,1.1209,25.767,4.3565,0.3317,40.14847,-70.89406
AE2426,016,19,2024-11-10 06:57:57+00:00,32.3617,32.3589,24.0202,24.0178,1024.035,1024.0326,248.082,256.853,254.26221,14.6183,14.6192,1502.44,1502.44,3.35,3.325,36140.0,1505.792,14.6188,14.6197,39.660881,39.658509,0.2025,95.0641,2.3288,2.5216,1.8076,0.96003,25.866,3.7186,0.3165,40.14844,-70.89411
AE2426,016,20,2024-11-10 06:58:08+00:00,32.3622,32.3592,24.0203,24.018,1024.0363,1024.0339,248.283,257.492,254.25799,14.619,14.6192,1502.45,1502.44,3.591,3.563,36407.0,1516.917,14.6195,14.6197,39.662073,39.659009,0.185,95.4811,2.3303,2.5266,1.6431,1.3755,25.734,5.3495,0.298,40.14842,-70.8942
AE2426,016,21,2024-11-10 06:58:22+00:00,32.3634,32.3598,24.0187,24.0165,1024.0346,1024.0324,248.184,257.281,254.19196,14.6316,14.6289,1502.49,1502.47,3.598,3.571,36724.0,1530.125,14.6321,14.6294,39.675022,39.668615,0.1845,95.4918,2.3301,2.5255,1.7565,1.2306,25.568,4.8171,0.3234,40.14838,-70.89428
AE2426,016,22,2024-11-10 06:58:31+00:00,32.3636,32.3599,24.0196,24.0169,1024.0337,1024.0309,247.872,256.975,254.21091,14.6278,14.6273,1502.47,1502.46,3.174,3.15,36941.0,1539.167,14.6283,14.6277,39.67155,39.666976,0.1859,95.4582,2.3277,2.523,1.824,1.218,25.833,4.7259,0.3274,40.14836,-70.89432
AE2426,016,23,2024-11-10 06:58:44+00:00,32.3627,32.3592,24.0192,24.0166,1024.0324,1024.0299,248.097,256.855,254.21857,14.6266,14.6256,1502.46,1502.45,2.986,2.963,37260.0,1552.458,14.6271,14.626,39.669403,39.664492,0.1863,95.4503,2.3294,2.522,1.7563,1.1007,25.469,4.3253,0.3254,40.14834,-70.89441
AE2426,016,24,2024-11-10 06:58:53+00:00,32.3621,32.3591,24.0192,24.017,1024.0356,1024.0334,248.184,256.972,254.23085,14.6243,14.6236,1502.46,1502.46,3.698,3.67,37479.0,1561.583,14.6248,14.6242,39.667002,39.663076,0.1865,95.4455,2.3298,2.5227,1.7667,1.0724,25.7,4.1827,0.3395,40.1483,-70.89445
AE2426,017,1,2024-11-10 09:40:56+00:00,34.7567,34.7684,25.8303,25.8365,1026.2221,1026.2283,150.093,155.664,249.17361,14.7893,14.8024,1507.24,1507.29,88.914,88.211,9311.0,387.917,14.8026,14.8156,42.497274,42.522804,0.8386,81.0876,1.6154,1.7372,0.2086,1e-12,27.189,3.6813e-12,0.7363,40.36363,-70.88107
AE2426,017,2,2024-11-10 09:41:10+00:00,34.7423,34.7333,25.8216,25.8157,1026.2115,1026.2056,149.655,155.924,249.25263,14.7783,14.7736,1507.18,1507.15,88.479,87.779,9627.0,401.083,14.7915,14.7868,42.470617,42.45614,0.7766,82.3537,1.6119,1.7389,0.2416,1e-12,27.454,3.6458e-12,0.7352,40.36364,-70.88109
AE2426,017,3,2024-11-10 09:43:59+00:00,33.3254,33.326,24.7956,24.7928,1025.084,1025.0812,179.095,186.007,253.29293,14.4659,14.4811,1504.13,1504.18,65.205,64.693,13689.0,570.333,14.4754,14.4906,40.610009,40.624908,0.2399,94.1794,1.8135,1.9582,0.3162,1e-12,27.553,3.6399e-12,0.6519,40.3636,-70.8813
AE2426,017,4,2024-11-10 09:45:57+00:00,33.8118,33.8439,24.3517,24.3584,1024.5818,1024.5885,201.702,209.843,235.61319,18.0429,18.1158,1515.47,1515.72,52.836,52.422,16518.0,688.208,18.0519,18.1248,44.577891,44.686817,0.0207,99.4907,2.1002,2.2756,0.2828,0.013056,26.461,0.049396,0.3967,40.36349,-70.88151
AE2426,017,5,2024-11-10 09:46:09+00:00,33.8298,33.8334,24.3529,24.3574,1024.5834,1024.5879,201.04,209.23,235.35966,18.094,18.0868,1515.64,1515.62,52.909,52.495,16817.0,700.667,18.103,18.0959,44.648948,44.646193,-0.0208,100.5207,2.0967,2.2724,0.303,0.011544,26.461,0.043728,0.4271,40.36348,-70.88154
AE2426,017,6,2024-11-10 09:46:23+00:00,33.8498,33.8376,24.3613,24.3565,1024.5909,1024.5861,200.382,207.862,235.2033,18.1223,18.1037,1515.74,1515.67,52.713,52.301,17156.0,714.792,18.1313,18.1127,44.700125,44.667499,-0.0188,100.4712,2.0926,2.262,0.2412,0.0078659,26.362,0.029871,0.4258,40.36344,-70.88156
AE2426,017,7,2024-11-10 09:46:35+00:00,33.8599,33.8653,24.3638,24.3622,1024.593,1024.5915,199.706,207.488,235.09357,18.1437,18.1665,1515.81,1515.89,52.653,52.241,17449.0,727.0,18.1527,18.1755,44.732795,44.761428,-0.0219,100.5483,2.088,2.2597,0.5834,0.0066679,26.362,0.025335,0.431,40.36344,-70.8816
AE2426,017,8,2024-11-10 09:48:53+00:00,32.2021,32.1991,23.9354,23.9332,1024.0919,1024.0896,241.44,251.109,255.44871,14.4358,14.4357,1502.21,1502.2,35.292,35.017,20758.0,864.875,14.4409,14.4407,39.336471,39.333094,0.1295,96.8143,2.264,2.4591,1.6663,1e-12,26.13,3.8321e-12,0.3762,40.3634,-70.88156
AE2426,017,9,2024-11-10 09:49:02+00:00,32.2035,32.2012,23.9356,23.9336,1024.0929,1024.0909,241.692,251.165,255.42339,14.4403,14.4412,1502.23,1502.23,35.484,35.208,20976.0,873.958,14.4453,14.4463,39.342162,39.340555,0.1293,96.8191,2.266,2.4596,1.682,1e-12,26.097,3.8354e-12,0.3651,40.36338,-70.88155
AE2426,017,10,2024-11-10 09:49:12+00:00,32.202,32.1974,23.9351,23.9325,1024.0914,1024.0888,241.62,250.78,255.44194,14.4372,14.4327,1502.21,1502.19,35.256,34.982,21203.0,883.417,14.4422,14.4377,39.337605,39.328517,0.1331,96.727,2.2653,2.4565,1.5869,1e-12,26.428,3.788e-12,0.3413,40.36338,-70.88156
AE2426,017,11,2024-11-10 09:49:19+00:00,32.1999,32.1973,23.9346,23.9322,1024.0906,1024.0882,241.788,251.093,255.47281,14.4318,14.4335,1502.19,1502.19,35.174,34.9,21384.0,890.958,14.4369,14.4386,39.330478,39.329127,0.1305,96.7888,2.2664,2.4588,1.665,1e-12,26.23,3.8163e-12,0.3386,40.36338,-70.88156
AE2426,017,12,2024-11-10 09:49:33+00:00,32.2021,32.1984,23.9347,23.9324,1024.0908,1024.0885,241.474,251.378,255.43203,14.4391,14.4365,1502.22,1502.2,35.207,34.933,21709.0,904.5,14.4441,14.4416,39.339415,39.333058,0.1274,96.8643,2.2644,2.4613,1.6486,1e-12,26.263,3.8105e-12,0.3532,40.36336,-70.88156
AE2426,017,13,2024-11-10 09:49:52+00:00,32.2029,32.2002,23.9352,23.9329,1024.0914,1024.0891,241.722,251.008,255.4276,14.4397,14.4409,1502.22,1502.22,35.238,34.964,22159.0,923.25,14.4447,14.4459,39.340838,39.338945,0.1328,96.735,2.2662,2.4584,1.7519,1e-12,26.263,3.8112e-12,0.3607,40.36336,-70.8816
AE2426,017,14,2024-11-10 09:51:53+00:00,32.1964,32.1931,23.9348,23.9323,1024.0272,1024.0246,242.115,251.329,255.56186,14.4177,14.4177,1501.9,1501.89,20.82,20.659,25067.0,1044.417,14.4207,14.4206,39.305816,39.302165,0.1323,96.7451,2.2713,2.4634,1.6723,1e-12,26.329,3.8007e-12,0.3624,40.36324,-70.88176
AE2426,017,15,2024-11-10 09:52:02+00:00,32.1963,32.1932,23.9346,23.932,1024.0256,1024.023,241.866,251.047,255.55937,14.4183,14.4197,1501.89,1501.89,20.519,20.36,25292.0,1053.792,14.4212,14.4226,39.306021,39.303955,0.1347,96.6893,2.2696,2.4613,1.8858,1e-12,26.263,3.8112e-12,0.2974,40.36324,-70.88179
AE2426,017,16,2024-11-10 09:52:12+00:00,32.1973,32.1947,23.9332,23.9308,1024.0259,1024.0235,241.831,251.343,255.50281,14.429,14.4306,1501.93,1501.94,20.904,20.742,25524.0,1063.458,14.4319,14.4336,39.317085,39.315749,0.1334,96.7201,2.2696,2.464,1.8971,1e-12,25.998,3.8482e-12,0.3828,40.36322,-70.88179
AE2426,017,17,2024-11-10 09:54:08+00:00,32.1966,32.1873,23.9376,23.9293,1023.9484,1023.94,242.03,167.868,255.64005,14.405,14.4105,1501.54,1501.55,2.418,2.399,28322.0,1180.042,14.4054,14.4109,39.284296,39.27911,0.1329,96.7334,2.2742,1.8141,1.6281,1.4549,25.601,5.6667,0.3023,40.36307,-70.88206
AE2426,017,18,2024-11-10 09:54:18+00:00,32.1961,32.1948,23.9371,23.9363,1023.9493,1023.9485,241.92,168.88,255.63542,14.406,14.4052,1501.55,1501.55,2.753,2.732,28561.0,1190.0,14.4064,14.4056,39.284916,39.282785,0.1325,96.7419,2.2733,1.822,1.7244,1.8188,25.403,7.1779,0.3535,40.36306,-70.8821
AE2426,017,19,2024-11-10 09:54:28+00:00,32.1956,32.1917,23.9369,23.9336,1023.9492,1023.9459,241.956,174.062,255.64181,14.405,14.4066,1501.55,1501.55,2.783,2.761,28788.0,1199.458,14.4054,14.407,39.283356,39.280654,0.1309,96.7797,2.2736,1.8625,1.7889,1.6153,25.7,6.2937,0.3867,40.36304,-70.88213
AE2426,017,20,2024-11-10 09:54:36+00:00,32.1954,32.1946,23.9373,23.9365,1023.9491,1023.9483,241.772,167.787,255.65442,14.4026,14.4035,1501.54,1501.54,2.673,2.653,28977.0,1207.333,14.403,14.4039,39.280965,39.280919,0.136,96.6563,2.2721,1.8134,1.7493,1.5509,25.932,5.9634,0.3697,40.36302,-70.88214
AE2426,017,21,2024-11-10 09:54:44+00:00,32.1951,32.1875,23.9355,23.9289,1023.9467,1023.9402,241.994,173.039,255.61717,14.41,14.4132,1501.56,1501.56,2.537,2.518,29186.0,1216.042,14.4103,14.4135,39.28731,39.281798,0.1362,96.652,2.2741,1.8547,1.7225,1.5724,25.337,6.2351,0.3722,40.36302,-70.88216
AE2426,017,22,2024-11-10 09:54:54+00:00,32.1952,32.1899,23.935,23.9308,1023.9464,1023.9422,241.998,173.984,255.60306,14.4127,14.4131,1501.57,1501.56,2.565,2.545,29414.0,1225.542,14.4131,14.4135,39.289923,39.284514,0.1296,96.8117,2.2742,1.8622,1.6918,1.4863,25.204,5.8997,0.3209,40.363,-70.88219
AE2426,017,23,2024-11-10 09:55:03+00:00,32.195,32.1895,23.935,23.9302,1023.9469,1023.9421,241.919,164.689,255.60781,14.4118,14.4145,1501.57,1501.57,2.685,2.664,29629.0,1234.5,14.4122,14.4149,39.288945,39.285386,0.1315,96.7648,2.2736,1.7894,1.6513,1.4206,24.84,5.7157,0.3758,40.36298,-70.8822
AE2426,017,24,2024-11-10 09:55:12+00:00,32.1948,32.1939,23.935,23.9346,1023.9469,1023.9465,242.006,160.898,255.61129,14.4112,14.4097,1501.56,1501.56,2.678,2.657,29846.0,1243.542,14.4116,14.4101,39.28818,39.285774,0.1302,96.7978,2.2742,1.7597,2.0913,1.5026,26.66,5.6749,0.3707,40.36296,-70.88224
AE2426,018,1,2024-11-10 12:51:42+00:00,34.1852,34.1821,24.6779,24.6752,1024.9409,1024.9382,151.29,156.901,235.74007,17.8781,17.8794,1515.54,1515.54,60.368,59.893,8906.0,371.042,17.8883,17.8896,44.859857,44.857473,1.4703,69.2423,1.6971,1.8256,0.4134,0.10136,1014.6,0.0099918,0.6235,40.70006,-70.88452
AE2426,018,2,2024-11-10 12:51:56+00:00,34.1848,34.1816,24.6785,24.676,1024.943,1024.9405,151.286,156.882,235.75773,17.8742,17.8743,1515.53,1515.53,60.698,60.22,9241.0,385.0,17.8845,17.8846,44.855751,44.852124,1.506,68.6263,1.6969,1.8253,0.4913,0.097616,1005.5,0.0097097,0.5781,40.70007,-70.8845
AE2426,018,3,2024-11-10 12:54:22+00:00,34.1984,34.1952,24.5874,24.5989,1024.8149,1024.8265,167.172,173.96,233.9313,18.2871,18.2309,1516.61,1516.44,52.317,51.907,12758.0,531.542,18.2961,18.2399,45.273043,45.213945,0.3276,92.1371,1.8354,1.9829,0.1867,0.51896,1036.0,0.050091,0.5366,40.70018,-70.88441
AE2426,018,4,2024-11-10 12:54:40+00:00,34.1965,34.1986,24.5857,24.578,1024.8102,1024.8024,164.403,170.456,233.93049,18.2881,18.3254,1516.6,1516.71,51.596,51.191,13170.0,548.708,18.297,18.3343,45.271394,45.310646,0.3289,92.1237,1.8133,1.9532,0.2172,0.54407,1013.0,0.053713,0.5273,40.70018,-70.88443
AE2426,018,5,2024-11-10 12:56:39+00:00,33.6432,33.6437,24.3096,24.3072,1024.5013,1024.4988,218.427,226.462,237.47868,17.685,17.6969,1514.07,1514.11,43.922,43.578,16039.0,668.25,17.6924,17.7043,44.027106,44.039234,-0.0096,100.2398,2.2209,2.4028,0.6545,1.0395,1052.5,0.098763,0.3656,40.70024,-70.88437
AE2426,018,6,2024-11-10 12:57:04+00:00,33.6528,33.6654,24.3129,24.3141,1024.5056,1024.5067,218.723,225.839,237.38574,17.7023,17.7371,1514.14,1514.25,44.157,43.811,16641.0,693.333,17.7097,17.7445,44.055287,44.103658,-0.0093,100.2329,2.2239,2.3983,0.7419,1.0583,1127.1,0.093923,0.3221,40.70024,-70.88437
AE2426,018,7,2024-11-10 12:57:18+00:00,33.6609,33.6545,24.3128,24.3111,1024.5044,1024.5027,218.215,225.497,237.25807,17.728,17.715,1514.22,1514.17,43.91,43.566,16962.0,706.708,17.7354,17.7224,44.089517,44.069398,-0.0089,100.2238,2.2209,2.3965,0.6542,1.0877,1120.9,0.097052,0.3519,40.70024,-70.88437
AE2426,018,8,2024-11-10 12:58:28+00:00,33.6797,33.6807,24.3155,24.3141,1024.5097,1024.5083,218.467,226.751,237.01071,17.7766,17.7853,1514.39,1514.42,44.516,44.168,18655.0,777.25,17.7841,17.7928,44.159004,44.168485,-0.0169,100.4244,2.2247,2.409,0.5349,1.1743,1413.2,0.083095,0.3596,40.7003,-70.88436
AE2426,018,9,2024-11-10 13:00:27+00:00,33.0628,33.0552,24.1378,24.1336,1024.2878,1024.2836,228.588,237.242,243.73603,16.5274,16.52,1509.76,1509.73,34.185,33.918,21513.0,896.333,16.5328,16.5255,42.242277,42.226606,0.0886,97.8086,2.2549,2.4431,1.5138,3.5155,1447.7,0.24282,0.3228,40.70042,-70.88438
AE2426,018,10,2024-11-10 13:01:46+00:00,32.9721,32.9689,24.1197,24.1166,1024.2427,1024.2396,230.806,239.551,244.95381,16.302,16.3047,1508.86,1508.86,27.981,27.763,23395.0,974.75,16.3064,16.3091,41.922307,41.921226,0.0916,97.7368,2.264,2.4535,1.3323,6.8968,1395.2,0.49432,0.3359,40.70052,-70.88441
AE2426,018,11,2024-11-10 13:01:56+00:00,32.973,32.9681,24.1201,24.1165,1024.2446,1024.241,230.556,239.357,244.94418,16.3036,16.3027,1508.87,1508.86,28.349,28.128,23647.0,985.25,16.3081,16.3072,41.925126,41.918688,0.125,96.9255,2.2621,2.4519,1.3336,6.6343,1409.5,0.47069,0.3307,40.70052,-70.8844
AE2426,018,12,2024-11-10 13:02:09+00:00,32.9715,32.9679,24.1196,24.1164,1024.2432,1024.2401,230.448,239.349,244.96093,16.3006,16.3024,1508.86,1508.86,28.137,27.918,23965.0,998.5,16.3051,16.3068,41.920494,41.91804,0.0912,97.7463,2.2612,2.4518,1.692,6.8763,1372.0,0.50121,0.3451,40.70053,-70.88443
AE2426,018,13,2024-11-10 13:02:18+00:00,32.9738,32.9703,24.1201,24.117,1024.2439,1024.2408,230.401,239.204,244.9316,16.306,16.3077,1508.88,1508.88,28.17,27.951,24166.0,1006.875,16.3105,16.3121,41.928212,41.925744,0.0943,97.6697,2.2611,2.4508,1.5661,6.8111,1363.0,0.49975,0.3339,40.70054,-70.88442
AE2426,018,14,2024-11-10 13:02:39+00:00,32.9728,32.9674,24.1197,24.1165,1024.2427,1024.2395,230.877,239.033,244.93952,16.3047,16.3003,1508.87,1508.85,27.994,27.775,24670.0,1027.875,16.3091,16.3047,41.925784,41.915375,0.0944,97.6681,2.2647,2.4494,1.8792,6.7483,1341.8,0.50292,0.3414,40.70056,-70.88441
AE2426,018,15,2024-11-10 13:04:23+00:00,32.8475,32.8433,24.0958,24.0925,1024.1643,1024.1609,233.351,241.951,246.68176,15.985,15.9854,1507.53,1507.52,15.549,15.428,27161.0,1131.667,15.9874,15.9878,41.476046,41.471618,0.1501,96.319,2.2731,2.4618,1.5996,32.012,1335.2,2.3976,0.3459,40.70068,-70.88442
AE2426,018,16,2024-11-10 13:04:34+00:00,32.8475,32.8429,24.0958,24.0924,1024.1628,1024.1594,233.536,242.25,246.68185,15.9851,15.9842,1507.52,1507.51,15.227,15.109,27434.0,1143.042,15.9874,15.9866,41.475885,41.469805,0.1214,97.0106,2.2746,2.4643,1.5557,32.502,1255.6,2.5883,0.3408,40.70068,-70.88444
AE2426,018,17,2024-11-10 13:04:44+00:00,32.8468,32.8429,24.0957,24.0924,1024.1639,1024.1606,233.45,241.828,246.69168,15.9832,15.9845,1507.52,1507.52,15.492,15.371,27668.0,1152.792,15.9856,15.9868,41.473535,41.470192,0.1213,97.0117,2.2738,2.4608,1.7575,29.851,1206.9,2.4736,0.277,40.7007,-70.88445
AE2426,018,18,2024-11-10 13:06:01+00:00,32.8487,32.8449,24.0956,24.0928,1024.1072,1024.1044,233.814,242.545,246.66558,15.99,15.9896,1507.32,1507.32,2.628,2.608,29522.0,1230.042,15.9904,15.99,41.474707,41.469958,0.1298,96.8068,2.2797,2.47,1.3607,429.91,1321.8,32.532,0.3163,40.70078,-70.88446
AE2426,018,19,2024-11-10 13:06:09+00:00,32.8487,32.8445,24.0961,24.093,1024.1071,1024.1039,233.632,242.82,246.67687,15.9877,15.9876,1507.31,1507.31,2.487,2.468,29710.0,1237.875,15.9881,15.9879,41.472426,41.467584,0.1315,96.7659,2.2782,2.4721,1.4133,439.6,1318.4,33.347,0.3474,40.70079,-70.88446
AE2426,018,20,2024-11-10 13:06:17+00:00,32.8486,32.8448,24.0968,24.0935,1024.1082,1024.1049,233.457,242.229,246.69313,15.9843,15.9861,1507.3,1507.3,2.585,2.565,29909.0,1246.167,15.9847,15.9865,41.469213,41.46656,0.1232,96.9659,2.2767,2.4672,1.295,410.52,1300.8,31.558,0.3438,40.7008,-70.88446
AE2426,018,21,2024-11-10 13:06:25+00:00,32.8502,32.845,24.0986,24.0944,1024.1107,1024.1066,233.643,242.631,246.70204,15.9819,15.9827,1507.3,1507.3,2.755,2.734,30105.0,1254.333,15.9823,15.9831,41.468804,41.463719,0.1247,96.9308,2.278,2.4703,1.2514,412.39,1314.5,31.374,0.2718,40.70082,-70.88446
AE2426,018,22,2024-11-10 13:06:37+00:00,32.8501,32.8454,24.1001,24.0953,1024.1134,1024.1086,233.705,242.705,246.73483,15.975,15.9802,1507.28,1507.29,3.012,2.988,30383.0,1265.917,15.9755,15.9807,41.462459,41.462004,0.1312,96.7728,2.2782,2.4706,1.2767,404.79,1352.9,29.919,0.2851,40.70084,-70.88444
AE2426,018,23,2024-11-10 13:06:44+00:00,32.8492,32.8452,24.0976,24.096,1024.111,1024.1095,233.725,243.067,246.69825,15.983,15.9763,1507.31,1507.28,3.056,3.032,30567.0,1273.583,15.9834,15.9767,41.468854,41.458096,0.127,96.8755,2.2786,2.4738,1.2891,326.21,1355.5,24.063,0.3384,40.70086,-70.88444
AE2426,018,24,2024-11-10 13:06:53+00:00,32.8507,32.8461,24.0998,24.0957,1024.1116,1024.1075,233.668,242.001,246.71998,15.978,15.9809,1507.29,1507.29,2.676,2.655,30775.0,1282.25,15.9784,15.9813,41.465646,41.463216,0.1246,96.9324,2.2781,2.4651,1.2355,403.38,1363.7,29.579,0.3336,40.70086,-70.88444
AE2426,019,1,2024-11-11 02:57:33+00:00,33.1498,33.0771,24.1347,24.1159,1024.3096,1024.291,201.827,209.518,242.18395,16.8286,16.6694,1510.87,1510.31,39.905,39.592,10544.0,439.292,16.835,16.6757,42.630883,42.39632,0.3927,90.6507,2.0582,2.2262,1.1792,1e-12,27.156,3.6872e-12,0.3798,41.03136,-70.88326
AE2426,019,2,2024-11-11 02:57:45+00:00,33.2555,33.244,24.1656,24.1609,1024.3416,1024.3369,199.217,206.571,241.0202,17.0431,17.0255,1511.65,1511.58,40.206,39.89,10825.0,451.0,17.0496,17.032,42.957291,42.927143,0.7273,83.3954,2.0457,2.2103,1.2749,1e-12,27.321,3.6657e-12,0.4079,41.03133,-70.88325
AE2426,019,3,2024-11-11 02:57:54+00:00,33.248,33.2249,24.1643,24.1577,1024.3393,1024.3328,197.099,203.422,241.11906,17.0243,16.9766,1511.58,1511.41,39.978,39.664,11038.0,459.875,17.0308,16.9831,42.930547,42.858398,0.6093,85.8771,2.0286,2.1836,1.317,9.5597e-05,27.057,0.00034696,0.3852,41.0313,-70.88326
AE2426,019,4,2024-11-11 02:58:57+00:00,32.5909,32.5869,23.9687,23.9658,1024.0536,1024.0507,235.062,243.863,248.63144,15.6708,15.6702,1506.31,1506.31,19.266,19.115,12554.0,523.042,15.6737,15.6731,40.895551,40.890439,0.2206,94.6342,2.2707,2.4605,2.1401,1e-12,26.329,3.8019e-12,0.2798,41.03116,-70.88322
AE2426,019,5,2024-11-11 02:59:05+00:00,32.5924,32.5885,23.9692,23.9659,1024.0555,1024.0523,235.029,243.935,248.61389,15.6738,15.675,1506.33,1506.33,19.595,19.442,12756.0,531.458,15.6768,15.678,40.900199,40.896864,0.22,94.648,2.2705,2.4611,2.0978,1e-12,27.024,3.7062e-12,0.3332,41.03114,-70.88321
AE2426,019,6,2024-11-11 02:59:14+00:00,32.5925,32.5885,23.969,23.9656,1024.0557,1024.0524,235.089,243.953,248.60808,15.675,15.6764,1506.34,1506.34,19.68,19.526,12970.0,540.375,15.678,15.6794,40.901416,40.898313,0.2219,94.6044,2.271,2.4613,1.8412,1e-12,27.321,3.6655e-12,0.3239,41.03114,-70.88321
AE2426,019,7,2024-11-11 03:00:02+00:00,32.5927,32.5884,23.9671,23.9645,1023.9861,1023.9834,235.107,244.063,248.5758,15.6839,15.6814,1506.1,1506.09,4.296,4.262,14122.0,588.375,15.6846,15.6821,40.901284,40.894181,0.2237,94.5602,2.2748,2.4662,1.8642,0.73794,26.693,2.7685,0.3355,41.03102,-70.88318
AE2426,019,8,2024-11-11 03:00:11+00:00,32.5924,32.5884,23.9681,23.9652,1023.9853,1023.9825,235.063,244.402,248.60133,15.6788,15.6776,1506.08,1506.07,3.905,3.875,14340.0,597.458,15.6794,15.6782,40.896051,40.890361,0.2217,94.6092,2.2743,2.4688,1.8711,0.85688,26.891,3.1988,0.3223,41.031,-70.88318
AE2426,019,9,2024-11-11 03:00:20+00:00,32.5921,32.5884,23.9683,23.9652,1023.9853,1023.9822,234.985,244.279,248.61196,15.6767,15.6778,1506.07,1506.07,3.845,3.815,14552.0,606.292,15.6773,15.6784,40.893766,40.890532,0.2218,94.6049,2.2736,2.4678,1.9622,0.71249,26.825,2.6595,0.3261,41.03096,-70.8832
AE2426,019,10,2024-11-11 03:00:28+00:00,32.5918,32.5881,23.9687,23.9655,1023.9862,1023.983,235.045,243.741,248.62758,15.6737,15.6755,1506.06,1506.06,3.951,3.921,14751.0,614.583,15.6743,15.6761,40.890521,40.888124,0.2211,94.6236,2.274,2.4633,1.7754,0.69125,26.726,2.5851,0.2928,41.03094,-70.88318
AE2426,020,1,2024-11-11 06:41:38+00:00,31.9449,31.9421,23.8389,23.8365,1023.8891,1023.8868,250.867,260.728,258.4672,13.9434,13.944,1499.9,1499.89,11.297,11.208,6378.0,265.708,13.9449,13.9456,38.596525,38.59405,1.8442,63.0883,2.3159,2.5155,3.7318,1e-12,27.454,3.6444e-12,0.3556,41.32296,-70.55111
AE2426,020,2,2024-11-11 06:41:51+00:00,31.9449,31.9422,23.8387,23.8365,1023.8933,1023.891,251.254,261.271,258.46273,13.9441,13.9445,1499.91,1499.91,12.266,12.17,6695.0,278.917,13.9458,13.9462,38.597716,38.595137,1.4031,70.4233,2.3185,2.5195,3.5206,1e-12,27.685,3.614e-12,0.3636,41.32296,-70.55098
AE2426,020,3,2024-11-11 06:43:00+00:00,31.9441,31.9414,23.8378,23.8356,1023.8726,1023.8704,250.991,261.009,258.46086,13.9454,13.9459,1499.84,1499.84,7.825,7.764,8340.0,347.458,13.9464,13.947,38.59554,38.593047,1.7557,64.4821,2.3176,2.5186,4.0408,0.022641,27.321,0.082845,0.3507,41.323,-70.55024
AE2426,020,4,2024-11-11 06:43:10+00:00,31.9442,31.9415,23.8375,23.8354,1023.876,1023.8739,250.98,260.45,258.45084,13.9471,13.9475,1499.86,1499.86,8.662,8.594,8593.0,358.0,13.9483,13.9487,38.597696,38.595153,1.3219,71.8602,2.3174,2.5142,3.4625,0.0012615,27.288,0.0046703,0.3555,41.323,-70.55015
AE2426,020,5,2024-11-11 06:43:59+00:00,31.9426,31.9407,23.835,23.8333,1023.8498,1023.8481,251.218,260.285,258.42275,13.9538,13.9548,1499.79,1499.79,3.342,3.316,9759.0,406.583,13.9543,13.9552,38.599126,38.597896,1.5417,68.0203,2.3206,2.5145,3.7117,0.67516,27.487,2.4561,0.3501,41.32302,-70.54957
AE2426,020,6,2024-11-11 06:44:12+00:00,31.9429,31.9401,23.8353,23.8331,1023.8544,1023.8522,251.286,261.114,258.42631,13.9529,13.9531,1499.81,1499.8,4.301,4.268,10073.0,419.667,13.9535,13.9537,38.599078,38.596195,1.3646,71.0979,2.3208,2.5206,3.4661,0.36533,27.553,1.3263,0.363,41.323,-70.54943
