cruise,cast,niskin,date,sigma_00,sigma_11,oxsatmm_kg,sbox0mm_kg,potemp090c,potemp190c,sal00,sal00,sal11,density00,density11,prdm,t090c,t190c,c0s_m,c1s_m,sal00,sal00,sbeox0v,fleco_afl,turbwetntu0,spar,depsm,latitude,longitude
AR66B,1,1,2022-04-20 14:26:49+00:00,25.5361,25.5395,297.3276,277.944,7.2325,7.232,32.6495,32.6495,32.6537,1025.7235,1025.727,40.883,7.2362,7.2357,3.336652,3.337006,32.6495,32.6495,2.644,0.8321,3.2191,1.3421,40.561928531014985,41.03066666666667,-70.8825
AR66B,1,2,2022-04-20 14:27:00+00:00,25.5363,25.5398,297.32877,277.982,7.2322,7.2313,32.6496,32.6496,32.654,1025.7257,1025.7293,41.325,7.2359,7.2351,3.336666,3.336988,32.6496,32.6496,2.6446,0.8987,3.0293,1.3418,41.00041338696836,41.03066666666667,-70.8825
AR66B,1,3,2022-04-20 14:28:50+00:00,25.4878,25.4912,296.89704,279.43,7.3112,7.3107,32.6017,32.6017,32.6059,1025.6268,1025.6302,30.333,7.3139,7.3134,3.338556,3.338902,32.6017,32.6017,2.6623,0.8411,1.501,1.3494,30.095551894734914,41.03066666666667,-70.8825
AR66B,1,4,2022-04-20 14:28:58+00:00,25.4886,25.4921,296.90505,279.496,7.3097,7.3089,32.6025,32.6025,32.6068,1025.6288,1025.6322,30.575,7.3125,7.3117,3.338515,3.338835,32.6025,32.6025,2.6627,0.7183,1.4198,1.35,30.33563970806501,41.03066666666667,-70.8825
AR66B,1,5,2022-04-20 14:29:06+00:00,25.4871,25.4906,296.89001,279.696,7.3124,7.3116,32.601,32.601,32.6054,1025.626,1025.6295,30.297,7.3152,7.3144,3.338599,3.33893,32.601,32.601,2.6631,0.6805,1.4086,1.3481,30.059836328187593,41.03066666666667,-70.8825
AR66B,1,6,2022-04-20 14:30:59+00:00,25.458,25.4615,296.51629,281.523,7.3761,7.3752,32.5751,32.5751,32.5794,1025.5508,1025.5543,20.249,7.3779,7.377,3.341228,3.341548,32.5751,32.5751,2.6836,0.7427,1.4318,1.3484,20.090981164178533,41.03066666666667,-70.8825
AR66B,1,7,2022-04-20 14:31:08+00:00,25.4582,25.4618,296.51901,281.432,7.3756,7.375,32.5753,32.5753,32.5797,1025.5503,1025.5539,20.1,7.3775,7.3768,3.341202,3.341549,32.5753,32.5753,2.6836,0.7696,1.478,1.3493,19.94315113417633,41.03066666666667,-70.8825
AR66B,1,8,2022-04-20 14:33:26+00:00,25.4544,25.4574,296.44934,281.814,7.3882,7.3881,32.5727,32.5727,32.5765,1025.468,1025.4709,2.951,7.3885,7.3884,3.341174,3.341507,32.5727,32.5727,2.691,0.4977,1.4059,1.3443,2.9280938756507657,41.03066666666667,-70.8825
AR66B,1,9,2022-04-20 14:33:33+00:00,25.4542,25.4578,296.44751,281.402,7.3885,7.3882,32.5725,32.5725,32.577,1025.47,1025.4736,3.444,7.3888,7.3885,3.341205,3.341592,32.5725,32.5725,2.6905,0.4472,1.4568,1.3455,3.4172630457265205,41.03066666666667,-70.8825
AR66B,1,10,2022-04-20 14:33:41+00:00,25.4544,25.458,296.43982,281.94,7.3895,7.3888,32.5729,32.5729,32.5773,1025.4734,1025.477,4.145,7.3898,7.3892,3.341359,3.341711,32.5729,32.5729,2.6921,0.4119,1.5085,1.345,4.112813948522176,41.03066666666667,-70.8825
AR66B,1,11,2022-04-20 14:33:50+00:00,25.4544,25.4579,296.4337,281.461,7.3904,7.3895,32.5731,32.5731,32.5773,1025.4705,1025.4739,3.51,7.3907,7.3898,3.341419,3.341739,32.5731,32.5731,2.6921,0.4387,1.4198,1.3471,3.482750107486618,41.03066666666667,-70.8825
AR66B,1,12,2022-04-20 14:33:57+00:00,25.4536,25.4573,296.42677,281.957,7.3917,7.3903,32.5723,32.5723,32.5768,1025.4663,1025.4701,2.778,7.392,7.3906,3.341424,3.341723,32.5723,32.5723,2.6924,0.4023,1.4921,1.3506,2.7564378855124843,41.03066666666667,-70.8825
AR66B,1,13,2022-04-20 14:34:04+00:00,25.454,25.4571,296.42804,282.112,7.3914,7.3907,32.5727,32.5727,32.5766,1025.4661,1025.4693,2.656,7.3916,7.391,3.341429,3.34173,32.5727,32.5727,2.6949,0.428,1.4553,1.3461,2.635385597751287,41.03066666666667,-70.8825
AR66B,1,14,2022-04-20 14:34:10+00:00,25.4533,25.4569,296.42331,282.407,7.3922,7.3913,32.572,32.572,32.5764,1025.4719,1025.4754,4.05,7.3926,7.3917,3.341504,3.341836,32.572,32.572,2.6958,0.4067,1.4428,1.344,4.018552552465553,41.03066666666667,-70.8825
AR66B,2,1,2022-04-20 17:14:02+00:00,25.7384,25.7422,300.71303,292.676,6.6924,6.6914,32.8148,32.8148,32.8194,1025.9706,1025.9744,50.538,6.6968,6.6958,3.305256,3.305584,32.8148,32.8148,2.7268,1.5478,0.295,1.3278,50.140698271528684,40.863,-70.88316666666667
AR66B,2,2,2022-04-20 17:14:13+00:00,25.7386,25.7421,300.71231,292.388,6.6924,6.6913,32.8151,32.8151,32.8193,1025.9734,1025.9769,51.082,6.6968,6.6957,3.305309,3.305599,32.8151,32.8151,2.7258,1.6174,0.3457,1.3279,50.680354821498725,40.863,-70.88316666666667
AR66B,2,3,2022-04-20 17:16:34+00:00,25.7369,25.7406,300.6449,293.351,6.7035,6.7019,32.8147,32.8147,32.8191,1025.8993,1025.903,35.344,6.7066,6.705,3.305433,3.305695,32.8147,32.8147,2.7377,1.9532,0.3437,1.3246,35.067436644719955,40.863,-70.88316666666667
AR66B,2,4,2022-04-20 17:16:40+00:00,25.7369,25.7404,300.6456,293.296,6.7035,6.7027,32.8148,32.8148,32.8191,1025.895,1025.8985,34.394,6.7064,6.7057,3.305386,3.305714,32.8148,32.8148,2.7368,1.8539,0.3315,1.3267,34.124948899031104,40.863,-70.88316666666667
AR66B,2,5,2022-04-20 17:16:48+00:00,25.7367,25.74,300.64197,293.27,6.704,6.7036,32.8145,32.8145,32.8186,1025.8955,1025.8988,34.552,6.707,6.7066,3.305423,3.305758,32.8145,32.8145,2.7367,1.69,0.3021,1.3271,34.28169979343335,40.863,-70.88316666666667
AR66B,2,6,2022-04-20 17:17:12+00:00,25.7367,25.7402,300.64262,293.259,6.7039,6.703,32.8146,32.8145,32.8188,1025.8959,1025.8994,34.632,6.7069,6.706,3.305421,3.305727,32.8146,32.8145,2.7368,1.6683,0.2968,1.325,34.36106728911792,40.863,-70.88316666666667
AR66B,2,7,2022-04-20 17:20:29+00:00,25.7294,25.733,300.41775,294.372,6.7385,6.7372,32.811,32.811,32.8154,1025.8185,1025.8221,19.391,6.7401,6.7389,3.307316,3.307612,32.811,32.811,2.7513,1.8076,0.3295,1.3248,19.24001154177844,40.863,-70.88316666666667
AR66B,2,8,2022-04-20 17:20:36+00:00,25.7292,25.7328,300.41501,294.404,6.7388,6.7376,32.8109,32.8109,32.8151,1025.8212,1025.8248,20.015,6.7406,6.7394,3.307371,3.307656,32.8109,32.8109,2.7513,1.7775,0.3229,1.3237,19.859122700097274,40.863,-70.88316666666667
AR66B,2,9,2022-04-20 17:20:45+00:00,25.7212,25.725,300.08221,294.774,6.787,6.7804,32.8087,32.8087,32.8124,1025.8139,1025.8177,20.164,6.7888,6.7821,3.311382,3.311137,32.8087,32.8087,2.7558,1.7972,0.2961,1.3242,20.00695505537044,40.863,-70.88316666666667
AR66B,2,10,2022-04-20 17:22:05+00:00,25.7145,25.7177,299.77333,294.71,6.8329,6.8319,32.8078,32.8078,32.8118,1025.738,1025.7413,5.126,6.8333,6.8324,3.31452,3.314798,32.8078,32.8078,2.763,1.056,0.3045,1.3249,5.086262256658686,40.863,-70.88316666666667
AR66B,2,11,2022-04-20 17:22:12+00:00,25.7134,25.7166,299.70933,294.856,6.842,6.84,32.8081,32.8081,32.8117,1025.737,1025.7402,5.137,6.8424,6.8404,3.315333,3.315493,32.8081,32.8081,2.7653,0.8644,0.305,1.3245,5.0971768465267075,40.863,-70.88316666666667
AR66B,2,12,2022-04-20 17:22:19+00:00,25.7136,25.717,299.71397,294.773,6.8413,6.8406,32.8081,32.8081,32.8123,1025.7367,1025.7401,5.029,6.8417,6.841,3.315276,3.315595,32.8081,32.8081,2.7659,0.8271,0.3088,1.3256,4.99001539351852,40.863,-70.88316666666667
AR66B,2,13,2022-04-20 17:22:26+00:00,25.7186,25.7213,299.93156,294.693,6.8098,6.8141,32.8092,32.8092,32.8134,1025.7433,1025.7461,5.391,6.8102,6.8146,3.312642,3.313407,32.8092,32.8092,2.7644,0.9472,0.3073,1.3258,5.349204486936314,40.863,-70.88316666666667
AR66B,2,14,2022-04-20 17:22:34+00:00,25.7169,25.72,299.85896,294.506,6.8203,6.822,32.8088,32.8088,32.813,1025.7388,1025.7419,4.77,6.8207,6.8224,3.313495,3.31402,32.8088,32.8088,2.7633,1.1602,0.3068,1.3243,4.733026124664914,40.863,-70.88316666666667
AR66B,2,15,2022-04-20 17:22:42+00:00,25.7149,25.7184,299.7651,294.459,6.8339,6.8312,32.8085,32.8085,32.8125,1025.7366,1025.7401,4.729,6.8343,6.8316,3.31465,3.31478,32.8085,32.8085,2.7636,1.0601,0.3175,1.3259,4.692344396131232,40.863,-70.88316666666667
AR66B,2,16,2022-04-20 17:22:50+00:00,25.7145,25.7176,299.74162,294.626,6.8372,6.836,32.8086,32.8086,32.8123,1025.7374,1025.7405,4.996,6.8376,6.8364,3.314957,3.315191,32.8086,32.8086,2.7637,1.0727,0.338,1.3245,4.957271605011862,40.863,-70.88316666666667
AR66B,3,1,2022-04-20 19:26:44+00:00,25.8648,25.8685,298.36473,277.118,6.9639,6.9625,33.0209,33.0209,33.0253,1026.1439,1026.1475,60.85,6.9694,6.9679,3.348299,3.348569,33.0209,33.0209,2.6241,1.1777,0.3029,1.2399,60.37103882223365,40.696666666666665,-70.88233333333334
AR66B,3,2,2022-04-20 19:26:52+00:00,25.864,25.8681,298.33302,276.751,6.9686,6.9656,33.0207,33.0207,33.0253,1026.1421,1026.1461,60.629,6.974,6.971,3.348675,3.348837,33.0207,33.0207,2.6227,1.0292,0.2942,1.2152,60.151810567638584,40.696666666666665,-70.88233333333334
AR66B,3,3,2022-04-20 19:29:18+00:00,25.8,25.8036,295.72351,291.547,7.3541,7.3526,33.0062,33.0062,33.0104,1026.0278,1026.0313,49.745,7.3586,7.3572,3.380652,3.380914,33.0062,33.0062,2.759,1.9145,0.2411,1.0373,49.3547765671281,40.696666666666665,-70.88233333333334
AR66B,3,4,2022-04-20 19:29:29+00:00,25.7986,25.8031,295.6827,291.937,7.3603,7.3553,33.0055,33.0055,33.0104,1026.0265,1026.031,49.787,7.3649,7.3599,3.381135,3.381151,33.0055,33.0055,2.7617,1.4055,0.2425,1.2429,49.39644207058345,40.696666666666665,-70.88233333333334
AR66B,3,5,2022-04-20 19:31:33+00:00,25.7907,25.7942,295.73306,294.169,7.3575,7.3568,32.995,32.995,32.9993,1025.9516,1025.9551,35.125,7.3608,7.3601,3.379165,3.379502,32.995,32.995,2.7872,1.852,0.2446,0.56988,34.85069790839528,40.696666666666665,-70.88233333333334
AR66B,3,6,2022-04-20 19:31:42+00:00,25.7907,25.7942,295.7371,294.847,7.357,7.356,32.9948,32.9948,32.9992,1025.9511,1025.9547,35.047,7.3602,7.3593,3.379098,3.379416,32.9948,32.9948,2.7891,1.2972,0.2324,0.62969,34.7733136105639,40.696666666666665,-70.88233333333334
AR66B,3,7,2022-04-20 19:31:49+00:00,25.7909,25.7945,295.74119,294.81,7.3564,7.3559,32.995,32.995,32.9994,1025.9509,1025.9544,34.932,7.3596,7.3591,3.379052,3.37942,32.995,32.995,2.7885,1.7607,0.2411,1.0046,34.65922132321003,40.696666666666665,-70.88233333333334
AR66B,3,8,2022-04-20 19:33:56+00:00,25.7741,25.775,295.34979,297.944,7.4186,7.4281,32.9846,32.9846,32.9875,1025.8644,1025.8653,19.714,7.4204,7.43,3.382775,3.383883,32.9846,32.9846,2.8213,1.2312,0.2221,0.26184,19.56077814731595,40.696666666666665,-70.88233333333334
AR66B,3,9,2022-04-20 19:34:07+00:00,25.7753,25.7768,295.36914,297.898,7.4154,7.4238,32.9855,32.9855,32.989,1025.8645,1025.866,19.491,7.4173,7.4256,3.382573,3.383625,32.9855,32.9855,2.8194,1.3022,0.2338,0.40181,19.339521814479426,40.696666666666665,-70.88233333333334
AR66B,3,10,2022-04-20 19:34:14+00:00,25.7734,25.7764,295.32204,297.775,7.4227,7.426,32.9844,32.9844,32.9889,1025.8632,1025.8662,19.621,7.4245,7.4279,3.383117,3.383823,32.9844,32.9844,2.8187,1.5595,0.233,0.29356,19.46850535598098,40.696666666666665,-70.88233333333334
AR66B,3,11,2022-04-20 19:35:59+00:00,25.7565,25.7609,294.7001,296.952,7.5173,7.5108,32.9798,32.9798,32.9842,1025.7773,1025.7817,4.552,7.5177,7.5112,3.39023,3.390055,32.9798,32.9798,2.8239,0.5884,0.2401,0.33119,4.516786878967177,40.696666666666665,-70.88233333333334
AR66B,3,12,2022-04-20 19:36:05+00:00,25.7577,25.7612,294.73409,297.347,7.5121,7.5104,32.9804,32.9804,32.9845,1025.7799,1025.7834,4.854,7.5125,7.5108,3.389836,3.390072,32.9804,32.9804,2.8253,0.5462,0.2185,0.57467,4.816447155001443,40.696666666666665,-70.88233333333334
AR66B,3,13,2022-04-20 19:36:13+00:00,25.7559,25.76,294.67259,297.297,7.5213,7.518,32.9798,32.9798,32.9844,1025.7791,1025.7832,5.065,7.5218,7.5185,3.390609,3.390747,32.9798,32.9798,2.8241,0.4746,0.2316,0.45327,5.025812186678017,40.696666666666665,-70.88233333333334
AR66B,3,14,2022-04-20 19:36:20+00:00,25.7561,25.7598,294.67909,297.053,7.5204,7.5192,32.9799,32.9799,32.9843,1025.7768,1025.7804,4.51,7.5208,7.5197,3.390505,3.390813,32.9799,32.9799,2.8231,0.558,0.2408,0.40253,4.475112236268208,40.696666666666665,-70.88233333333334
AR66B,3,15,2022-04-20 19:36:27+00:00,25.7562,25.7596,294.69137,297.074,7.5187,7.5175,32.9796,32.9796,32.9838,1025.7763,1025.7798,4.405,7.5191,7.518,3.390323,3.390615,32.9796,32.9796,2.8228,0.4812,0.2245,0.2276,4.3709255923714165,40.696666666666665,-70.88233333333334
AR66B,3,16,2022-04-20 19:36:35+00:00,25.7558,25.7595,294.66869,296.921,7.522,7.5185,32.9797,32.9797,32.9839,1025.7769,1025.7806,4.611,7.5224,7.519,3.390635,3.390715,32.9797,32.9797,2.8236,0.5391,0.2423,0.35601,4.5753298150830055,40.696666666666665,-70.88233333333334
AR66B,3,17,2022-04-20 19:36:42+00:00,25.7557,25.7593,294.66416,297.001,7.5227,7.5215,32.9797,32.9797,32.9842,1025.7758,1025.7795,4.4,7.5231,7.5219,3.390682,3.390995,32.9797,32.9797,2.8237,0.5075,0.2226,0.56652,4.365964322290671,40.696666666666665,-70.88233333333334
AR66B,3,18,2022-04-20 19:36:49+00:00,25.7561,25.7601,294.6851,297.224,7.5195,7.5156,32.9797,32.9797,32.9841,1025.7775,1025.7815,4.673,7.52,7.516,3.390422,3.390481,32.9797,32.9797,2.8247,0.5851,0.2339,0.17639,4.636849492606403,40.696666666666665,-70.88233333333334
AR66B,4,1,2022-04-20 22:05:29+00:00,25.996,25.9991,291.00707,257.838,7.9417,7.9413,33.362,33.362,33.3658,1026.3201,1026.3231,71.054,7.9486,7.9482,3.466926,3.467243,33.362,33.362,2.5289,0.2584,0.4243,0.13964,70.4941621847445,40.5125,-70.88216666666666
AR66B,4,2,2022-04-20 22:05:37+00:00,25.9954,25.9987,291.02238,257.886,7.9398,7.9323,33.3608,33.3608,33.3636,1026.3181,1026.3214,70.761,7.9467,7.9392,3.466629,3.466225,33.3608,33.3608,2.529,0.2589,0.4419,0.13575,70.20352058457419,40.5125,-70.88216666666666
AR66B,4,3,2022-04-20 22:07:49+00:00,25.9647,25.9677,292.10261,261.348,7.7989,7.7946,33.2957,33.2957,33.2987,1026.2408,1026.2439,60.509,7.8047,7.8005,3.447444,3.447351,33.2957,33.2957,2.5497,0.2896,0.3218,0.1359,60.03378071061932,40.5125,-70.88216666666666
AR66B,4,4,2022-04-20 22:07:55+00:00,25.9639,25.9673,292.11609,261.601,7.7973,7.7961,33.2944,33.2944,33.2985,1026.2394,1026.2429,60.364,7.8031,7.8019,3.447175,3.447451,33.2944,33.2944,2.5511,0.5656,0.3381,0.13752,59.88994054123506,40.5125,-70.88216666666666
AR66B,4,5,2022-04-20 22:09:50+00:00,25.887,25.8914,291.7007,275.389,7.8867,7.8851,33.213,33.213,33.2183,1026.1023,1026.1066,47.164,7.8913,7.8897,3.446838,3.447189,33.213,33.213,2.6635,0.6139,0.2332,0.13371,46.795101781618655,40.5125,-70.88216666666666
AR66B,4,6,2022-04-20 22:09:57+00:00,25.8805,25.8879,291.65126,276.115,7.8963,7.8903,33.2064,33.2064,33.2147,1026.0954,1026.1028,47.106,7.9008,7.8949,3.447065,3.447316,33.2064,33.2064,2.6688,0.607,0.2232,0.13339,46.737562005490794,40.5125,-70.88216666666666
AR66B,4,7,2022-04-20 22:11:51+00:00,25.8115,25.8154,291.16821,290.401,7.9924,7.991,33.1364,33.1364,33.1411,1025.972,1025.9759,35.177,7.9958,7.9944,3.448425,3.448745,33.1364,33.1364,2.7929,1.5373,0.2462,0.13219,34.902873584708345,40.5125,-70.88216666666666
AR66B,4,8,2022-04-20 22:12:00+00:00,25.811,25.8147,291.17076,290.496,7.9922,7.9912,33.1357,33.1357,33.1402,1025.9723,1025.9761,35.369,7.9957,7.9946,3.448353,3.448689,33.1357,33.1357,2.7939,1.5258,0.2231,0.1376,35.093361036509066,40.5125,-70.88216666666666
AR66B,4,9,2022-04-20 22:12:08+00:00,25.8105,25.8141,291.166,290.622,7.9931,7.9924,33.1352,33.1352,33.1397,1025.9731,1025.9767,35.631,7.9965,7.9959,3.4484,3.448764,33.1352,33.1352,2.7951,1.4414,0.2359,0.14049,35.35329675241244,40.5125,-70.88216666666666
AR66B,4,10,2022-04-20 22:14:30+00:00,25.7918,25.7966,291.00475,296.846,8.0246,8.0195,33.1172,33.1172,33.1224,1025.8869,1025.8917,20.849,8.0266,8.0216,3.448735,3.448769,33.1172,33.1172,2.8435,1.7585,0.233,0.14112,20.687247144030728,40.5125,-70.88216666666666
AR66B,4,11,2022-04-20 22:14:38+00:00,25.7931,25.7975,291.0437,297.197,8.0185,8.0159,33.1178,33.1178,33.1229,1025.8879,1025.8922,20.765,8.0205,8.0179,3.448248,3.448491,33.1178,33.1178,2.8529,1.8394,0.2384,0.13887,20.603903038519995,40.5125,-70.88216666666666
AR66B,4,12,2022-04-20 22:16:51+00:00,25.7856,25.7888,290.8176,299.836,8.0552,8.0553,33.1151,33.1151,33.1192,1025.8041,1025.8073,4.041,8.0556,8.0557,3.450369,3.450766,33.1151,33.1151,2.8782,2.0395,0.2435,0.42174,4.009812157204993,40.5125,-70.88216666666666
AR66B,4,13,2022-04-20 22:16:58+00:00,25.7853,25.7885,290.80536,299.741,8.0571,8.0575,33.115,33.115,33.1192,1025.804,1025.8073,4.103,8.0575,8.0579,3.450531,3.450966,33.115,33.115,2.8786,1.8427,0.2291,0.47871,4.071333038031533,40.5125,-70.88216666666666
AR66B,4,14,2022-04-20 22:17:07+00:00,25.7849,25.7886,290.78722,299.975,8.0598,8.0577,33.1151,33.115,33.1193,1025.8025,1025.8062,3.865,8.0602,8.0581,3.450766,3.450983,33.1151,33.115,2.8802,1.8465,0.2491,0.70903,3.83517213661898,40.5125,-70.88216666666666
AR66B,4,15,2022-04-20 22:17:15+00:00,25.7845,25.7883,290.77007,300.199,8.0624,8.0602,33.1151,33.1151,33.1194,1025.8027,1025.8064,3.979,8.0628,8.0606,3.451003,3.451219,33.1151,33.1151,2.8807,2.15,0.2525,0.70115,3.9482912578742035,40.5125,-70.88216666666666
AR66B,4,16,2022-04-20 22:17:31+00:00,25.785,25.7885,290.79347,299.702,8.0589,8.0587,33.115,33.115,33.1194,1025.8038,1025.8073,4.127,8.0593,8.0591,3.450691,3.451087,33.115,33.115,2.8786,1.6328,0.2367,0.14938,4.095147567577198,40.5125,-70.88216666666666
AR66B,5,1,2022-04-21 01:08:31+00:00,26.3012,26.3042,275.05014,225.265,10.1997,10.2031,34.2103,34.2103,34.2149,1026.6955,1026.6985,87.575,10.2099,10.2133,3.755156,3.755926,34.2103,34.2103,2.3767,0.1057,0.5137,0.0063791,86.88269577500407,40.36333333333334,-70.886
AR66B,6,1,2022-04-21 15:16:31+00:00,27.5264,27.531,294.60775,180.664,6.8208,6.818,35.1049,35.1049,35.1103,1029.5517,1029.5563,444.697,6.8628,6.86,3.545447,3.545672,35.1049,35.1049,1.8378,-0.0193,0.1601,1.2953,440.8182152063945,39.93983333333333,-70.8815
AR66B,6,2,2022-04-21 15:16:49+00:00,27.5263,27.531,294.60638,180.413,6.821,6.8183,35.1049,35.1049,35.1103,1029.5526,1029.5572,444.921,6.863,6.8603,3.545473,3.545708,35.1049,35.1049,1.8379,-0.0039,0.1495,1.2953,441.0400235645152,39.93983333333333,-70.8815
AR66B,6,3,2022-04-21 15:17:14+00:00,27.5261,27.5303,294.5884,180.605,6.8236,6.8225,35.105,35.105,35.1102,1029.5495,1029.5537,444.288,6.8656,6.8645,3.545697,3.546064,35.105,35.105,1.8379,0.0045,0.1439,1.2935,440.41321629446463,39.93983333333333,-70.8815
AR66B,6,4,2022-04-21 15:23:52+00:00,27.1021,27.1079,269.43423,129.395,10.7543,10.7448,35.3621,35.3621,35.3673,1028.2688,1028.2746,260.793,10.7863,10.7768,3.931466,3.931069,35.3621,35.3621,1.5804,-0.0061,0.0854,1.2425,258.63294743870057,39.93983333333333,-70.8815
AR66B,6,5,2022-04-21 15:24:07+00:00,27.1033,27.1086,269.47549,129.637,10.7472,10.7379,35.3619,35.3619,35.3666,1028.2704,1028.2758,260.911,10.7792,10.7699,3.930772,3.930342,35.3619,35.3619,1.5816,0.0004,0.0797,1.2528,258.74989634940397,39.93983333333333,-70.8815
AR66B,6,6,2022-04-21 15:24:21+00:00,27.1026,27.1076,269.43399,129.382,10.7542,10.7432,35.3626,35.3626,35.3665,1028.2685,1028.2736,260.656,10.7861,10.7752,3.931497,3.930835,35.3626,35.3626,1.5799,-0.013,0.0853,1.2602,258.4971676877296,39.93983333333333,-70.8815
AR66B,6,7,2022-04-21 15:27:45+00:00,26.7584,26.7612,251.22073,161.354,13.9958,14.0061,35.7377,35.7377,35.7442,1027.4703,1027.4731,161.403,14.0193,14.0296,4.281908,4.283621,35.7377,35.7377,1.9605,0.0613,0.0976,1.311,160.1046171926029,39.93983333333333,-70.8815
AR66B,6,8,2022-04-21 15:30:27+00:00,26.5607,26.5642,248.14509,192.522,14.6411,14.6365,35.6613,35.6613,35.6645,1027.0701,1027.0735,115.723,14.6584,14.6538,4.335249,4.335126,35.6613,35.6613,2.2747,0.1159,0.0905,1.3098,114.8047744899445,39.93983333333333,-70.8815
AR66B,6,9,2022-04-21 15:30:41+00:00,26.5609,26.5652,248.07569,191.624,14.6538,14.6537,35.6651,35.6651,35.6707,1027.0713,1027.0756,115.957,14.6711,14.671,4.336937,4.337528,35.6651,35.6651,2.266,0.1378,0.0956,1.3132,115.03685260140826,39.93983333333333,-70.8815
AR66B,6,10,2022-04-21 15:33:47+00:00,26.35,26.3541,246.95689,233.695,14.9509,14.9497,35.4762,35.4762,35.4811,1026.7062,1026.7103,80.983,14.9632,14.962,4.343864,4.344283,35.4762,35.4762,2.6704,1.07,0.1642,1.2957,80.34718505663156,39.93983333333333,-70.8815
AR66B,6,11,2022-04-21 15:33:56+00:00,26.3501,26.3543,246.9409,233.088,14.9538,14.9543,35.4771,35.4771,35.4826,1026.7062,1026.7103,80.95,14.9661,14.9665,4.344258,4.344904,35.4771,35.4771,2.6685,1.0848,0.1806,1.2942,80.31445056734711,39.93983333333333,-70.8815
AR66B,6,12,2022-04-21 15:34:06+00:00,26.3501,26.3541,246.97324,233.736,14.9479,14.9472,35.4754,35.4754,35.4804,1026.7052,1026.7092,80.731,14.9601,14.9594,4.343466,4.343942,35.4754,35.4754,2.6696,1.2095,0.1679,1.2932,80.09721246046443,39.93983333333333,-70.8815
AR66B,6,13,2022-04-21 15:34:36+00:00,26.3501,26.354,246.96982,234.205,14.9485,14.9503,35.4756,35.4756,35.4811,1026.7058,1026.7097,80.874,14.9607,14.9625,4.343553,4.344333,35.4756,35.4756,2.6732,1.1923,0.1787,1.2902,80.23906202667584,39.93983333333333,-70.8815
AR66B,6,14,2022-04-21 15:34:43+00:00,26.3501,26.3541,246.96666,233.628,14.9491,14.9472,35.4758,35.4758,35.4804,1026.706,1026.71,80.895,14.9613,14.9594,4.343633,4.343953,35.4758,35.4758,2.6695,1.5231,0.1836,1.289,80.25989307358256,39.93983333333333,-70.8815
AR66B,6,15,2022-04-21 15:38:15+00:00,26.3183,26.3223,239.82758,226.284,16.3235,16.3239,35.839,35.839,35.8443,1026.4555,1026.4595,31.367,16.3285,16.3289,4.518943,4.519583,35.839,35.839,2.6759,1.0259,0.1478,1.2745,31.124473349000823,39.93983333333333,-70.8815
AR66B,6,16,2022-04-21 15:38:26+00:00,26.3185,26.3226,239.85511,226.467,16.318,16.3171,35.8376,35.8376,35.8427,1026.4573,1026.4614,31.729,16.3231,16.3222,4.518255,4.518736,35.8376,35.8376,2.6767,1.1366,0.1451,1.2788,31.483646766388418,39.93983333333333,-70.8815
AR66B,6,17,2022-04-21 15:41:08+00:00,26.3015,26.3049,239.03216,227.213,16.4888,16.4905,35.8675,35.8676,35.8724,1026.3355,1026.3388,7.767,16.4901,16.4917,4.53748,4.53819,35.8675,35.8676,2.6969,0.3738,0.1377,1.2967,7.70738739246331,39.93983333333333,-70.8815
AR66B,6,18,2022-04-21 15:41:20+00:00,26.302,26.3059,239.0548,226.826,16.4843,16.4837,35.8668,35.8668,35.8716,1026.3333,1026.3372,7.162,16.4855,16.4849,4.536896,4.537385,35.8668,35.8668,2.6944,0.4042,0.1325,1.2984,7.107041265612745,39.93983333333333,-70.8815
AR66B,6,19,2022-04-21 15:41:31+00:00,26.3018,26.3052,239.05093,227.157,16.4852,16.4862,35.8668,35.8668,35.8715,1026.333,1026.3365,7.142,16.4863,16.4873,4.536978,4.537621,35.8668,35.8668,2.6957,0.4179,0.1391,1.2985,7.087195082574038,39.93983333333333,-70.8815
AR66B,6,20,2022-04-21 15:43:00+00:00,26.2995,26.2469,239.00529,227.414,16.4954,16.4949,35.8669,35.8669,35.7983,1026.3196,1026.267,4.605,16.4962,16.4957,4.537877,4.53009,35.8669,35.8669,2.6996,0.3406,0.1316,1.3133,4.56969115047392,39.93983333333333,-70.8815
AR66B,6,21,2022-04-21 15:43:07+00:00,26.2996,26.2491,239.00965,227.256,16.4946,16.4943,35.8668,35.8668,35.801,1026.3182,1026.2677,4.249,16.4952,16.495,4.537757,4.530307,35.8668,35.8668,2.6986,0.2957,0.1284,1.3125,4.21642442250159,39.93983333333333,-70.8815
AR66B,6,22,2022-04-21 15:43:15+00:00,26.3007,26.253,239.03955,227.041,16.4883,16.4862,35.8662,35.8662,35.8037,1026.319,1026.2714,4.202,16.489,16.4869,4.537055,4.529783,35.8662,35.8662,2.6987,0.2798,0.1254,1.3136,4.169785230239918,39.93983333333333,-70.8815
AR66B,6,23,2022-04-21 15:43:27+00:00,26.3025,26.2597,239.10295,227.242,16.4751,16.4689,35.8646,35.8646,35.8071,1026.3217,1026.2789,4.377,16.4758,16.4696,4.535548,4.528422,35.8646,35.8646,2.6988,0.3305,0.1345,1.3173,4.34344174325454,39.93983333333333,-70.8815
AR66B,6,24,2022-04-21 15:43:40+00:00,26.3024,26.2619,239.11673,227.086,16.4725,16.4706,35.8637,35.8637,35.8104,1026.3215,1026.281,4.367,16.4732,16.4713,4.535174,4.528969,35.8637,35.8637,2.6964,0.3395,0.1388,1.3144,4.3335185179109885,39.93983333333333,-70.8815
AR66B,7,1,2022-04-21 23:35:18+00:00,27.6793,27.6819,306.33028,222.585,5.164,5.164,35.0294,35.0294,35.0327,1031.1104,1031.113,749.179,5.227,5.227,3.402419,3.402707,35.0294,35.0294,2.0187,-0.0225,0.1026,0.0077994,742.1074121201375,39.85433333333334,-70.6195
AR66B,7,2,2022-04-21 23:42:22+00:00,27.542,27.5443,295.39105,183.25,6.7008,6.7014,35.1039,35.1039,35.1069,1029.851,1029.8533,507.036,6.7485,6.7491,3.537582,3.537909,35.1039,35.1039,1.8437,-0.0209,0.0786,0.0068526,502.54198955011526,39.85433333333334,-70.6195
AR66B,7,3,2022-04-21 23:48:30+00:00,27.0037,27.0071,262.0811,123.558,11.997,11.9986,35.5328,35.5328,35.5376,1028.2283,1028.2317,275.458,12.0333,12.0349,4.070056,4.0707,35.5328,35.5328,1.5595,-0.0083,0.0995,0.0063293,273.1689297372469,39.85433333333334,-70.6195
AR66B,7,4,2022-04-21 23:53:00+00:00,26.6979,26.7017,250.11727,176.101,14.2218,14.2217,35.7218,35.7218,35.7266,1027.3342,1027.338,144.368,14.243,14.2429,4.301681,4.302194,35.7218,35.7218,2.1023,0.0235,0.1027,0.0061548,143.21366737058491,39.85433333333334,-70.6195
AR66B,7,5,2022-04-21 23:57:21+00:00,26.2452,26.2478,236.27942,217.717,17.0481,17.0491,35.967,35.967,35.9706,1026.4814,1026.4839,54.169,17.0571,17.0581,4.60858,4.609106,35.967,35.967,2.6216,1.3603,0.1772,0.0061548,53.74761682837635,39.85433333333334,-70.6195
AR66B,7,6,2022-04-22 00:00:14+00:00,26.2382,26.2422,235.93356,222.564,17.125,17.1224,35.9819,35.9819,35.9862,1026.3286,1026.3325,20.727,17.1284,17.1259,4.616072,4.616303,35.9819,35.9819,2.6783,1.7448,0.1334,0.0062545,20.5674311327395,39.85433333333334,-70.6195
AR66B,8,1,2022-04-22 02:01:49+00:00,27.4898,27.4929,292.4353,173.154,7.1315,7.1312,35.1135,35.1134,35.1173,1029.7947,1029.7978,507.296,7.1808,7.1805,3.578429,3.578754,35.1135,35.1134,1.7833,-0.0184,0.0834,0.0060801,502.80306695665854,39.77333333333333,-70.882
AR66B,8,2,2022-04-22 02:01:57+00:00,27.4898,27.4927,292.43363,173.32,7.1317,7.1321,35.1135,35.1135,35.1173,1029.7948,1029.7977,507.312,7.1811,7.1815,3.578454,3.57884,35.1135,35.1135,1.7834,0.0067,0.0827,0.006105,502.8189059026168,39.77333333333333,-70.882
AR66B,8,3,2022-04-22 02:07:48+00:00,27.0316,27.0346,263.2967,128.026,11.7791,11.7806,35.5151,35.5151,35.5193,1028.3916,1028.3946,305.706,11.819,11.8205,4.048738,4.049314,35.5151,35.5151,1.5881,-0.0105,0.0979,0.0061548,303.1456611820541,39.77333333333333,-70.882
AR66B,8,4,2022-04-22 02:07:58+00:00,27.0314,27.0349,263.28989,127.852,11.7803,11.7801,35.5152,35.5152,35.5195,1028.3922,1028.3956,305.877,11.8202,11.82,4.048872,4.049293,35.5152,35.5152,1.5867,-0.0157,0.0851,0.0061548,303.3151038614923,39.77333333333333,-70.882
AR66B,8,5,2022-04-22 02:12:41+00:00,26.6899,26.6934,246.24551,216.093,14.9339,14.9334,35.9118,35.9118,35.9162,1027.3712,1027.3747,155.118,14.9575,14.957,4.394226,4.394655,35.9118,35.9118,2.4922,0.012,0.0914,0.0060801,153.8748415663958,39.77333333333333,-70.882
AR66B,8,6,2022-04-22 02:12:52+00:00,26.6898,26.6933,246.25214,216.214,14.9327,14.9319,35.9114,35.9114,35.9157,1027.3705,1027.374,154.956,14.9562,14.9554,4.394056,4.394445,35.9114,35.9114,2.4942,0.0188,0.0889,0.0060552,153.71420012785904,39.77333333333333,-70.882
AR66B,8,7,2022-04-22 02:16:16+00:00,26.6706,26.673,246.55094,216.615,14.89,14.8877,35.8742,35.8742,35.8767,1027.1969,1027.1994,119.759,14.9082,14.9058,4.383581,4.383617,35.8742,35.8742,2.5053,0.1504,0.1036,0.0060801,118.8093850971418,39.77333333333333,-70.882
AR66B,8,8,2022-04-22 02:18:38+00:00,26.6112,26.6134,248.69811,226.859,14.5213,14.5188,35.693,35.693,35.6951,1027.0546,1027.0568,100.677,14.5363,14.5338,4.325824,4.3258,35.693,35.693,2.5891,0.6024,0.1457,0.006105,99.88330843795879,39.77333333333333,-70.882
AR66B,8,9,2022-04-22 02:18:48+00:00,26.6076,26.6098,248.78152,227.42,14.5075,14.5041,35.6844,35.6844,35.6863,1027.0509,1027.0531,100.654,14.5225,14.519,4.323526,4.323375,35.6844,35.6844,2.5922,0.6545,0.1558,0.0060801,99.86049532164938,39.77333333333333,-70.882
AR66B,8,10,2022-04-22 02:21:19+00:00,26.5493,26.5524,248.98079,239.141,14.4972,14.4985,35.606,35.606,35.6104,1026.9164,1026.9195,83.323,14.5096,14.5108,4.312971,4.313571,35.606,35.606,2.7003,1.7254,0.2065,0.0061299,82.66959421453323,39.77333333333333,-70.882
AR66B,8,11,2022-04-22 02:21:27+00:00,26.5491,26.5523,248.98415,239.068,14.4966,14.4971,35.6057,35.6057,35.61,1026.9179,1026.9211,83.701,14.509,14.5095,4.312897,4.313411,35.6057,35.6057,2.7007,2.0168,0.2175,0.0060801,83.04455395625273,39.77333333333333,-70.882
AR66B,8,12,2022-04-22 02:21:35+00:00,26.5489,26.552,248.97725,239.068,14.498,14.4977,35.6058,35.6058,35.6098,1026.9163,1026.9194,83.382,14.5104,14.5101,4.313025,4.313432,35.6058,35.6058,2.7016,1.8665,0.2192,0.006105,82.72811972206324,39.77333333333333,-70.882
AR66B,8,13,2022-04-22 02:23:52+00:00,26.4866,26.4899,247.71407,239.185,14.7582,14.7584,35.5984,35.5984,35.6027,1026.7533,1026.7566,60.585,14.7673,14.7675,4.336775,4.337261,35.5984,35.5984,2.7184,2.1667,0.2115,0.0060801,60.11321368281853,39.77333333333333,-70.882
AR66B,8,14,2022-04-22 02:23:59+00:00,26.4866,26.4899,247.71075,238.768,14.7588,14.7591,35.5985,35.5985,35.6029,1026.7533,1026.7566,60.579,14.7679,14.7682,4.336851,4.337357,35.5985,35.5985,2.7166,2.0779,0.238,0.006105,60.10726127987596,39.77333333333333,-70.882
AR66B,8,15,2022-04-22 02:24:06+00:00,26.4867,26.4898,247.71137,238.879,14.7587,14.759,35.5986,35.5986,35.6027,1026.753,1026.7561,60.493,14.7678,14.7681,4.336841,4.337324,35.5986,35.5986,2.7173,2.0118,0.2023,0.0061548,60.021943485352516,39.77333333333333,-70.882
AR66B,8,16,2022-04-22 02:26:03+00:00,26.451,26.4541,246.73595,239.517,14.9563,14.9567,35.6086,35.6086,35.6128,1026.629,1026.6321,40.454,14.9624,14.9628,4.356446,4.356937,35.6086,35.6086,2.7367,2.0494,0.1958,0.0060302,40.14093597507932,39.77333333333333,-70.882
AR66B,8,17,2022-04-22 02:26:10+00:00,26.4512,26.4543,246.73757,239.518,14.956,14.9563,35.6087,35.6087,35.6129,1026.6287,1026.6319,40.35,14.9621,14.9624,4.356415,4.356902,35.6087,35.6087,2.7367,2.5033,0.2162,0.006105,40.037750900956716,39.77333333333333,-70.882
AR66B,8,18,2022-04-22 02:28:30+00:00,26.4136,26.4177,245.56459,240.38,15.1948,15.1922,35.6286,35.6286,35.6333,1026.4307,1026.4349,3.901,15.1954,15.1928,4.380266,4.380515,35.6286,35.6286,2.7657,2.1327,0.231,0.0060552,3.871154199083567,39.77333333333333,-70.882
AR66B,8,19,2022-04-22 02:28:37+00:00,26.4138,26.4172,245.56814,240.634,15.1941,15.1934,35.6287,35.6287,35.6329,1026.4314,1026.4349,4.014,15.1947,15.194,4.380201,4.380601,35.6287,35.6287,2.7666,2.3709,0.1943,0.0061548,3.9832885659629,39.77333333333333,-70.882
AR66B,8,20,2022-04-22 02:28:45+00:00,26.4132,26.4167,245.5622,240.759,15.1955,15.1949,35.6283,35.6283,35.6327,1026.4304,1026.4339,3.905,15.1961,15.1955,4.380289,4.380715,35.6283,35.6283,2.766,2.2374,0.1976,0.0060801,3.875123558252675,39.77333333333333,-70.882
AR66B,8,21,2022-04-22 02:28:54+00:00,26.4142,26.4178,245.57077,240.082,15.1935,15.1926,35.629,35.629,35.6335,1026.4305,1026.4342,3.717,15.194,15.1932,4.38016,4.380562,35.629,35.629,2.7653,2.1026,0.2007,0.006105,3.688563594038772,39.77333333333333,-70.882
AR66B,8,22,2022-04-22 02:29:01+00:00,26.4138,26.4173,245.56375,240.35,15.1949,15.1943,35.629,35.629,35.6333,1026.4317,1026.4352,4.07,15.1955,15.1949,4.380316,4.38074,35.629,35.629,2.7669,2.3265,0.1984,0.0060801,4.038859556857077,39.77333333333333,-70.882
AR66B,8,23,2022-04-22 02:29:09+00:00,26.4132,26.4165,245.55821,240.46,15.1962,15.1959,35.6286,35.6286,35.6327,1026.4301,1026.4334,3.838,15.1968,15.1965,4.380389,4.380809,35.6286,35.6286,2.7663,2.0192,0.1951,0.006105,3.8086367820098315,39.77333333333333,-70.882
AR66B,8,24,2022-04-22 02:29:18+00:00,26.4141,26.4173,245.56799,240.302,15.194,15.1935,35.6291,35.6291,35.633,1026.4313,1026.4345,3.907,15.1946,15.1941,4.38023,4.380612,35.6291,35.6291,2.7648,2.0872,0.1956,0.0060552,3.877108237808345,39.77333333333333,-70.882
AR66B,9,1,2022-04-22 05:08:25+00:00,26.4481,26.4517,246.483,238.373,15.0055,15.0047,35.6189,35.6189,35.6233,1026.593,1026.5966,32.952,15.0105,15.0097,4.362026,4.362428,35.6189,35.6189,2.7329,1.8232,0.1936,0.0061798,32.697586880522174,39.77333333333333,-70.77516666666666
AR66B,9,2,2022-04-22 05:08:37+00:00,26.4482,26.4518,246.48592,238.47,15.0049,15.0041,35.6189,35.6189,35.6233,1026.5938,1026.5975,33.108,15.0099,15.0091,4.361975,4.362382,35.6189,35.6189,2.7323,1.9422,0.2124,0.0061798,32.85237002282063,39.77333333333333,-70.77516666666666
AR66B,9,3,2022-04-22 05:10:35+00:00,26.4134,26.4166,245.42121,241.932,15.2217,15.222,35.6362,35.6361,35.6404,1026.4321,1026.4354,4.261,15.2223,15.2226,4.383799,4.384297,35.6362,35.6361,2.7814,2.5691,0.2049,0.0062047,4.228396215813073,39.77333333333333,-70.77516666666666
AR66B,9,4,2022-04-22 05:10:44+00:00,26.4134,26.4169,245.42048,241.553,15.2219,15.2211,35.6362,35.6362,35.6405,1026.4315,1026.435,4.108,15.2225,15.2217,4.383809,4.384208,35.6362,35.6362,2.7789,2.4419,0.2142,0.0061548,4.076568434937221,39.77333333333333,-70.77516666666666
AR66B,10,1,2022-04-22 06:47:48+00:00,26.7187,26.7224,244.88842,217.791,15.1725,15.1722,36.0179,36.0178,36.0225,1027.4849,1027.4885,174.673,15.1994,15.1991,4.431095,4.431565,36.0179,36.0178,2.5158,0.0407,0.0862,0.0062296,173.26492597046771,39.77333333333333,-70.99133333333333
AR66B,10,2,2022-04-22 06:52:11+00:00,26.4719,26.4755,247.90164,241.689,14.732,14.7248,35.5718,35.5718,35.5745,1026.6657,1026.6693,44.011,14.7385,14.7314,4.33028,4.329858,35.5718,35.5718,2.7458,2.2048,0.2038,0.0061798,43.67003263211216,39.77333333333333,-70.99133333333333
AR66B,11,1,2022-04-22 14:59:20+00:00,27.5141,27.5177,293.75904,178.058,6.9428,6.9407,35.1107,35.1108,35.115,1029.5637,1029.5673,450.353,6.9858,6.9837,3.557591,3.557787,35.1107,35.1108,1.8234,-0.013,0.1164,1.3231,446.41881000742774,39.93966666666667,-70.77483333333333
AR66B,11,2,2022-04-22 14:59:37+00:00,27.5144,27.518,293.77497,178.202,6.9404,6.9381,35.1107,35.1107,35.1148,1029.5646,1029.5682,450.494,6.9834,6.9811,3.557376,3.557536,35.1107,35.1107,1.8234,-0.0039,0.1215,1.3239,446.5584266874199,39.93966666666667,-70.77483333333333
AR66B,11,3,2022-04-22 15:05:58+00:00,27.0456,27.0493,265.16687,129.432,11.4739,11.473,35.459,35.459,35.4636,1028.0507,1028.0545,225.406,11.5027,11.5018,4.008735,4.009113,35.459,35.459,1.6026,-0.0086,0.0939,1.3247,223.55815921353116,39.93966666666667,-70.77483333333333
AR66B,11,4,2022-04-22 15:06:07+00:00,27.045,27.0482,265.12519,129.218,11.481,11.4806,35.46,35.46,35.4639,1028.0504,1028.0535,225.456,11.5098,11.5094,4.009526,4.009891,35.46,35.46,1.6023,-0.0031,0.0878,1.3239,223.6077223038868,39.93966666666667,-70.77483333333333
AR66B,11,5,2022-04-22 15:11:23+00:00,26.4311,26.4349,246.88795,219.238,14.9301,14.9296,35.5754,35.5754,35.5801,1026.8035,1026.8073,84.67,14.9429,14.9424,4.352854,4.353328,35.5754,35.5754,2.5362,0.487,0.1405,1.3246,84.00448860180958,39.93966666666667,-70.77483333333333
AR66B,11,6,2022-04-22 15:11:37+00:00,26.4314,26.4349,246.88876,219.273,14.9298,14.9297,35.5757,35.5756,35.5802,1026.8051,1026.8086,84.958,14.9426,14.9426,4.352871,4.35336,35.5757,35.5756,2.5336,0.507,0.136,1.3246,84.29016609965352,39.93966666666667,-70.77483333333333
AR66B,11,7,2022-04-22 15:11:54+00:00,26.4313,26.4351,246.88568,219.347,14.9305,14.9297,35.5756,35.5756,35.5804,1026.8035,1026.8073,84.627,14.9433,14.9425,4.352918,4.353356,35.5756,35.5756,2.5369,0.5141,0.1306,1.3241,83.96183533010594,39.93966666666667,-70.77483333333333
AR66B,11,8,2022-04-22 15:15:32+00:00,26.3216,26.3247,255.50102,251.78,13.4293,13.4294,35.0204,35.0204,35.0246,1026.4556,1026.4588,30.247,13.4335,13.4336,4.142062,4.14251,35.0204,35.0204,2.7741,2.1606,0.2771,1.3253,30.013215039229006,39.93966666666667,-70.77483333333333
AR66B,11,9,2022-04-22 15:18:09+00:00,26.2868,26.2911,255.29125,260.039,13.4823,13.4888,34.9896,34.9896,34.9968,1026.3457,1026.3499,13.284,13.4841,13.4907,4.142963,4.14437,34.9896,34.9896,2.8534,2.8259,0.3362,1.3224,13.181867599427695,39.93966666666667,-70.77483333333333
AR66B,11,10,2022-04-22 15:19:45+00:00,26.227,26.232,257.56551,266.711,13.1102,13.1139,34.8145,34.8145,34.8219,1026.2632,1026.2682,8.15,13.1113,13.115,4.088122,4.089262,34.8145,34.8145,2.8953,1.3822,0.3197,1.3245,8.087440433231741,39.93966666666667,-70.77483333333333
AR66B,11,11,2022-04-22 15:20:07+00:00,26.2225,26.227,257.68832,267.31,13.0907,13.1013,34.8037,34.8036,34.8122,1026.2588,1026.2633,8.161,13.0918,13.1024,4.085105,4.087025,34.8037,34.8036,2.8955,1.3052,0.3327,1.3243,8.09835578093387,39.93966666666667,-70.77483333333333
AR66B,11,12,2022-04-22 15:21:15+00:00,26.1994,26.2022,258.49649,269.127,12.9609,12.9588,34.7402,34.7402,34.7432,1026.2184,1026.2212,4.28,12.9615,12.9594,4.065706,4.065815,34.7402,34.7402,2.9068,0.8367,0.3326,1.3236,4.247186501408269,39.93966666666667,-70.77483333333333
AR66B,12,1,2022-04-22 22:18:48+00:00,26.4466,26.4523,260.49793,237.329,12.5115,12.4743,34.944,34.944,34.942,1026.7594,1026.7652,70.312,12.5208,12.4836,4.047448,4.043649,34.944,34.944,2.591,0.3908,0.1959,0.11452,69.76076827378823,40.09766666666667,-70.88483333333333
AR66B,12,2,2022-04-22 22:21:54+00:00,25.6753,25.6788,287.75019,296.37,8.5367,8.535,33.0659,33.0659,33.0702,1025.8249,1025.8285,32.876,8.54,8.5384,3.490057,3.490311,33.0659,33.0659,2.8683,3.125,0.3005,0.11176,32.62121863711337,40.09766666666667,-70.88483333333333
AR66B,12,3,2022-04-22 22:22:02+00:00,25.6746,25.6781,287.7401,296.332,8.5384,8.5373,33.0654,33.0655,33.0696,1025.8246,1025.8281,32.962,8.5417,8.5406,3.490166,3.490465,33.0654,33.0655,2.8682,2.7749,0.2923,0.11196,32.70654533748403,40.09766666666667,-70.88483333333333
AR66B,12,4,2022-04-22 22:23:51+00:00,25.6071,25.608,284.8462,305.354,8.9896,9.003,33.068,33.068,33.0718,1025.7012,1025.7021,20.719,8.9918,9.0052,3.530017,3.53158,33.068,33.068,2.9704,3.4363,0.3719,0.11138,20.559038593564832,40.09766666666667,-70.88483333333333
AR66B,12,5,2022-04-22 22:24:00+00:00,25.5995,25.606,284.48069,304.977,9.0466,9.0324,33.0697,33.0697,33.0751,1025.6941,1025.7006,20.837,9.0488,9.0346,3.535283,3.534533,33.0697,33.0697,2.9706,3.7707,0.3624,0.11126,20.676121655938243,40.09766666666667,-70.88483333333333
AR66B,12,6,2022-04-22 22:25:56+00:00,25.5336,25.5364,281.00594,302.048,9.5936,9.5948,33.0974,33.0974,33.1012,1025.5463,1025.5491,2.792,9.5939,9.5951,3.586044,3.586534,33.0974,33.0974,2.9826,2.4002,0.3441,0.10952,2.770564776524885,40.09766666666667,-70.88483333333333
AR66B,12,7,2022-04-22 22:26:04+00:00,25.5332,25.5365,280.98223,301.761,9.5973,9.5966,33.0976,33.0976,33.1017,1025.5458,1025.5491,2.785,9.5976,9.5969,3.586401,3.586736,33.0976,33.0976,2.983,2.4046,0.3431,0.10959,2.763618565058395,40.09766666666667,-70.88483333333333
AR66B,13,1,2022-04-23 00:37:09+00:00,25.737,25.7394,288.74972,304.526,8.3698,8.3759,33.1126,33.1126,33.1168,1025.8073,1025.8096,15.418,8.3714,8.3774,3.478705,3.479637,33.1126,33.1126,2.9277,3.9607,0.3304,0.006105,15.299160346433567,40.09866666666667,-70.77433333333333
AR66B,13,2,2022-04-23 00:37:16+00:00,25.7409,25.7493,288.92058,304.38,8.3437,8.3267,33.1125,33.1125,33.1201,1025.8118,1025.8203,15.567,8.3452,8.3282,3.476376,3.475576,33.1125,33.1125,2.93,4.0481,0.3179,0.0061299,15.447006294612843,40.09866666666667,-70.77433333333333
AR66B,13,3,2022-04-23 00:38:46+00:00,25.6066,25.6097,284.30967,307.958,9.0709,9.0709,33.0837,33.0837,33.0877,1025.6219,1025.625,3.365,9.0713,9.0713,3.537876,3.538256,33.0837,33.0837,3.0001,3.1271,0.368,0.0061299,3.3391606972768866,40.09866666666667,-70.77433333333333
AR66B,13,4,2022-04-23 00:38:53+00:00,25.6038,25.6071,284.24818,307.583,9.0811,9.0806,33.0822,33.0822,33.0862,1025.6192,1025.6224,3.383,9.0815,9.0809,3.538643,3.538981,33.0822,33.0822,3.0007,3.4243,0.3871,0.0061299,3.3570223315448757,40.09866666666667,-70.77433333333333
AR66B,14,1,2022-04-23 02:00:27+00:00,26.7702,26.7736,254.44527,182.761,13.4172,13.4164,35.5967,35.5967,35.601,1027.4853,1027.4887,161.681,13.44,13.4393,4.209542,4.209923,35.5967,35.5967,2.1353,0.001,0.1515,0.0063293,160.37795071213887,40.09916666666667,-70.9935
AR66B,15,1,2022-04-23 15:18:08+00:00,26.7319,26.7353,253.47611,192.066,13.606,13.6054,35.5978,35.5978,35.6019,1027.3734,1027.3768,145.144,13.6267,13.6261,4.227344,4.227731,35.5978,35.5978,2.2258,0.012,0.2683,1.4167,143.98000261524294,40.098166666666664,-70.88466666666666
AR66B,15,2,2022-04-23 15:18:17+00:00,26.7316,26.7349,253.47064,191.602,13.6072,13.6068,35.5976,35.5976,35.6018,1027.3717,1027.3751,144.838,13.6278,13.6274,4.227426,4.227836,35.5976,35.5976,2.2235,0.0021,0.2886,1.41,143.67656300397897,40.098166666666664,-70.88466666666666
AR66B,15,3,2022-04-23 15:18:26+00:00,26.7319,26.7365,253.47467,191.765,13.6063,13.6024,35.5978,35.5978,35.6027,1027.3728,1027.3773,144.994,13.6269,13.6231,4.227372,4.227502,35.5978,35.5978,2.2236,0.0114,0.2952,1.4185,143.8312577638521,40.098166666666664,-70.88466666666666
AR66B,15,4,2022-04-23 15:21:05+00:00,26.6242,26.6274,254.39515,225.066,13.4927,13.4926,35.4282,35.4283,35.4323,1027.071,1027.0742,100.961,13.507,13.5069,4.195591,4.196014,35.4282,35.4283,2.5242,0.0495,0.1086,1.4034,100.16204529164087,40.098166666666664,-70.88466666666666
AR66B,15,5,2022-04-23 15:21:15+00:00,26.6241,26.6274,254.39349,225.241,13.493,13.4923,35.4282,35.4282,35.4323,1027.0712,1027.0745,101.028,13.5073,13.5066,4.195626,4.195986,35.4282,35.4282,2.5249,0.064,0.11,1.4056,100.22849882478563,40.098166666666664,-70.88466666666666
AR66B,15,6,2022-04-23 15:21:24+00:00,26.6237,26.627,254.38972,225.272,13.4939,13.4932,35.4279,35.4279,35.432,1027.0689,1027.0722,100.606,13.5081,13.5074,4.195655,4.196018,35.4279,35.4279,2.5254,0.0451,0.1104,1.4075,99.80994039078121,40.098166666666664,-70.88466666666666
AR66B,15,7,2022-04-23 15:23:58+00:00,26.4007,26.4021,264.70425,237.59,11.8235,11.796,34.7143,34.7143,34.7094,1026.7383,1026.7397,75.6,11.8332,11.8057,3.958085,3.954958,34.7143,34.7143,2.5602,0.3042,0.184,1.4537,75.00634702884915,40.098166666666664,-70.88466666666666
AR66B,15,8,2022-04-23 15:26:18+00:00,26.2212,26.2256,279.90333,241.386,9.4881,9.4898,33.9551,33.9551,33.961,1026.4934,1026.4977,60.194,9.4947,9.4964,3.662916,3.66365,33.9551,33.9551,2.4812,0.231,0.2098,1.3728,59.72355288224156,40.098166666666664,-70.88466666666666
AR66B,15,9,2022-04-23 15:26:30+00:00,26.2236,26.2274,279.84139,241.336,9.4966,9.4953,33.9598,33.9598,33.9645,1026.4962,1026.5001,60.304,9.5032,9.502,3.664162,3.664506,33.9598,33.9598,2.4813,0.2781,0.1917,1.3905,59.8326772258132,40.098166666666664,-70.88466666666666
AR66B,15,10,2022-04-23 15:29:11+00:00,25.752,25.7555,288.73607,293.442,8.3642,8.3631,33.1306,33.1306,33.1349,1025.9129,1025.9165,35.34,8.3677,8.3666,3.480954,3.481264,33.1306,33.1306,2.8364,2.3207,0.2733,1.4859,35.06591213439873,40.098166666666664,-70.88466666666666
AR66B,15,11,2022-04-23 15:29:21+00:00,25.7522,25.7553,288.76143,293.402,8.3604,8.3597,33.1302,33.1302,33.134,1025.9135,1025.9166,35.415,8.364,8.3632,3.480587,3.480877,33.1302,33.1302,2.8361,2.6425,0.2751,1.4823,35.14032406424971,40.098166666666664,-70.88466666666666
AR66B,15,12,2022-04-23 15:29:31+00:00,25.7519,25.7555,288.73556,292.797,8.3643,8.364,33.1305,33.1305,33.135,1025.9131,1025.9167,35.399,8.3678,8.3675,3.48096,3.481355,33.1305,33.1305,2.8344,2.2361,0.2645,1.4761,35.12444952148495,40.098166666666664,-70.88466666666666
AR66B,15,13,2022-04-23 15:29:42+00:00,25.7521,25.7554,288.73384,293.209,8.3645,8.3637,33.1308,33.1308,33.1349,1025.9126,1025.9159,35.238,8.368,8.3672,3.480998,3.481313,33.1308,33.1308,2.8355,2.142,0.2602,1.4836,34.96471186638531,40.098166666666664,-70.88466666666666
AR66B,15,14,2022-04-23 15:33:02+00:00,25.7435,25.747,289.06946,297.571,8.3204,8.3179,33.1115,33.1115,33.1154,1025.8494,1025.8529,23.234,8.3228,8.3202,3.474614,3.474763,33.1115,33.1115,2.8776,2.9542,0.2981,1.4392,23.05447983796507,40.098166666666664,-70.88466666666666
AR66B,15,15,2022-04-23 15:33:24+00:00,25.7424,25.7457,289.3672,301.659,8.278,8.2773,33.1019,33.1019,33.106,1025.8487,1025.852,23.323,8.2803,8.2796,3.469937,3.47027,33.1019,33.1019,2.9006,3.3768,0.3153,1.4526,23.14278717463907,40.098166666666664,-70.88466666666666
AR66B,15,16,2022-04-23 15:35:29+00:00,25.598,25.6019,284.41487,313.092,9.0583,9.0522,33.0701,33.0701,33.0739,1025.6312,1025.6351,7.32,9.0591,9.0529,3.53565,3.535462,33.0701,33.0701,3.0417,1.5253,0.4246,1.436,7.263721523173223,40.098166666666664,-70.88466666666666
AR66B,15,17,2022-04-23 15:35:39+00:00,25.5968,25.6005,284.28727,312.982,9.0777,9.0672,33.0724,33.0725,33.0752,1025.6296,1025.6333,7.224,9.0784,9.068,3.537603,3.536931,33.0724,33.0725,3.0413,1.4263,0.3976,1.4302,7.168461270779171,40.098166666666664,-70.88466666666666
AR66B,15,18,2022-04-23 15:35:48+00:00,25.5968,25.5998,284.32736,313.335,9.0717,9.0811,33.0714,33.0714,33.077,1025.6284,1025.6314,6.947,9.0725,9.0819,3.536952,3.538339,33.0714,33.0714,3.043,1.4622,0.383,1.4363,6.893595502180105,40.098166666666664,-70.88466666666666
AR66B,15,19,2022-04-23 15:37:09+00:00,25.5543,25.557,282.59687,310.727,9.3462,9.3496,33.0727,33.0727,33.0768,1025.574,1025.5766,4.337,9.3466,9.3501,3.561518,3.562226,33.0727,33.0727,3.0417,0.7581,0.3524,1.4268,4.303686911403065,40.098166666666664,-70.88466666666666
AR66B,15,20,2022-04-23 15:37:18+00:00,25.5534,25.5567,282.56119,311.234,9.3518,9.3484,33.0727,33.0728,33.0763,1025.5727,1025.576,4.256,9.3523,9.3489,3.562028,3.562064,33.0727,33.0728,3.0444,0.7348,0.3595,1.4464,4.223309913258551,40.098166666666664,-70.88466666666666
AR66B,15,21,2022-04-23 15:37:26+00:00,25.5525,25.5569,282.51817,311.159,9.3586,9.3506,33.073,33.073,33.0769,1025.5714,1025.5757,4.15,9.3591,9.3511,3.562657,3.562316,33.073,33.073,3.0423,0.7024,0.3581,1.4366,4.118125151926164,40.098166666666664,-70.88466666666666
AR66B,15,22,2022-04-23 15:37:34+00:00,25.5504,25.5564,282.4562,310.623,9.3687,9.3602,33.0724,33.0724,33.0783,1025.57,1025.576,4.32,9.3692,9.3607,3.563507,3.563314,33.0724,33.0724,3.0419,0.6791,0.3621,1.438,4.286817667497699,40.098166666666664,-70.88466666666666
AR66B,15,23,2022-04-23 15:37:42+00:00,25.5543,25.5547,282.58382,311.294,9.3481,9.364,33.0731,33.0731,33.0768,1025.5734,1025.5738,4.22,9.3486,9.3645,3.561727,3.563513,33.0731,33.0731,3.044,0.6857,0.3763,1.4368,4.187586792833904,40.098166666666664,-70.88466666666666
AR66B,15,24,2022-04-23 15:37:50+00:00,25.5536,25.5559,282.55652,311.396,9.3525,9.3591,33.0731,33.0731,33.0774,1025.5732,1025.5754,4.314,9.3529,9.3596,3.562122,3.56313,33.0731,33.0731,3.0451,0.7134,0.349,1.4294,4.2808638163754065,40.098166666666664,-70.88466666666666
AR66B,16,1,2022-04-23 22:03:12+00:00,25.7773,25.7808,290.13919,289.381,8.1537,8.1531,33.123,33.123,33.1274,1025.8828,1025.8863,23.127,8.156,8.1554,3.460865,3.461223,33.123,33.123,2.7976,1.6933,0.2584,0.11844,22.947758474700077,40.3635,-70.88233333333334
AR66B,16,2,2022-04-23 22:05:20+00:00,25.4975,25.5009,277.70662,300.979,10.1107,10.1088,33.1609,33.1609,33.1649,1025.511,1025.5144,2.99,10.111,10.1091,3.638909,3.639131,33.1609,33.1609,3.007,2.0927,0.3295,0.12452,2.966971460226413,40.3635,-70.88233333333334
AR66B,17,1,2022-04-24 00:05:45+00:00,25.811,25.814,290.35573,289.763,8.1096,8.1095,33.1576,33.1576,33.1614,1025.9252,1025.9282,25.039,8.1121,8.112,3.460302,3.460652,33.1576,33.1576,2.7965,1.4003,0.2591,0.006105,24.844827699562742,40.36216666666667,-70.77466666666666
AR66B,17,2,2022-04-24 00:05:57+00:00,25.8109,25.8139,290.35501,290.079,8.1098,8.1097,33.1575,33.1575,33.1613,1025.9249,1025.9279,24.998,8.1122,8.1122,3.460301,3.460655,33.1575,33.1575,2.7987,1.7509,0.2344,0.0060552,24.804148112135984,40.36216666666667,-70.77466666666666
AR66B,17,3,2022-04-24 00:07:46+00:00,25.6121,25.6153,282.69854,308.683,9.3087,9.3046,33.1389,33.1389,33.1422,1025.6273,1025.6305,3.347,9.3091,9.3049,3.564518,3.564462,33.1389,33.1389,3.0225,2.2769,0.3469,0.0062047,3.32121942590207,40.36216666666667,-70.77466666666666
AR66B,17,4,2022-04-24 00:07:55+00:00,25.611,25.6145,282.63452,308.469,9.3187,9.3166,33.1395,33.1395,33.1436,1025.6255,1025.629,3.201,9.3191,9.3169,3.565469,3.565668,33.1395,33.1395,3.0246,2.2385,0.3204,0.0061548,3.176345129208821,40.36216666666667,-70.77466666666666
AR66B,18,1,2022-04-24 01:39:52+00:00,25.794,25.7973,289.46289,286.55,8.2431,8.2417,33.1611,33.1611,33.1651,1025.9676,1025.9709,38.107,8.2468,8.2455,3.473193,3.473446,33.1611,33.1611,2.7736,1.3416,0.2738,0.0062545,37.810286013862004,40.36333333333334,-70.9925
AR66B,18,2,2022-04-24 01:42:13+00:00,25.677,25.6847,284.81112,304.363,8.9686,8.9517,33.1531,33.1531,33.1595,1025.7384,1025.7461,13.518,8.97,8.9531,3.535924,3.535028,33.1531,33.1531,2.9645,3.1888,0.3354,0.0062545,13.41354402365561,40.36333333333334,-70.9925
AR66B,19,1,2022-04-24 14:19:03+00:00,26.5804,26.5838,255.73441,195.823,13.2722,13.2716,35.3133,35.3133,35.3174,1027.1261,1027.1295,123.184,13.2894,13.2888,4.1631,4.163475,35.3133,35.3133,2.2473,0.2206,0.438,0.55418,122.20118159534844,40.2265,-70.88316666666667
AR66B,19,2,2022-04-24 14:19:25+00:00,26.5805,26.5838,255.73749,195.662,13.2716,13.2711,35.3132,35.3132,35.3173,1027.1275,1027.1308,123.491,13.2889,13.2883,4.163049,4.163433,35.3132,35.3132,2.2472,0.2093,0.4254,0.56081,122.50564116521163,40.2265,-70.88316666666667
AR66B,19,3,2022-04-24 14:19:36+00:00,26.5805,26.5839,255.7398,195.713,13.2712,13.271,35.3131,35.3131,35.3174,1027.1264,1027.1298,123.246,13.2885,13.2882,4.16299,4.163427,35.3131,35.3131,2.2481,0.1742,0.427,0.56507,122.26266858074527,40.2265,-70.88316666666667
AR66B,19,4,2022-04-24 14:21:54+00:00,26.5327,26.5355,258.60423,208.785,12.7982,12.7936,35.1282,35.1282,35.1307,1026.9293,1026.9322,89.299,12.8104,12.8057,4.095471,4.095276,35.1282,35.1282,2.3552,0.0306,0.202,0.78832,88.5938006445938,40.2265,-70.88316666666667
AR66B,19,5,2022-04-24 14:24:55+00:00,26.0519,26.0536,284.09488,263.26,8.926,8.9205,33.6234,33.6235,33.6245,1026.3034,1026.3051,55.431,8.9319,8.9264,3.579414,3.57902,33.6234,33.6235,2.6267,0.5133,0.1721,0.58981,54.99777103166027,40.2265,-70.88316666666667
AR66B,19,6,2022-04-24 14:25:08+00:00,26.0498,26.0553,284.11256,262.965,8.9242,8.9338,33.6204,33.6204,33.6293,1026.3031,1026.3086,55.836,8.9301,8.9396,3.578975,3.580699,33.6204,33.6204,2.6264,0.8,0.1837,0.57818,55.39955131837368,40.2265,-70.88316666666667
AR66B,19,7,2022-04-24 14:25:19+00:00,26.0475,26.0527,284.35271,262.918,8.8895,8.9147,33.6105,33.6106,33.6222,1026.3007,1026.3058,55.795,8.8954,8.9205,3.574889,3.578283,33.6105,33.6106,2.6232,0.7238,0.1991,0.57297,55.35887730052424,40.2265,-70.88316666666667
AR66B,19,8,2022-04-24 14:28:03+00:00,25.7468,25.75,291.2397,286.989,8.0069,8.0062,33.0567,33.0567,33.0606,1025.9071,1025.9102,35.115,8.0103,8.0096,3.442236,3.442542,33.0567,33.0567,2.7641,1.078,0.2228,0.67611,34.84226946292532,40.2265,-70.88316666666667
AR66B,19,9,2022-04-24 14:28:15+00:00,25.7464,25.75,291.24122,286.829,8.0068,8.0061,33.0561,33.0561,33.0605,1025.9072,1025.9108,35.237,8.0102,8.0095,3.442182,3.442539,33.0561,33.0561,2.7636,1.0777,0.2114,0.68431,34.96331157411119,40.2265,-70.88316666666667
AR66B,19,10,2022-04-24 14:30:09+00:00,25.7129,25.7162,291.30196,294.181,8.0119,8.0119,33.0143,33.0143,33.0186,1025.8282,1025.8315,25.266,8.0143,8.0144,3.438189,3.438596,33.0143,33.0143,2.8247,1.5398,0.2542,1.207,25.07036317394421,40.2265,-70.88316666666667
AR66B,19,11,2022-04-24 14:30:20+00:00,25.7125,25.7162,291.28681,294.282,8.0141,8.0122,33.0143,33.0143,33.0186,1025.8277,1025.8314,25.244,8.0166,8.0146,3.438392,3.438614,33.0143,33.0143,2.8238,1.8569,0.2931,1.3528,25.048534858100023,40.2265,-70.88316666666667
AR66B,19,12,2022-04-24 14:30:29+00:00,25.7119,25.7155,291.24288,294.758,8.0207,8.0176,33.0148,33.0148,33.0187,1025.8258,1025.8293,24.946,8.0231,8.02,3.438994,3.439092,33.0148,33.0148,2.8274,1.6514,0.2718,1.4696,24.75286016864248,40.2265,-70.88316666666667
AR66B,19,13,2022-04-24 14:30:44+00:00,25.712,25.7152,291.24069,294.895,8.0209,8.021,33.0149,33.0149,33.0189,1025.8285,1025.8316,25.523,8.0234,8.0234,3.439059,3.439441,33.0149,33.0149,2.8291,2.2366,0.3059,1.4811,25.325357418372356,40.2265,-70.88316666666667
AR66B,19,14,2022-04-24 14:33:02+00:00,25.6207,25.6229,287.79058,307.105,8.5533,8.5548,32.9995,32.9995,33.0026,1025.6985,1025.7008,17.109,8.555,8.5565,3.484382,3.484821,32.9995,32.9995,2.9609,3.9262,0.4037,1.5256,16.976859343695697,40.2265,-70.88316666666667
AR66B,19,15,2022-04-24 14:33:10+00:00,25.6248,25.623,288.04139,306.604,8.5153,8.5349,32.9974,32.9974,32.9989,1025.702,1025.7003,16.963,8.517,8.5366,3.480802,3.482692,32.9974,32.9974,2.9504,4.0635,0.3875,1.5295,16.83199292848657,40.2265,-70.88316666666667
AR66B,19,16,2022-04-24 14:35:44+00:00,25.5793,25.5802,286.14788,309.526,8.81,8.8218,32.9968,32.9968,33.0002,1025.6109,1025.6117,6.947,8.8108,8.8225,3.506438,3.507816,32.9968,32.9968,2.9962,1.2528,0.3634,1.0532,6.893515032781939,40.2265,-70.88316666666667
AR66B,19,17,2022-04-24 14:35:54+00:00,25.5689,25.5726,285.77951,309.189,8.8682,8.8643,32.995,32.995,32.9989,1025.6002,1025.6039,6.889,8.8689,8.865,3.511438,3.511472,32.995,32.995,2.9976,1.1177,0.3657,1.1503,6.835962536616634,40.2265,-70.88316666666667
AR66B,19,18,2022-04-24 14:36:08+00:00,25.5718,25.5743,285.86214,309.114,8.8548,8.8572,32.9961,32.9961,32.9997,1025.6042,1025.6067,7.126,8.8556,8.858,3.510376,3.510932,32.9961,32.9961,2.9961,1.1443,0.3642,1.4228,7.071133841259179,40.2265,-70.88316666666667
AR66B,19,19,2022-04-24 14:37:18+00:00,25.5693,25.5726,285.77123,309.234,8.8696,8.869,32.9959,32.9959,32.9999,1025.5832,1025.5865,3.048,8.8699,8.8693,3.511447,3.511787,32.9959,32.9959,2.9989,0.8962,0.3781,1.4687,3.024562047104381,40.2265,-70.88316666666667
AR66B,19,20,2022-04-24 14:37:23+00:00,25.5701,25.5733,285.80939,309.3,8.8637,8.8629,32.9957,32.9957,32.9996,1025.5842,1025.5874,3.114,8.864,8.8633,3.510904,3.511216,32.9957,32.9957,2.9989,0.8935,0.3594,1.4602,3.0900540376582692,40.2265,-70.88316666666667
AR66B,19,21,2022-04-24 14:37:32+00:00,25.5697,25.5728,285.79451,309.427,8.866,8.8666,32.9956,32.9956,32.9997,1025.5837,1025.5868,3.084,8.8663,8.8669,3.511109,3.511554,32.9956,32.9956,2.9997,0.8968,0.3619,1.4618,3.0602849536424612,40.2265,-70.88316666666667
AR66B,19,22,2022-04-24 14:37:40+00:00,25.5698,25.5732,285.79903,309.597,8.8653,8.8643,32.9956,32.9956,32.9998,1025.5841,1025.5876,3.161,8.8656,8.8646,3.511045,3.511358,32.9956,32.9956,3.0005,0.9494,0.3635,1.4656,3.13669226057199,40.2265,-70.88316666666667
AR66B,19,23,2022-04-24 14:37:48+00:00,25.5701,25.5732,285.80188,309.286,8.8648,8.8644,32.9959,32.9959,32.9998,1025.5841,1025.5872,3.088,8.8651,8.8647,3.511021,3.511361,32.9959,32.9959,3.0007,0.9124,0.3641,1.4548,3.0642541650949005,40.2265,-70.88316666666667
AR66B,19,24,2022-04-24 14:37:56+00:00,25.57,25.5733,285.80654,309.614,8.8641,8.8635,32.9956,32.9956,32.9997,1025.5844,1025.5876,3.159,8.8644,8.8639,3.510945,3.511284,32.9956,32.9956,3.0011,0.9064,0.3631,1.4527,3.134707655558251,40.2265,-70.88316666666667
AR66B,20,1,2022-04-24 22:10:25+00:00,26.6698,26.6735,251.95027,187.033,13.9048,13.9039,35.5983,35.5983,35.6028,1027.2482,1027.2518,130.997,13.9238,13.9228,4.256154,4.25654,35.5983,35.5983,2.1937,0.2003,0.4612,0.20864,129.95048170728563,40.134,-70.77
AR66B,20,2,2022-04-24 22:10:34+00:00,26.6699,26.6735,251.95395,186.858,13.9042,13.904,35.5982,35.5982,35.6029,1027.2476,1027.2512,130.864,13.9231,13.9229,4.256067,4.256553,35.5982,35.5982,2.193,0.2474,0.4031,0.20867,129.81858601862555,40.134,-70.77
AR66B,20,3,2022-04-24 22:14:01+00:00,26.5207,26.5233,258.89657,216.688,12.754,12.7555,35.1014,35.1014,35.1051,1026.878,1026.8806,80.406,12.7648,12.7664,4.08786,4.088397,35.1014,35.1014,2.4231,0.0761,0.1895,0.20237,79.77341889175364,40.134,-70.77
AR66B,20,4,2022-04-24 22:14:09+00:00,26.52,26.5227,258.9685,216.317,12.742,12.7385,35.0974,35.0974,35.1001,1026.8762,1026.8789,80.156,12.7528,12.7494,4.086259,4.086209,35.0974,35.0974,2.4159,0.0849,0.1692,0.20207,79.5254338897595,40.134,-70.77
AR66B,20,5,2022-04-24 22:16:20+00:00,26.3978,26.4041,267.16194,235.841,11.4224,11.4217,34.6142,34.6142,34.622,1026.6684,1026.6747,60.476,11.43,11.4293,3.908872,3.9096,34.6142,34.6142,2.539,0.2883,0.1806,0.19516,60.003112383320754,40.134,-70.77
AR66B,20,6,2022-04-24 22:16:30+00:00,26.396,26.3972,267.19117,234.592,11.4184,11.4162,34.6109,34.6109,34.6119,1026.6655,1026.6667,60.223,11.4259,11.4238,3.908143,3.908039,34.6109,34.6109,2.5257,0.197,0.1741,0.19499,59.75212733312627,40.134,-70.77
AR66B,20,7,2022-04-24 22:18:31+00:00,25.9352,25.9393,279.04894,272.417,9.7309,9.7272,33.6403,33.6403,33.6447,1026.1174,1026.1215,40.319,9.7354,9.7317,3.653463,3.653556,33.6403,33.6403,2.7491,0.9091,0.1906,0.18793,40.00568304540123,40.134,-70.77
AR66B,20,8,2022-04-24 22:18:42+00:00,25.9352,25.9376,279.11301,272.625,9.7212,9.7263,33.6382,33.6382,33.6424,1026.1164,1026.1188,40.082,9.7256,9.7308,3.652357,3.653236,33.6382,33.6382,2.7494,1.0155,0.191,0.18671,39.77054761044623,40.134,-70.77
AR66B,20,9,2022-04-24 22:20:39+00:00,25.8641,25.8681,283.94894,279.354,9.0225,9.0064,33.4029,33.4029,33.4048,1026.0012,1026.0053,30.226,9.0257,9.0096,3.565646,3.564373,33.4029,33.4029,2.7658,1.6415,0.1874,0.17966,29.991849132159782,40.134,-70.77
AR66B,20,10,2022-04-24 22:20:49+00:00,25.8656,25.8682,283.84259,278.957,9.0377,9.0219,33.4079,33.4079,33.4081,1026.0024,1026.0051,30.166,9.0409,9.025,3.567492,3.566079,33.4079,33.4079,2.764,1.5823,0.1765,0.17877,29.932318286896706,40.134,-70.77
AR66B,20,11,2022-04-24 22:22:16+00:00,25.7365,25.7352,286.18137,305.646,8.7433,8.7461,33.1845,33.1845,33.1832,1025.8308,1025.8294,20.731,8.7455,8.7483,3.519145,3.519277,33.1845,33.1845,2.9595,2.4243,0.2614,0.17353,20.570877383870357,40.134,-70.77
AR66B,20,12,2022-04-24 22:22:24+00:00,25.722,25.7265,286.16374,306.014,8.7515,8.7542,33.1675,33.1675,33.1738,1025.8176,1025.8221,21.025,8.7536,8.7563,3.518272,3.51911,33.1675,33.1675,2.967,3.3289,0.3016,0.17199,20.862591705196987,40.134,-70.77
AR66B,20,13,2022-04-24 22:24:02+00:00,25.6806,25.6827,285.55454,316.366,8.8578,8.8598,33.1356,33.1356,33.1387,1025.7347,1025.7369,11.922,8.859,8.8611,3.524244,3.524728,33.1356,33.1356,3.0559,4.4214,0.368,0.16823,11.83016929156211,40.134,-70.77
AR66B,20,14,2022-04-24 22:24:08+00:00,25.6798,25.6828,285.53895,316.866,8.8603,8.8596,33.1352,33.1352,33.1388,1025.7343,1025.7373,11.995,8.8616,8.8608,3.524437,3.524718,33.1352,33.1352,3.0586,5.036,0.3868,0.16805,11.902604892457113,40.134,-70.77
AR66B,20,15,2022-04-24 22:24:25+00:00,25.6799,25.6829,285.54411,316.793,8.8595,8.8591,33.1351,33.1351,33.1388,1025.7349,1025.7378,12.098,8.8608,8.8604,3.524367,3.524678,33.1351,33.1351,3.0605,4.962,0.3808,0.1677,12.004808504890768,40.134,-70.77
AR66B,20,16,2022-04-24 22:24:34+00:00,25.6797,25.6826,285.52571,316.88,8.8623,8.8621,33.1354,33.1354,33.1391,1025.7343,1025.7372,12.008,8.8636,8.8634,3.52464,3.524972,33.1354,33.1354,3.0624,4.8822,0.3859,0.16738,11.915504380337069,40.134,-70.77
AR66B,20,17,2022-04-24 22:26:04+00:00,25.6805,25.6835,285.55478,317.149,8.8586,8.8582,33.1356,33.1356,33.1394,1025.6952,1025.6983,3.254,8.859,8.8585,3.523863,3.524179,33.1356,33.1356,3.0654,4.1186,0.4022,0.16344,3.2290035433120536,40.134,-70.77
AR66B,20,18,2022-04-24 22:26:12+00:00,25.6803,25.6832,285.54924,316.839,8.8596,8.8586,33.1356,33.1356,33.1391,1025.6932,1025.6961,2.847,8.8599,8.8589,3.523919,3.524166,33.1356,33.1356,3.0652,4.0676,0.366,0.16299,2.8251328100485456,40.134,-70.77
AR66B,20,19,2022-04-24 22:26:20+00:00,25.6803,25.6828,285.55112,317.189,8.8592,8.8585,33.1356,33.1356,33.1386,1025.6954,1025.6979,3.318,8.8596,8.8588,3.523915,3.524134,33.1356,33.1356,3.0642,4.0034,0.4,0.16291,3.292511399326069,40.134,-70.77
AR66B,20,20,2022-04-24 22:26:31+00:00,25.6799,25.6827,285.52563,316.411,8.8632,8.8635,33.1358,33.1358,33.1394,1025.6924,1025.6952,2.757,8.8635,8.8638,3.52426,3.524634,33.1358,33.1358,3.0628,3.9119,0.3942,0.16232,2.7358246778259976,40.134,-70.77
AR66B,20,21,2022-04-24 22:26:39+00:00,25.6798,25.6826,285.52178,316.993,8.8638,8.864,33.1358,33.1358,33.1394,1025.6936,1025.6965,3.044,8.8641,8.8643,3.524326,3.524698,33.1358,33.1358,3.0639,4.0747,0.3803,0.16112,3.020618252264641,40.134,-70.77
AR66B,20,22,2022-04-24 22:26:47+00:00,25.6799,25.6827,285.52917,316.853,8.8626,8.8631,33.1357,33.1357,33.1394,1025.6935,1025.6963,2.992,8.863,8.8635,3.524216,3.524614,33.1357,33.1357,3.0633,4.1306,0.3859,0.1608,2.9690180521639635,40.134,-70.77
AR66B,21,1,2022-04-25 14:12:39+00:00,26.1052,26.1085,286.89237,244.71,8.4912,8.4903,33.6056,33.6056,33.6096,1026.5121,1026.5154,89.543,8.5004,8.4995,3.540195,3.54049,33.6056,33.6056,2.4487,0.1391,0.4535,0.79724,88.83470259574034,40.36483333333334,-70.77583333333334
AR66B,21,2,2022-04-25 14:12:55+00:00,26.1052,26.1086,286.88634,244.784,8.4922,8.4912,33.6058,33.6057,33.6099,1026.5099,1026.5133,89.05,8.5013,8.5003,3.54027,3.54057,33.6058,33.6057,2.4492,0.1306,0.4077,0.79584,88.34570779001547,40.36483333333334,-70.77583333333334
AR66B,21,3,2022-04-25 14:16:36+00:00,25.8421,25.8438,291.16943,280.077,7.9796,7.9827,33.173,33.173,33.1757,1026.0478,1026.0495,45.089,7.984,7.9871,3.451245,3.451771,33.173,33.173,2.709,0.7101,0.2019,0.69037,44.73715848558799,40.36483333333334,-70.77583333333334
AR66B,21,4,2022-04-25 14:16:46+00:00,25.8424,25.8449,291.18147,280.23,7.9778,7.9785,33.173,33.173,33.1763,1026.0489,1026.0514,45.267,7.9822,7.9829,3.451092,3.451468,33.173,33.173,2.7095,0.6459,0.1835,0.69044,44.91375012490959,40.36483333333334,-70.77583333333334
AR66B,21,5,2022-04-25 14:18:21+00:00,25.7498,25.7541,288.51925,296.131,8.3964,8.3921,33.134,33.134,33.1386,1025.9106,1025.9149,35.319,8.3999,8.3957,3.484144,3.484201,33.134,33.134,2.8579,1.9257,0.2536,0.70323,35.0442264048483,40.36483333333334,-70.77583333333334
AR66B,21,6,2022-04-25 14:20:26+00:00,25.7269,25.7306,287.8451,299.928,8.5038,8.5021,33.1255,33.1255,33.1298,1025.8412,1025.8449,25.116,8.5064,8.5046,3.492374,3.492629,33.1255,33.1255,2.9001,2.4748,0.2804,0.76066,24.921219875249975,40.36483333333334,-70.77583333333334
AR66B,21,7,2022-04-25 14:20:45+00:00,25.7247,25.7275,287.79783,300.018,8.5116,8.5129,33.1241,33.1241,33.128,1025.8397,1025.8425,25.273,8.5141,8.5154,3.492939,3.493422,33.1241,33.1241,2.9008,2.3514,0.2855,0.78186,25.07699275877926,40.36483333333334,-70.77583333333334
AR66B,21,8,2022-04-25 14:22:59+00:00,25.7156,25.7191,287.46164,304.144,8.5652,8.5644,33.1229,33.1229,33.1273,1025.7719,1025.7755,12.389,8.5664,8.5657,3.496923,3.497275,33.1229,33.1229,2.9381,3.0539,0.3115,0.96995,12.293299988705618,40.36483333333334,-70.77583333333334
AR66B,21,9,2022-04-25 14:25:40+00:00,25.6985,25.7016,286.74263,304.193,8.6771,8.6769,33.1229,33.1229,33.1268,1025.7305,1025.7336,7.034,8.6779,8.6777,3.506629,3.506986,33.1229,33.1229,2.9471,1.2567,0.2909,0.80566,6.979755852281061,40.36483333333334,-70.77583333333334
AR66B,21,10,2022-04-25 14:25:52+00:00,25.7012,25.7027,286.85188,304.384,8.6602,8.6692,33.123,33.123,33.1268,1025.7323,1025.7339,6.854,8.6609,8.6699,3.505114,3.506281,33.123,33.123,2.9502,1.3635,0.3085,0.80481,6.801146928990062,40.36483333333334,-70.77583333333334
AR66B,22,1,2022-04-25 21:13:37+00:00,26.0876,26.091,287.06695,244.945,8.4725,8.4714,33.5795,33.5795,33.5836,1026.4993,1026.5027,90.575,8.4817,8.4806,3.536083,3.536378,33.5795,33.5795,2.4507,0.1622,0.4862,0.95699,89.85834063190978,40.361666666666665,-70.876
AR66B,22,2,2022-04-25 21:13:44+00:00,26.0878,26.0911,287.06172,245.108,8.4732,8.472,33.5798,33.5798,33.5839,1026.4992,1026.5026,90.521,8.4824,8.4813,3.536176,3.536458,33.5798,33.5798,2.4513,0.1682,0.5299,0.95328,89.80477964379375,40.361666666666665,-70.876
AR66B,22,3,2022-04-25 21:16:43+00:00,25.8826,25.8857,291.40709,274.694,7.9294,7.9288,33.2152,33.2152,33.2191,1026.135,1026.1382,55.328,7.9348,7.9342,3.45127,3.451583,33.2152,33.2152,2.6592,0.4407,0.182,0.8864,54.894914302513875,40.361666666666665,-70.876
AR66B,22,4,2022-04-25 21:16:50+00:00,25.8824,25.8856,291.40547,274.508,7.9297,7.9284,33.2151,33.2151,33.2189,1026.1341,1026.1372,55.155,7.9351,7.9337,3.451276,3.451512,33.2151,33.2151,2.6606,0.4259,0.1752,0.91438,54.723291422549465,40.361666666666665,-70.876
AR66B,22,5,2022-04-25 21:20:05+00:00,25.7783,25.7822,290.12984,287.708,8.1535,8.152,33.1242,33.1242,33.1288,1025.9387,1025.9425,35.171,8.157,8.1554,3.461598,3.461894,33.1242,33.1242,2.7805,1.2416,0.2235,0.78735,34.897400395738615,40.361666666666665,-70.876
AR66B,22,6,2022-04-25 21:20:12+00:00,25.778,25.7812,290.12669,287.587,8.1541,8.1538,33.1239,33.1239,33.1279,1025.9384,1025.9416,35.18,8.1576,8.1573,3.461621,3.461975,33.1239,33.1239,2.7769,1.215,0.2199,0.79868,34.90632962196355,40.361666666666665,-70.876
AR66B,22,7,2022-04-25 21:22:46+00:00,25.7394,25.7428,289.19258,293.695,8.3044,8.3031,33.1031,33.1031,33.1072,1025.8404,1025.8438,22.169,8.3066,8.3053,3.47234,3.472611,33.1031,33.1031,2.8382,1.9493,0.2497,0.73026,21.997238050305295,40.361666666666665,-70.876
AR66B,22,8,2022-04-25 21:22:53+00:00,25.7399,25.7436,289.20251,293.339,8.3028,8.3019,33.1034,33.1034,33.108,1025.841,1025.8448,22.209,8.305,8.3041,3.472226,3.472582,33.1034,33.1034,2.8368,2.1141,0.251,0.71124,22.036925999001426,40.361666666666665,-70.876
AR66B,22,9,2022-04-25 21:23:01+00:00,25.7395,25.7429,289.19512,293.599,8.304,8.3028,33.1031,33.1032,33.1073,1025.8404,1025.8439,22.16,8.3062,8.305,3.472306,3.472591,33.1031,33.1032,2.8364,2.0072,0.247,0.70283,21.988308260787772,40.361666666666665,-70.876
AR66B,22,10,2022-04-25 21:25:27+00:00,25.7271,25.73,288.95273,295.371,8.3445,8.3443,33.0951,33.0951,33.0988,1025.7877,1025.7907,13.318,8.3459,8.3456,3.474683,3.475009,33.0951,33.0951,2.8569,2.0291,0.2757,0.75149,13.215097874970514,40.361666666666665,-70.876
AR66B,22,11,2022-04-25 21:25:35+00:00,25.7268,25.73,288.93888,295.464,8.3467,8.3466,33.0951,33.0951,33.0992,1025.7864,1025.7896,13.082,8.348,8.3479,3.474863,3.475241,33.0951,33.0951,2.8587,2.1711,0.274,0.75889,12.980928769586567,40.361666666666665,-70.876
AR66B,22,12,2022-04-25 21:27:30+00:00,25.7164,25.7196,288.53485,299.039,8.41,8.4088,33.094,33.094,33.0978,1025.7305,1025.7337,3.089,8.4103,8.4091,3.479867,3.480121,33.094,33.094,2.8917,2.1642,0.2719,0.88565,3.0652087524469804,40.361666666666665,-70.876
AR66B,22,13,2022-04-25 21:27:38+00:00,25.7165,25.7198,288.53574,298.963,8.4098,8.4082,33.0941,33.0941,33.0979,1025.731,1025.7342,3.166,8.4101,8.4085,3.479866,3.480078,33.0941,33.0941,2.8926,1.9422,0.284,0.89118,3.141615117390336,40.361666666666665,-70.876
AR66B,22,14,2022-04-25 21:27:46+00:00,25.717,25.7207,288.55925,298.935,8.4062,8.4049,33.0941,33.0941,33.0985,1025.7316,1025.7353,3.206,8.4065,8.4052,3.479541,3.479845,33.0941,33.0941,2.8914,2.1316,0.2862,0.89851,3.18130672427798,40.361666666666665,-70.876
AR66B,22,15,2022-04-25 21:27:54+00:00,25.718,25.7227,288.58956,298.458,8.4015,8.393,33.0944,33.0944,33.0987,1025.7324,1025.7371,3.175,8.4018,8.3933,3.479146,3.478805,33.0944,33.0944,2.8891,1.9441,0.271,0.86626,3.1505457296116064,40.361666666666665,-70.876
AR66B,22,16,2022-04-25 21:28:02+00:00,25.7193,25.7231,288.6403,297.973,8.3936,8.3891,33.0945,33.0946,33.0985,1025.733,1025.7368,3.016,8.3939,8.3894,3.478458,3.478429,33.0945,33.0946,2.8852,1.9929,0.2772,0.84398,2.992771522962194,40.361666666666665,-70.876
AR66B,22,17,2022-04-25 21:28:08+00:00,25.7191,25.7228,288.61903,298.144,8.3968,8.3905,33.0949,33.0949,33.0985,1025.7329,1025.7366,3.026,8.3971,8.3908,3.47877,3.478556,33.0949,33.0949,2.8862,2.164,0.3185,0.8477,3.0026944326272083,40.361666666666665,-70.876
AR66B,22,18,2022-04-25 21:28:15+00:00,25.7187,25.7223,288.62097,298.51,8.3967,8.3936,33.0943,33.0943,33.0984,1025.7329,1025.7366,3.127,8.397,8.3939,3.478712,3.478825,33.0943,33.0943,2.8857,2.0127,0.2844,0.83342,3.1029157932589255,40.361666666666665,-70.876
AR66B,23,1,2022-04-26 00:23:52+00:00,25.7965,25.7996,291.56207,285.52,7.9427,7.9438,33.108,33.108,33.1122,1025.9248,1025.9279,28.104,7.9454,7.9465,3.440988,3.441477,33.108,33.108,2.7542,1.4113,0.207,0.0062047,27.88619639395946,40.2265,-70.88316666666667
AR66B,23,2,2022-04-26 00:25:37+00:00,25.6496,25.6521,286.9741,310.983,8.6625,8.6718,33.0576,33.0576,33.0627,1025.6644,1025.6669,3.255,8.6628,8.6722,3.4989,3.500219,33.0576,33.0576,3.0058,2.9712,0.3424,0.0061548,3.229968674496698,40.2265,-70.88316666666667
AR66B,24,1,2022-04-26 01:31:55+00:00,25.7715,25.7744,284.40144,297.28,8.9908,8.9915,33.2783,33.2783,33.2821,1025.9226,1025.9255,33.279,8.9943,8.995,3.550992,3.551418,33.2783,33.2783,2.9061,3.6112,0.3123,0.0061798,33.021060714495334,40.0985,-70.88516666666666
AR66B,24,2,2022-04-26 01:34:04+00:00,25.6473,25.6509,283.91567,317.922,9.1137,9.1114,33.1443,33.1443,33.1485,1025.6619,1025.6655,3.211,9.1141,9.1117,3.547538,3.547729,33.1443,33.1443,3.0868,3.8606,0.3819,0.0061299,3.1863444775123893,40.0985,-70.88516666666666
AR66B,25,1,2022-04-26 02:29:36+00:00,26.184,26.193,264.57409,266.477,11.9349,11.9333,34.4625,34.4625,34.4737,1026.3779,1026.3869,43.414,11.9405,11.9389,3.941086,3.942088,34.4625,34.4625,2.8204,2.369,0.3324,0.0061548,43.076759120547024,40.019,-70.884
AR66B,25,2,2022-04-26 02:31:45+00:00,26.0455,26.05,267.52422,284.736,11.5074,11.5283,34.1813,34.1813,34.1921,1026.128,1026.1325,18.433,11.5097,11.5306,3.870635,3.873693,34.1813,34.1813,2.9574,3.961,0.405,0.0061548,18.290919892878495,40.019,-70.884
AR66B,26,1,2022-04-26 03:33:18+00:00,26.4888,26.4918,250.13744,232.16,14.3098,14.3104,35.4755,35.4755,35.4796,1026.9026,1026.9057,93.838,14.3236,14.3242,4.280891,4.281391,35.4755,35.4755,2.6238,1.4568,0.1594,0.0061299,93.0983502702346,39.94083333333333,-70.88283333333334
AR66B,26,2,2022-04-26 03:35:33+00:00,26.4276,26.4313,247.61862,242.793,14.7973,14.7955,35.533,35.533,35.5372,1026.7761,1026.7797,79.181,14.8092,14.8074,4.33466,4.334952,35.533,35.533,2.7518,2.7916,0.2264,0.0061548,78.5596687590735,39.94083333333333,-70.88283333333334
AR66B,26,3,2022-04-26 03:38:31+00:00,26.322,26.3299,240.97517,234.537,16.0988,16.0558,35.7761,35.7761,35.7734,1026.4899,1026.4978,38.336,16.1049,16.0619,4.489577,4.484942,35.7761,35.7761,2.7443,1.7736,0.1503,0.006105,38.03894354118185,39.94083333333333,-70.88283333333334
AR66B,26,4,2022-04-26 03:40:34+00:00,26.3191,26.3225,240.79719,234.888,16.1395,16.1387,35.7845,35.7845,35.7887,1026.3327,1026.3362,3.115,16.14,16.1392,4.492475,4.492864,35.7845,35.7845,2.7571,1.9019,0.1514,0.0060801,3.0911266209372195,39.94083333333333,-70.88283333333334
AR66B,27,1,2022-04-26 04:53:36+00:00,26.3862,26.3856,255.39662,265.086,13.4238,13.4062,35.1025,35.1025,35.097,1026.4444,1026.4437,13.117,13.4256,13.4081,4.149207,4.14692,35.1025,35.1025,2.9051,5.485,0.332,0.006105,13.016255528548442,39.85616666666667,-70.88283333333334
AR66B,27,2,2022-04-26 04:53:46+00:00,26.4022,26.4045,254.83911,263.039,13.5154,13.5243,35.1475,35.1475,35.1529,1026.4585,1026.4608,12.707,13.5172,13.5261,4.162887,4.164327,35.1475,35.1475,2.8776,5.4069,0.3234,0.0061548,12.609417052065695,39.85616666666667,-70.88283333333334
AR66B,28,1,2022-04-26 06:02:09+00:00,26.5408,26.5447,249.95466,246.963,14.3313,14.3323,35.5488,35.5489,35.5541,1026.6489,1026.6527,24.483,14.3349,14.3359,4.286789,4.287455,35.5488,35.5489,2.7838,2.8451,0.2423,0.0062794,24.294474360036137,39.7725,-70.88266666666667
AR66B,32,1,2022-04-26 14:51:28+00:00,26.6988,26.702,252.986,190.422,13.7037,13.7033,35.5813,35.5813,35.5853,1027.4289,1027.4322,165.297,13.7274,13.727,4.23645,4.236838,35.5813,35.5813,2.2103,0.0163,0.2621,0.7852,163.96338364039536,40.0985,-71.09516666666667
AR66B,33,1,2022-04-26 15:47:05+00:00,26.7002,26.7033,253.21376,183.805,13.6634,13.6607,35.5722,35.5722,35.5755,1027.4055,1027.4087,159.638,13.6862,13.6835,4.231167,4.231246,35.5722,35.5722,2.152,0.0152,0.3525,1.1262,158.35220588432946,40.09866666666667,-70.98916666666666
AR66B,33,2,2022-04-26 15:53:08+00:00,25.6395,25.6421,283.17236,312.591,9.2274,9.2276,33.1574,33.1574,33.1607,1025.6528,1025.6554,2.927,9.2277,9.2279,3.558983,3.559317,33.1574,33.1574,3.049,1.707,0.3661,1.0979,2.904527116000001,40.09866666666667,-70.98916666666666
AR66B,34,1,2022-04-26 16:49:46+00:00,25.6311,25.634,282.9472,313.635,9.2642,9.2625,33.1542,33.1542,33.1575,1025.6465,1025.6494,3.389,9.2646,9.2629,3.561996,3.562168,33.1542,33.1542,3.0596,1.1314,0.3962,1.0781,3.362976311213192,40.098333333333336,-70.8845
AR66B,35,1,2022-04-26 17:48:50+00:00,25.7618,25.7645,274.3294,300.676,10.5322,10.5315,33.5924,33.5924,33.5957,1025.7791,1025.7818,3.829,10.5327,10.5319,3.720098,3.720357,33.5924,33.5924,3.0355,0.7781,0.4058,1.5379,3.79959361080223,40.098166666666664,-70.776
AR66B,36,1,2022-04-26 22:02:20+00:00,25.7594,25.7642,274.44705,300.844,10.5147,10.5241,33.5854,33.5854,33.5937,1025.7778,1025.7827,4.089,10.5152,10.5246,3.717807,3.719499,33.5854,33.5854,3.0339,3.0625,0.3707,0.051058,4.057593843762348,40.099333333333334,-70.665
AR66B,37,1,2022-04-26 22:54:32+00:00,25.8339,25.8401,271.10977,293.712,11.0137,11.0102,33.7939,33.7939,33.8011,1025.8469,1025.8531,2.898,11.0141,11.0105,3.78459,3.784981,33.7939,33.7939,3.0056,2.6033,0.3354,0.026339,2.875750061297185,40.098333333333336,-70.55516666666666
AR66B,38,1,2022-04-26 23:48:51+00:00,25.9177,25.9212,268.64948,288.743,11.3767,11.3753,33.9861,33.9861,33.9902,1025.9316,1025.935,3.092,11.377,11.3756,3.837735,3.838021,33.9861,33.9861,2.9867,3.407,0.3366,0.0065037,3.0682592854720343,40.097833333333334,-70.44666666666667
AR66B,39,1,2022-04-27 00:48:02+00:00,25.8274,25.8301,270.66617,290.603,11.0873,11.0866,33.8025,33.8025,33.8058,1025.8413,1025.844,3.1,11.0876,11.0869,3.792276,3.792545,33.8025,33.8025,2.9814,3.0956,0.3499,0.0060801,3.076197661048753,40.098333333333336,-70.33766666666666
AR66B,40,1,2022-04-27 01:44:23+00:00,25.7948,25.7987,268.34919,289.657,11.4739,11.4717,33.851,33.851,33.8555,1025.8094,1025.8133,3.258,11.4743,11.4721,3.833097,3.833351,33.851,33.851,2.9953,2.3457,0.372,0.006105,3.2329835644314495,40.09733333333333,-70.22716666666666
AR66B,41,1,2022-04-27 12:19:27+00:00,27.4402,27.4424,289.42679,162.911,7.5755,7.5743,35.1315,35.1315,35.134,1029.7378,1029.74,506.863,7.6266,7.6253,3.62145,3.621572,35.1315,35.1315,1.7195,-0.0124,0.0938,0.33515,502.37446300553177,39.7725,-70.88233333333334
AR66B,41,2,2022-04-27 12:28:50+00:00,26.6243,26.6282,247.43974,236.123,14.7507,14.7523,35.7746,35.7746,35.7801,1026.9546,1026.9585,75.069,14.762,14.7636,4.356064,4.356819,35.7746,35.7746,2.6909,0.937,0.1606,1.308,74.48181574660258,39.7725,-70.88233333333334
AR66B,41,3,2022-04-27 12:32:36+00:00,26.2953,26.3013,252.96991,262.071,13.8893,13.9076,35.1098,35.1098,35.1225,1026.3675,1026.3735,16.324,13.8916,13.9099,4.195639,4.198793,35.1098,35.1098,2.8929,2.6475,0.3133,1.3089,16.198621341298697,39.7725,-70.88233333333334
AR66B,42,1,2022-04-27 13:49:48+00:00,26.2094,26.2118,251.59471,268.67,14.1719,14.1748,35.0758,35.0758,35.0798,1026.2301,1026.2326,4.691,14.1725,14.1755,4.218977,4.219696,35.0758,35.0758,2.9728,1.3647,0.2616,0.60557,4.655066142580502,39.85616666666667,-70.8825
AR66B,43,1,2022-04-27 15:04:49+00:00,26.3306,26.334,245.3942,239.428,15.2555,15.2536,35.5385,35.5385,35.5424,1026.5077,1026.5111,40.305,15.2617,15.2597,4.378627,4.378854,35.5385,35.5385,2.75,1.6122,0.1518,1.3494,39.99251955147072,39.93416666666667,-70.876
AR66B,43,2,2022-04-27 15:07:30+00:00,26.0404,26.0433,266.41449,276.004,11.6926,11.6953,34.2191,34.2191,34.2234,1026.0619,1026.0648,4.798,11.6932,11.6959,3.891119,3.891817,34.2191,34.2191,2.8975,0.9352,0.3543,1.3506,4.761211544171716,39.93416666666667,-70.876
AR66B,44,1,2022-04-27 16:13:23+00:00,25.6336,25.6366,281.84974,306.499,9.4275,9.4257,33.1909,33.1909,33.1944,1025.6536,1025.6565,4.394,9.428,9.4262,3.580292,3.580462,33.1909,33.1909,3.0112,0.9541,0.3742,1.3165,4.360279663941503,40.0195,-70.88366666666667
AR66B,45,1,2022-04-27 17:12:00+00:00,25.7642,25.7674,277.4277,299.298,10.0497,10.0491,33.4894,33.4895,33.4935,1025.7848,1025.7881,4.566,10.0502,10.0496,3.665818,3.666166,33.4894,33.4895,2.9945,2.1697,0.3649,1.2862,4.530925276974972,40.0985,-70.88333333333334
AR66B,46,1,2022-04-27 18:07:52+00:00,25.7373,25.7468,278.82898,301.166,9.8452,9.8277,33.4112,33.4112,33.4196,1025.7548,1025.7642,3.857,9.8456,9.8282,3.639495,3.638734,33.4112,33.4112,2.9947,1.3372,0.3488,1.2723,3.8273562689920926,40.1615,-70.884
AR66B,47,1,2022-04-27 18:57:57+00:00,25.806,25.8094,284.97899,293.156,8.8924,8.8886,33.3027,33.3027,33.3063,1025.946,1025.9494,30.834,8.8957,8.8918,3.544357,3.54435,33.3027,33.3027,2.8667,2.4232,0.2695,1.2383,30.59483475244673,40.22716666666667,-70.88366666666667
AR66B,47,2,2022-04-27 18:59:57+00:00,25.5874,25.5903,283.96055,317.344,9.1302,9.1292,33.0711,33.0711,33.0746,1025.6019,1025.6048,3.192,9.1305,9.1295,3.541955,3.542206,33.0711,33.0711,3.0817,1.2449,0.3748,1.2363,3.167453443674987,40.22716666666667,-70.88366666666667
AR66B,48,1,2022-04-27 19:55:24+00:00,25.7855,25.7887,292.58894,288.564,7.7997,7.7988,33.0677,33.0677,33.0717,1025.9886,1025.9918,44.469,7.804,7.803,3.425414,3.425699,33.0677,33.0677,2.7615,0.9296,0.2353,0.17042,44.122339346684285,40.296,-70.88333333333334
AR66B,48,2,2022-04-27 19:58:02+00:00,25.6013,25.604,284.31639,311.812,9.072,9.0722,33.0771,33.0772,33.0805,1025.6175,1025.6201,3.551,9.0723,9.0726,3.537349,3.537696,33.0771,33.0772,3.0303,1.9247,0.3914,0.97538,3.5236675815413006,40.296,-70.88333333333334
AR66B,49,1,2022-04-27 20:46:56+00:00,25.608,25.6111,285.29599,305.454,8.9246,8.9218,33.0562,33.0562,33.0596,1025.6238,1025.6269,3.475,8.925,8.9221,3.52216,3.522236,33.0562,33.0562,2.9721,2.4364,0.3215,0.16234,3.4482319524860583,40.36366666666667,-70.88233333333334
AR66B,50,1,2022-04-27 22:01:54+00:00,25.799,25.8013,291.20578,283.295,7.992,7.9919,33.1204,33.1204,33.1232,1025.9518,1025.954,33.481,7.9952,7.9951,3.446799,3.447057,33.1204,33.1204,2.7356,0.6717,0.1864,0.12113,33.22022420384798,40.513333333333335,-70.88266666666667
AR66B,50,2,2022-04-27 22:04:02+00:00,25.6376,25.6404,284.09737,310.033,9.0905,9.0896,33.1273,33.1272,33.1306,1025.6531,1025.6558,3.402,9.0908,9.0899,3.54382,3.544059,33.1273,33.1272,3.0217,1.7917,0.2741,0.11894,3.3757488412315397,40.513333333333335,-70.88266666666667
AR66B,51,1,2022-04-27 23:27:03+00:00,25.8417,25.8447,296.07092,265.177,7.289,7.2882,33.0477,33.0477,33.0515,1026.1247,1026.1277,61.807,7.2946,7.2939,3.379377,3.379661,33.0477,33.0477,2.5497,2.6187,0.7808,0.02427,61.32036389461549,40.696666666666665,-70.88283333333334
AR66B,51,2,2022-04-27 23:30:45+00:00,25.5996,25.6025,287.58746,318.404,8.5922,8.5909,32.9801,32.9801,32.9835,1025.616,1025.6189,3.603,8.5926,8.5912,3.48529,3.485496,32.9801,32.9801,3.057,2.9863,0.2917,0.019636,3.575136332974777,40.696666666666665,-70.88283333333334
AR66B,51,3,2022-04-27 23:30:52+00:00,25.5991,25.6019,287.57593,318.774,8.5941,8.5933,32.9798,32.9798,32.9833,1025.6142,1025.6171,3.327,8.5944,8.5937,3.485417,3.485679,32.9798,32.9798,3.0568,2.674,0.2955,0.019661,3.301272978964523,40.696666666666665,-70.88283333333334
AR66B,52,1,2022-04-28 00:52:35+00:00,25.5632,25.5656,290.70176,300.578,8.1567,8.1561,32.8506,32.8506,32.8536,1025.5806,1025.5831,3.831,8.1571,8.1565,3.434476,3.434707,32.8506,32.8506,2.8885,1.2495,0.2784,0.0061548,3.8013132302027954,40.863166666666665,-70.8835
AR66B,53,1,2022-04-28 02:17:56+00:00,25.3141,25.3164,288.06463,275.11,8.6323,8.6326,32.6234,32.6234,32.6264,1025.3338,1025.3361,4.333,8.6327,8.633,3.454893,3.455207,32.6234,32.6234,2.7046,0.4152,0.2553,0.0063791,4.2993526860466735,41.029333333333334,-70.88216666666666
AR66B,54,1,2022-04-28 03:53:30+00:00,25.2814,25.2838,289.72001,283.498,8.4054,8.4047,32.5382,32.5382,32.5411,1025.2988,1025.3012,3.826,8.4057,8.4051,3.426818,3.427039,32.5382,32.5382,2.7594,1.2004,0.4679,0.0063791,3.7962364294503037,41.196333333333335,-70.88233333333334
