cruise,cast,niskin,date,sigma_00,sigma_11,oxsatmm_kg,sbox0mm_kg,potemp090c,potemp190c,sal00,sal11,density00,density11,prdm,t090c,t190c,c0s_m,c1s_m,sbeox0v,fleco_afl,turbwetntu0,spar,depsm,latitude,longitude
AR77,001,1,2023-10-11 15:51:45+00:00,23.0343,23.029,246.24744,215.672,16.4514,16.4613,31.6025,31.5985,1023.1075,1023.1022,16.633,16.454,16.4639,4.048758,4.049198,2.7131,1.6966,0.3295,0.16897,16.50309565699544,41.1955,-70.87716666666667
AR77,001,2,2023-10-11 15:51:53+00:00,23.0402,23.034,246.28683,214.595,16.4415,16.4524,31.6071,31.6024,1023.1148,1023.1087,16.966,16.4441,16.4551,4.048416,4.048867,2.714,1.2852,0.3159,0.16895,16.83348132025086,41.1955,-70.87716666666667
AR77,001,3,2023-10-11 15:52:00+00:00,23.0342,23.0348,246.24269,216.371,16.4522,16.4514,31.6026,31.603,1023.1086,1023.1091,16.888,16.4549,16.454,4.048871,4.048838,2.7236,1.5069,0.4556,0.1686,16.756093735268443,41.1955,-70.87716666666667
AR77,001,4,2023-10-11 15:52:09+00:00,23.0329,23.0319,246.23099,215.838,16.455,16.4564,31.6017,31.6008,1023.1065,1023.1054,16.708,16.4576,16.4591,4.04901,4.049035,2.7208,1.2901,0.3269,0.16974,16.57750688896644,41.1955,-70.87716666666667
AR77,001,5,2023-10-11 15:52:16+00:00,23.0383,23.0362,246.27013,213.917,16.4454,16.4486,31.6058,31.6041,1023.1132,1023.1111,17.015,16.4481,16.4512,4.048627,4.048713,2.7107,1.5469,0.4791,0.16835,16.882096583024726,41.1955,-70.87716666666667
AR77,001,6,2023-10-11 15:55:00+00:00,22.8589,22.8537,244.95015,228.834,16.7702,16.7707,31.4686,31.462,1022.9014,1022.8962,9.676,16.7717,16.7722,4.061889,4.061175,2.8721,1.7588,0.2511,0.17171,9.600592073108423,41.1955,-70.87716666666667
AR77,001,7,2023-10-11 15:55:08+00:00,22.8556,22.8534,244.96907,228.078,16.7679,16.7711,31.4637,31.4617,1022.8984,1022.8961,9.725,16.7695,16.7727,4.061116,4.061179,2.8678,1.6563,0.556,0.16925,9.649209054838984,41.1955,-70.87716666666667
AR77,001,8,2023-10-11 15:55:15+00:00,22.8565,22.8555,245.00449,228.199,16.7608,16.7603,31.4628,31.4613,1022.8996,1022.8985,9.794,16.7623,16.7619,4.060367,4.060148,2.8704,1.6886,0.3253,0.16997,9.717669682989587,41.1955,-70.87716666666667
AR77,001,9,2023-10-11 15:55:25+00:00,22.8556,22.855,244.98273,228.687,16.7653,16.7609,31.4629,31.4608,1022.8989,1022.8982,9.834,16.7669,16.7624,4.060798,4.060145,2.8721,1.7588,0.2726,0.16887,9.757356993164965,41.1955,-70.87716666666667
AR77,001,10,2023-10-11 15:55:32+00:00,22.8548,22.8555,244.95965,227.634,16.77,16.7604,31.4633,31.4613,1022.8973,1022.898,9.673,16.7716,16.762,4.061261,4.060153,2.8693,1.4776,0.2705,0.16982,9.597615522831163,41.1955,-70.87716666666667
AR77,001,11,2023-10-11 15:55:41+00:00,22.8538,22.8561,244.94768,229.515,16.7728,16.7589,31.4627,31.4616,1022.8964,1022.8987,9.708,16.7743,16.7604,4.061443,4.06005,2.8727,1.5272,0.2871,0.17034,9.632341940037433,41.1955,-70.87716666666667
AR77,001,12,2023-10-11 15:57:58+00:00,22.8266,22.8237,244.3495,229.502,16.8988,16.904,31.4652,31.463,1022.8432,1022.8403,3.775,16.8994,16.9046,4.072839,4.07305,2.8939,0.9239,0.2245,1.074,3.745633922209903,41.1955,-70.87716666666667
AR77,001,13,2023-10-11 15:58:07+00:00,22.8254,22.8233,244.32357,229.961,16.9042,16.9063,31.4652,31.4632,1022.843,1022.8409,3.993,16.9048,16.9069,4.073348,4.073296,2.8938,1.0725,0.2308,0.29553,3.9619359847402764,41.1955,-70.87716666666667
AR77,001,14,2023-10-11 15:58:15+00:00,22.8255,22.8229,244.32751,229.999,16.9034,16.9081,31.4651,31.4631,1022.8434,1022.8407,4.063,16.904,16.9087,4.073268,4.073452,2.8944,1.0289,0.2464,0.26072,4.0313907269409555,41.1955,-70.87716666666667
AR77,001,15,2023-10-11 15:58:27+00:00,22.8226,22.8216,244.26484,229.797,16.9166,16.914,31.4653,31.4632,1022.8389,1022.8379,3.706,16.9172,16.9146,4.074468,4.073991,2.8954,0.831,0.2235,1.326,3.677171295124113,41.1955,-70.87716666666667
AR77,001,16,2023-10-11 15:58:34+00:00,22.8241,22.8219,244.29565,230.343,16.9101,16.913,31.4653,31.4633,1022.8407,1022.8385,3.782,16.9107,16.9136,4.073882,4.073916,2.895,1.0031,0.2306,0.18412,3.75257940483676,41.1955,-70.87716666666667
AR77,001,17,2023-10-11 15:58:42+00:00,22.823,22.8211,244.27428,229.308,16.9147,16.9164,31.4652,31.4633,1022.839,1022.8371,3.646,16.9152,16.917,4.074277,4.074213,2.8955,1.0138,0.2309,1.3273,3.617638557290703,41.1955,-70.87716666666667
AR77,001,18,2023-10-11 15:58:48+00:00,22.8236,22.8224,244.28419,228.745,16.9124,16.9109,31.4654,31.4634,1022.8413,1022.8402,4.036,16.9131,16.9115,4.074117,4.073741,2.8932,1.0138,0.2227,0.20054,4.004601043457781,41.1955,-70.87716666666667
AR77,001,19,2023-10-11 15:58:55+00:00,22.8222,22.8202,244.25745,229.938,16.9182,16.92,31.4653,31.4633,1022.8385,1022.8365,3.696,16.9188,16.9206,4.074611,4.074541,2.894,0.9609,0.2343,0.65085,3.6672491733552626,41.1955,-70.87716666666667
AR77,001,20,2023-10-11 15:59:02+00:00,22.8216,22.8215,244.2474,228.832,16.9204,16.9155,31.4652,31.4636,1022.8372,1022.8371,3.547,16.9209,16.9161,4.074787,4.074159,2.8908,1.0503,0.2394,1.3096,3.5194095019805793,41.1955,-70.87716666666667
AR77,001,21,2023-10-11 15:59:16+00:00,22.8226,22.821,244.26288,229.124,16.917,16.9173,31.4654,31.4634,1022.8398,1022.8382,3.915,16.9176,16.9179,4.074521,4.074321,2.8929,1.1004,0.2303,0.74344,3.884543529933177,41.1955,-70.87716666666667
AR77,001,22,2023-10-11 15:59:23+00:00,22.8247,22.823,244.30291,230.061,16.9085,16.9074,31.4656,31.4631,1022.8409,1022.8392,3.685,16.9091,16.9079,4.073762,4.073365,2.8921,1.0571,0.2947,1.3007,3.6563348388535633,41.1955,-70.87716666666667
AR77,001,23,2023-10-11 15:59:32+00:00,22.824,22.8237,244.2894,228.596,16.9113,16.9044,31.4655,31.4631,1022.841,1022.8408,3.886,16.9119,16.905,4.074022,4.073108,2.8945,1.0511,0.2651,0.92819,3.8557694046521322,41.1955,-70.87716666666667
AR77,001,24,2023-10-11 15:59:38+00:00,22.8244,22.8236,244.29546,228.712,16.91,16.9062,31.4656,31.4635,1022.842,1022.8412,4.012,16.9106,16.9068,4.07392,4.073323,2.8899,1.0842,0.2581,0.47522,3.980787988526882,41.1955,-70.87716666666667
AR77,002,1,2023-10-12 03:45:44+00:00,23.5921,23.5905,251.73759,165.496,15.2044,15.2045,31.9686,31.9667,1023.7786,1023.777,42.201,15.2106,15.2108,3.978209,3.978005,2.1528,0.4492,0.9085,0.0061299,41.869447134428704,41.029833333333336,-70.884
AR77,002,2,2023-10-12 03:45:53+00:00,23.5923,23.5903,251.73892,166.072,15.204,15.2051,31.9689,31.9666,1023.7794,1023.7774,42.319,15.2103,15.2114,3.978209,3.978056,2.164,0.5522,0.961,0.0061798,41.98650805533841,41.029833333333336,-70.884
AR77,002,3,2023-10-12 03:48:22+00:00,23.3873,23.3849,249.68867,212.805,15.6644,15.6661,31.8329,31.8303,1023.5082,1023.5059,27.407,15.6685,15.6703,4.004021,4.003895,2.6647,1.2668,0.3593,0.0062296,27.19265174770342,41.029833333333336,-70.884
AR77,002,4,2023-10-12 03:48:31+00:00,23.3865,23.3842,249.68513,212.743,15.6654,15.6674,31.8321,31.8297,1023.5067,1023.5044,27.242,15.6695,15.6716,4.004019,4.003938,2.6661,1.3348,0.3646,0.0062047,27.028953015117033,41.029833333333336,-70.884
AR77,002,5,2023-10-12 03:48:39+00:00,23.3856,23.3831,249.67729,213.821,15.6672,15.6696,31.8314,31.829,1023.505,1023.5025,27.061,15.6713,15.6736,4.004099,4.004033,2.6711,1.229,0.366,0.0061299,26.849380315412766,41.029833333333336,-70.884
AR77,002,6,2023-10-12 03:48:59+00:00,23.3861,23.3842,249.67823,212.568,15.6668,15.6678,31.8321,31.8299,1023.5059,1023.504,27.144,15.6709,15.6719,4.004138,4.003985,2.6595,1.2306,0.3573,0.0062296,26.931725827105854,41.029833333333336,-70.884
AR77,002,7,2023-10-12 03:50:28+00:00,23.3238,23.3214,249.04982,225.236,15.8093,15.8112,31.792,31.7894,1023.4084,1023.406,19.165,15.8122,15.8141,4.012127,4.012004,2.8078,2.2802,0.3138,0.0062794,19.01549190220252,41.029833333333336,-70.884
AR77,002,8,2023-10-12 03:50:39+00:00,23.3233,23.3204,249.0552,226.21,15.8085,15.8106,31.791,31.7879,1023.4073,1023.4044,19.041,15.8114,15.8135,4.011945,4.011779,2.8068,2.5521,0.323,0.0061548,18.892464919873184,41.029833333333336,-70.884
AR77,002,9,2023-10-12 03:50:47+00:00,23.3232,23.3207,249.05545,226.496,15.8085,15.8108,31.7909,31.7883,1023.4079,1023.4053,19.194,15.8114,15.8137,4.011937,4.011848,2.8064,2.4619,0.334,0.0062296,19.044264330944085,41.029833333333336,-70.884
AR77,002,10,2023-10-12 03:50:57+00:00,23.3231,23.3204,249.05463,226.113,15.8087,15.8109,31.7908,31.788,1023.4071,1023.4044,19.035,15.8116,15.8138,4.01194,4.011816,2.8088,2.4874,0.3275,0.0061299,18.886511999496914,41.029833333333336,-70.884
AR77,002,11,2023-10-12 03:51:04+00:00,23.323,23.3206,249.05307,226.439,15.809,15.8109,31.7908,31.7882,1023.4071,1023.4047,19.067,15.8119,15.8138,4.01197,4.011839,2.8093,2.4685,0.3237,0.006105,18.91826090616879,41.029833333333336,-70.884
AR77,002,12,2023-10-12 03:51:11+00:00,23.3232,23.3211,249.05121,225.903,15.8093,15.8116,31.7912,31.7891,1023.4072,1023.4051,19.046,15.8122,15.8145,4.01203,4.012005,2.8024,2.3511,0.3396,0.0061299,18.89742568672109,41.029833333333336,-70.884
AR77,002,13,2023-10-12 03:51:19+00:00,23.3232,23.3204,249.05199,227.054,15.8092,15.8109,31.7911,31.788,1023.4072,1023.4045,19.06,15.8121,15.8138,4.012007,4.011826,2.8137,2.6318,0.3234,0.0062296,18.911315833255312,41.029833333333336,-70.884
AR77,002,14,2023-10-12 03:53:15+00:00,23.2426,23.2395,248.63741,240.761,15.9201,15.9237,31.7182,31.7152,1023.2879,1023.2848,10.286,15.9217,15.9253,4.013355,4.013334,2.9578,3.6753,0.3778,0.0062545,10.205977649332484,41.029833333333336,-70.884
AR77,002,15,2023-10-12 03:53:24+00:00,23.2418,23.2395,248.63129,239.835,15.9216,15.9238,31.7177,31.7153,1023.2872,1023.2849,10.296,15.9232,15.9254,4.013421,4.013354,2.9576,3.4163,0.3657,0.0061798,10.215899604204191,41.029833333333336,-70.884
AR77,002,16,2023-10-12 03:53:31+00:00,23.2441,23.2405,248.65214,240.289,15.9168,15.9209,31.7192,31.7158,1023.2889,1023.2854,10.171,15.9184,15.9225,4.013157,4.013144,2.9565,3.2752,0.3703,0.0062047,10.091875133716647,41.029833333333336,-70.884
AR77,002,17,2023-10-12 03:53:39+00:00,23.2434,23.2405,248.64312,240.07,15.9188,15.9215,31.7189,31.7159,1023.2883,1023.2854,10.196,15.9203,15.923,4.013297,4.013207,2.9588,3.3634,0.4056,0.0062296,10.116680033830017,41.029833333333336,-70.884
AR77,002,18,2023-10-12 03:55:00+00:00,23.1438,23.1387,247.38,246.803,16.1958,16.2031,31.6698,31.6654,1023.157,1023.152,3.007,16.1962,16.2036,4.032487,4.032652,3.0405,2.5304,0.3764,0.0061798,2.983659016806704,41.029833333333336,-70.884
AR77,002,19,2023-10-12 03:55:07+00:00,23.1429,23.1389,247.36766,247.051,16.1984,16.2025,31.6695,31.6655,1023.1566,1023.1526,3.108,16.1989,16.203,4.032693,4.032612,3.0451,2.5337,0.3617,0.0062296,3.0838742774491252,41.029833333333336,-70.884
AR77,002,20,2023-10-12 03:55:20+00:00,23.1238,23.128,247.16107,247.175,16.2449,16.2305,31.6582,31.6594,1023.1373,1023.1415,3.064,16.2454,16.231,4.035632,4.034462,3.0441,2.4399,0.3561,0.0062794,3.0402161501363327,41.029833333333336,-70.884
AR77,002,21,2023-10-12 03:55:29+00:00,23.1332,23.1313,247.26451,247.052,16.2217,16.2209,31.6637,31.661,1023.1466,1023.1447,3.029,16.2222,16.2214,4.034146,4.033771,3.0368,2.5852,0.3551,0.0061798,3.005488087664398,41.029833333333336,-70.884
AR77,002,22,2023-10-12 03:55:39+00:00,23.1594,23.1495,247.54075,245.299,16.1593,16.1785,31.6795,31.6722,1023.1734,1023.1634,3.167,16.1598,16.179,4.030287,4.031208,3.0312,2.5255,0.3584,0.0062296,3.142415842628506,41.029833333333336,-70.884
AR77,002,23,2023-10-12 03:55:46+00:00,23.1572,23.1582,247.53519,245.016,16.1612,16.1566,31.6772,31.6771,1023.1712,1023.1722,3.179,16.1617,16.1571,4.030197,4.02977,3.0281,2.6434,0.3729,0.0062047,3.1543225995974105,41.029833333333336,-70.884
AR77,002,24,2023-10-12 03:55:54+00:00,23.1675,23.1904,247.64378,245.271,16.1367,16.0777,31.6835,31.6961,1023.1821,1023.205,3.31,16.1372,16.0782,4.028694,4.024769,3.0295,2.8193,0.3784,0.0061798,3.284304651420622,41.029833333333336,-70.884
AR77,003,1,2023-10-12 05:27:05+00:00,23.5883,23.5857,251.3759,176.195,15.2726,15.2725,31.9829,31.9796,1023.7439,1023.7413,35.213,15.2778,15.2778,3.985625,3.985255,2.2722,0.3069,0.7104,0.0062545,34.93694245781033,41.02916666666667,-70.77216666666666
AR77,003,2,2023-10-12 05:27:15+00:00,23.5884,23.5854,251.37522,176.164,15.2726,15.2737,31.983,31.9795,1023.7439,1023.741,35.206,15.2779,15.2789,3.985652,3.98535,2.2694,0.3173,0.6969,0.0062296,34.92999792814411,41.02916666666667,-70.77216666666666
AR77,003,3,2023-10-12 05:30:18+00:00,22.9024,22.8976,246.2145,243.606,16.5138,16.5209,31.449,31.4448,1022.916,1022.9111,3.081,16.5143,16.5214,4.036025,4.036187,3.0206,2.3895,0.2819,0.0062545,3.0570842503289652,41.02916666666667,-70.77216666666666
AR77,003,4,2023-10-12 05:30:26+00:00,22.901,22.8963,246.19149,243.623,16.5188,16.5225,31.4486,31.4436,1022.9138,1022.9092,2.93,16.5192,16.523,4.036416,4.036175,3.0239,2.2629,0.2792,0.0061548,2.9072574275911354,41.02916666666667,-70.77216666666666
AR77,004,1,2023-10-12 06:45:59+00:00,22.9139,22.9113,245.24109,241.832,16.693,16.6949,31.5174,31.5144,1022.9308,1022.9281,3.835,16.6937,16.6955,4.060204,4.060032,3.0124,1.8704,0.1862,0.0062794,3.805224317168007,41.029666666666664,-70.99566666666666
AR77,005,1,2023-10-12 11:36:54+00:00,25.0399,25.044,264.19378,172.546,12.4492,12.442,33.1148,33.1183,1025.3678,1025.3719,73.455,12.4587,12.4516,3.851439,3.851145,2.1402,0.1052,1.2338,0.095313,72.87581511195015,40.513333333333335,-70.88266666666667
AR77,005,2,2023-10-12 11:37:04+00:00,25.0753,25.0971,264.46324,170.573,12.3901,12.3462,33.1458,33.1631,1025.4036,1025.4254,73.533,12.3997,12.3557,3.849243,3.846994,2.1418,0.1016,1.228,0.095363,72.95318630344002,40.513333333333335,-70.88266666666667
AR77,005,3,2023-10-12 11:39:27+00:00,23.8512,23.8497,251.55665,181.184,15.1291,15.126,32.2842,32.2813,1024.1177,1024.1162,60.325,15.1381,15.135,4.007512,4.006916,2.322,0.1241,0.2101,0.099025,59.85124793253221,40.513333333333335,-70.88266666666667
AR77,005,4,2023-10-12 11:39:37+00:00,23.8527,23.8501,251.59532,181.865,15.1215,15.1232,32.2839,32.281,1024.1199,1024.1173,60.486,15.1305,15.1322,4.006791,4.006627,2.3256,0.1123,0.2185,0.099299,60.010960132462564,40.513333333333335,-70.88266666666667
AR77,005,5,2023-10-12 11:43:00+00:00,23.6368,23.6337,252.23993,216.696,15.0943,15.096,31.9959,31.9923,1023.8515,1023.8483,48.553,15.1014,15.1032,3.971579,3.971334,2.6734,0.2151,0.1274,0.10439,48.173071723045865,40.513333333333335,-70.88266666666667
AR77,005,6,2023-10-12 11:43:10+00:00,23.6363,23.6332,252.23296,216.828,15.0958,15.0975,31.9956,31.9921,1023.8505,1023.8474,48.466,15.1029,15.1046,3.971677,3.971437,2.6732,0.2389,0.1426,0.10381,48.08676264031284,40.513333333333335,-70.88266666666667
AR77,005,7,2023-10-12 11:46:22+00:00,23.4836,23.4813,248.23857,228.202,15.8925,15.9009,32.0239,32.0234,1023.6182,1023.6159,30.54,15.8971,15.9056,4.046627,4.047332,2.8315,1.3016,0.213,0.10872,30.302347049055534,40.513333333333335,-70.88266666666667
AR77,005,8,2023-10-12 11:46:31+00:00,23.4832,23.4806,248.23883,227.805,15.8926,15.9013,32.0235,32.0226,1023.6165,1023.6139,30.23,15.8972,15.9059,4.046572,4.047267,2.8287,1.2608,0.2057,0.10867,29.99478191942559,40.513333333333335,-70.88266666666667
AR77,005,9,2023-10-12 11:46:40+00:00,23.4846,23.4818,248.15158,228.615,15.9082,15.9168,32.0298,32.0286,1023.6184,1023.6156,30.351,15.9129,15.9214,4.048729,4.049379,2.8339,1.3224,0.2008,0.10902,30.114831589540138,40.513333333333335,-70.88266666666667
AR77,005,10,2023-10-12 11:48:30+00:00,23.4668,23.4636,247.30654,231.393,16.0745,16.0722,32.055,32.0502,1023.5509,1023.5478,19.098,16.0775,16.0751,4.066217,4.065451,2.8769,1.676,0.2328,0.11141,18.949910959301747,40.513333333333335,-70.88266666666667
AR77,005,11,2023-10-12 11:48:43+00:00,23.4667,23.4636,247.32174,231.68,16.0718,16.0721,32.054,32.0502,1023.5505,1023.5474,19.028,16.0747,16.075,4.065843,4.065431,2.8812,1.6064,0.2223,0.11183,18.880456955923005,40.513333333333335,-70.88266666666667
AR77,005,12,2023-10-12 11:50:41+00:00,23.4611,23.4581,246.48748,234.071,16.2325,16.2336,32.0939,32.0903,1023.4773,1023.4743,3.683,16.2331,16.2341,4.084293,4.083988,2.9175,1.1511,0.2309,0.1156,3.6545780445636384,40.513333333333335,-70.88266666666667
AR77,005,13,2023-10-12 11:50:53+00:00,23.4608,23.4577,246.48226,234.162,16.2336,16.2345,32.0938,32.0901,1023.477,1023.4739,3.679,16.2342,16.2351,4.084388,4.084054,2.9192,1.2172,0.2325,0.11552,3.650608948250704,40.513333333333335,-70.88266666666667
AR77,005,14,2023-10-12 11:51:02+00:00,23.461,23.4582,246.49324,234.031,16.2315,16.2322,32.0935,32.0901,1023.476,1023.4732,3.399,16.232,16.2327,4.084139,4.083814,2.9168,1.2353,0.2441,0.11547,3.3727720149459652,40.513333333333335,-70.88266666666667
AR77,005,15,2023-10-12 11:51:13+00:00,23.4612,23.4585,246.50476,233.836,16.2292,16.23,32.093,32.0898,1023.4771,1023.4744,3.623,16.2298,16.2306,4.083892,4.083591,2.9171,1.224,0.2339,0.11587,3.59504159178233,40.513333333333335,-70.88266666666667
AR77,005,16,2023-10-12 11:51:20+00:00,23.4618,23.4587,246.52994,233.977,16.2243,16.2243,32.0924,32.0884,1023.4771,1023.474,3.482,16.2248,16.2249,4.083354,4.082906,2.9205,1.2271,0.242,0.11527,3.4551308595314083,40.513333333333335,-70.88266666666667
AR77,006,1,2023-10-13 02:49:46+00:00,27.5355,27.5298,297.27317,183.081,6.4508,6.4583,35.0529,35.0468,1029.5585,1029.5527,443.281,6.4914,6.4989,3.506461,3.506608,1.9717,-0.0042,0.1036,0.0061798,439.4160573438216,39.94,-70.884
AR77,006,2,2023-10-13 02:50:09+00:00,27.5354,27.5316,297.31809,183.005,6.4447,6.4475,35.0517,35.0473,1029.5592,1029.5554,443.448,6.4853,6.4881,3.505802,3.505665,1.9707,0.0166,0.1114,0.0061798,439.58142454045543,39.94,-70.884
AR77,006,3,2023-10-13 02:56:17+00:00,26.7338,26.733,265.16901,179.765,11.6054,11.6068,35.09,35.0892,1027.4211,1027.4202,153.999,11.6251,11.6265,3.979927,3.979981,2.1909,0.0147,0.122,0.0061299,152.7629116750396,39.94,-70.884
AR77,006,4,2023-10-13 02:56:32+00:00,26.7338,26.7326,265.06762,180.43,11.6221,11.6196,35.094,35.0918,1027.4212,1027.42,154.021,11.6418,11.6393,3.981948,3.981483,2.1982,-0.0031,0.1175,0.0061798,152.78472695724813,39.94,-70.884
AR77,006,5,2023-10-13 03:00:08+00:00,25.2583,25.2553,270.95347,200.412,11.2585,11.2598,33.1107,33.1072,1025.5343,1025.5313,61.486,11.266,11.2673,3.741283,3.741047,2.3709,0.114,0.1271,0.0061798,61.00614113136308,39.94,-70.884
AR77,006,6,2023-10-13 03:00:51+00:00,25.2609,25.2583,270.967,200.46,11.2553,11.2563,33.1133,33.1101,1025.5373,1025.5347,61.576,11.2628,11.2638,3.74126,3.741032,2.3706,0.1222,0.1312,0.0062296,61.0954254140434,39.94,-70.884
AR77,006,7,2023-10-13 03:02:39+00:00,24.4252,24.4352,245.25503,201.402,16.0629,16.0203,33.2989,33.2994,1024.6029,1024.6129,40.428,16.0692,16.0266,4.207432,4.203436,2.5727,0.3417,0.1283,0.0061798,40.11453272893337,39.94,-70.884
AR77,006,8,2023-10-13 03:02:56+00:00,24.455,24.4547,245.72632,200.874,15.9619,15.9597,33.308,33.307,1024.6332,1024.6329,40.523,15.9682,15.966,4.19888,4.198555,2.5731,0.3768,0.1268,0.0061798,40.20878686573357,39.94,-70.884
AR77,006,9,2023-10-13 03:05:18+00:00,24.0528,24.0506,239.67848,214.369,17.2906,17.2994,33.1847,33.1845,1024.186,1024.1837,30.443,17.2956,17.3044,4.310563,4.311385,2.768,0.911,0.1548,0.0061299,30.207684846844213,39.94,-70.884
AR77,006,10,2023-10-13 03:05:29+00:00,24.0501,24.0455,239.49382,213.529,17.3279,17.3645,33.1927,33.198,1024.1833,1024.1787,30.453,17.333,17.3695,4.31506,4.319169,2.7644,0.8894,0.1454,0.0061299,30.217606817214257,39.94,-70.884
AR77,006,11,2023-10-13 03:05:42+00:00,24.0385,24.0365,238.82191,214.078,17.4649,17.441,33.2201,33.2101,1024.1723,1024.1704,30.625,17.47,17.446,4.331349,4.327888,2.7754,0.8559,0.15,0.0061548,30.38826463228775,39.94,-70.884
AR77,006,12,2023-10-13 03:05:52+00:00,24.0263,24.0227,238.0737,213.504,17.618,17.6441,33.2521,33.2556,1024.1589,1024.1553,30.361,17.623,17.6492,4.349705,4.352625,2.7757,0.9225,0.1487,0.0061299,30.126324671665238,39.94,-70.884
AR77,006,13,2023-10-13 03:06:06+00:00,24.0179,24.017,237.6164,214.102,17.7122,17.7131,33.2708,33.27,1024.1511,1024.1502,30.498,17.7173,17.7182,4.360931,4.360918,2.7863,0.7929,0.1509,0.0062047,30.262255677926674,39.94,-70.884
AR77,006,14,2023-10-13 03:06:39+00:00,24.0152,24.0136,237.68716,214.202,17.6993,17.704,33.2633,33.2627,1024.1472,1024.1456,30.209,17.7043,17.709,4.358794,4.359177,2.7849,1.0346,0.1566,0.0062296,29.9755106028593,39.94,-70.884
AR77,006,15,2023-10-13 03:08:30+00:00,23.898,23.8937,237.65359,222.238,17.7562,17.7522,33.1281,33.1212,1023.9876,1023.9832,20.5,17.7597,17.7556,4.34783,4.346628,2.876,0.6076,0.1551,0.0061548,20.34203166278651,39.94,-70.884
AR77,006,16,2023-10-13 03:08:39+00:00,23.8956,23.8934,237.71096,222.926,17.7459,17.7482,33.1217,33.1196,1023.9849,1023.9827,20.448,17.7493,17.7516,4.346075,4.346056,2.8793,0.53,0.159,0.0061548,20.2904349216252,39.94,-70.884
AR77,006,17,2023-10-13 03:11:10+00:00,23.8349,23.8318,239.5348,229.52,17.4133,17.4169,32.9384,32.9355,1023.8505,1023.8474,3.561,17.4139,17.4175,4.292001,4.292004,2.9387,0.4286,0.1612,0.0061299,3.533704918631144,39.94,-70.884
AR77,006,18,2023-10-13 03:11:19+00:00,23.8311,23.8284,239.48576,230.253,17.4245,17.4266,32.9369,32.9341,1023.8463,1023.8437,3.48,17.4251,17.4272,4.292892,4.292755,2.9398,0.4042,0.1581,0.006105,3.4533264625311793,39.94,-70.884
AR77,006,19,2023-10-13 03:11:38+00:00,23.8323,23.8296,239.49836,230.19,17.4215,17.423,32.9376,32.9345,1023.8481,1023.8453,3.595,17.4221,17.4236,4.292692,4.292463,2.9446,0.3899,0.1605,0.0061548,3.5674440142491304,39.94,-70.884
AR77,006,20,2023-10-13 03:11:54+00:00,23.8328,23.8299,239.49469,229.11,17.4221,17.4236,32.9384,32.935,1023.8479,1023.845,3.457,17.4226,17.4241,4.292826,4.292574,2.9391,0.427,0.1583,0.0060801,3.4305029445475523,39.94,-70.884
AR77,006,21,2023-10-13 03:12:02+00:00,23.8328,23.8301,239.49222,229.72,17.4226,17.4242,32.9386,32.9356,1023.8476,1023.8449,3.373,17.4231,17.4248,4.292889,4.292694,2.937,0.4193,0.1581,0.0061299,3.347147465929092,39.94,-70.884
AR77,006,22,2023-10-13 03:12:14+00:00,23.8347,23.8331,239.46239,229.664,17.4276,17.4321,32.9426,32.9419,1023.8501,1023.8485,3.531,17.4282,17.4327,4.293845,4.294185,2.9445,0.4481,0.1571,0.0061299,3.503935123758415,39.94,-70.884
AR77,006,23,2023-10-13 03:12:21+00:00,23.8348,23.8327,239.4544,230.057,17.4291,17.4314,32.9432,32.9411,1023.8504,1023.8483,3.567,17.4297,17.432,4.294067,4.29404,2.9427,0.419,0.1563,0.006105,3.5396588770857638,39.94,-70.884
AR77,006,24,2023-10-13 03:12:31+00:00,23.8366,23.8344,239.43463,229.773,17.4323,17.4354,32.9465,32.9446,1023.8523,1023.8501,3.59,17.4329,17.436,4.294753,4.294821,2.939,0.4239,0.1629,0.006105,3.562482382889626,39.94,-70.884
AR77,007,1,2023-10-13 05:58:23+00:00,23.9622,23.9641,225.9878,210.124,20.1475,20.1475,34.0024,34.0049,1023.9761,1023.978,3.197,20.148,20.1481,4.684642,4.684955,2.8625,0.3,0.1397,0.0061299,3.172545881504197,39.773,-70.77516666666666
AR77,008,1,2023-10-13 07:38:50+00:00,23.8439,23.8393,243.91427,231.728,16.5618,16.5855,32.6903,32.6914,1023.8631,1023.8586,4.383,16.5625,16.5862,4.183104,4.185456,2.9185,0.5391,0.1719,0.0062794,4.349461292827638,39.773666666666664,-70.99116666666667
AR77,009,1,2023-10-13 09:33:33+00:00,27.6237,27.6204,304.43289,211.114,5.4531,5.4541,35.0031,34.9992,1029.9487,1029.9455,507.062,5.4959,5.4969,3.413846,3.413592,2.144,-0.0201,0.0971,0.0062794,502.57143743324684,39.773,-70.8835
AR77,009,2,2023-10-13 09:33:43+00:00,27.6236,27.6203,304.43007,211.572,5.4535,5.4554,35.0031,34.9992,1029.9477,1029.9444,506.85,5.4963,5.4982,3.41387,3.413703,2.1441,-0.0171,0.0978,0.0061798,502.36157104297956,39.773,-70.8835
AR77,009,3,2023-10-13 09:40:59+00:00,27.2893,27.2855,282.78214,143.112,8.6244,8.6406,35.1421,35.1404,1028.4458,1028.4419,255.765,8.6517,8.6679,3.707036,3.708408,1.7377,0.0045,0.1085,0.0062047,253.65351448880753,39.773,-70.8835
AR77,009,4,2023-10-13 09:45:14+00:00,26.6879,26.6869,258.07497,159.279,12.8231,12.827,35.3347,35.3345,1027.2282,1027.2273,121.757,12.8397,12.8436,4.121331,4.121687,2.0445,0.0067,0.1207,0.006105,120.79096158612563,39.773,-70.8835
AR77,009,5,2023-10-13 09:49:05+00:00,25.6477,25.6455,271.81024,199.44,10.9682,10.9703,33.5443,33.542,1025.9364,1025.9342,64.268,10.976,10.9781,3.758671,3.758632,2.3509,0.0893,0.1235,0.0061798,63.76696630255541,39.773,-70.8835
AR77,009,6,2023-10-13 09:49:15+00:00,25.6511,25.6465,271.80419,198.797,10.9678,10.9768,33.5486,33.5447,1025.9406,1025.936,64.459,10.9756,10.9846,3.759076,3.759505,2.3499,0.0851,0.1352,0.0060801,63.956447664149685,39.773,-70.8835
AR77,009,7,2023-10-13 09:51:38+00:00,24.2566,24.2482,248.6358,208.839,15.5007,15.5619,32.9162,32.923,1024.4462,1024.4378,43.026,15.5072,15.5684,4.111536,4.118016,2.6294,0.4919,0.1383,0.0061299,42.692766973550114,39.773,-70.8835
AR77,009,8,2023-10-13 09:51:46+00:00,24.257,24.2581,249.24067,208.309,15.389,15.3534,32.8848,32.8761,1024.4484,1024.4495,43.394,15.3956,15.3599,4.097603,4.093304,2.6173,0.4489,0.1346,0.0061798,43.05787843156098,39.773,-70.8835
AR77,009,9,2023-10-13 09:51:54+00:00,24.27,24.271,249.97795,208.976,15.2484,15.2338,32.8617,32.859,1024.4626,1024.4637,43.659,15.2549,15.2403,4.081914,4.080245,2.629,0.5045,0.1449,0.0061798,43.320797964047976,39.773,-70.8835
AR77,009,10,2023-10-13 09:54:23+00:00,24.0641,24.0663,231.95797,209.61,18.8393,18.849,33.6944,33.7005,1024.2089,1024.2112,33.341,18.8451,18.8549,4.52035,4.522029,2.7869,0.672,0.1493,0.0062296,33.08355331930028,39.773,-70.8835
AR77,009,11,2023-10-13 09:54:34+00:00,24.0644,24.064,232.07725,209.492,18.8146,18.8159,33.6866,33.6866,1024.2075,1024.2072,32.947,18.8204,18.8217,4.516986,4.517114,2.7885,0.6402,0.1459,0.0061798,32.69262686925732,39.773,-70.8835
AR77,009,12,2023-10-13 09:54:42+00:00,24.0638,24.0667,231.93835,208.816,18.8434,18.8464,33.6954,33.7002,1024.2091,1024.212,33.441,18.8493,18.8523,4.520886,4.521743,2.7833,0.6748,0.1457,0.006105,33.18277311167118,39.773,-70.8835
AR77,009,13,2023-10-13 09:54:49+00:00,24.0683,24.0674,231.74349,208.926,18.8818,18.8754,33.714,33.7107,1024.214,1024.2131,33.525,18.8877,18.8813,4.526864,4.525843,2.7853,0.7071,0.1509,0.0061548,33.2661177000911,39.773,-70.8835
AR77,009,14,2023-10-13 09:54:55+00:00,24.0661,24.0668,232.0207,209.457,18.8256,18.8206,33.6925,33.6918,1024.2079,1024.2086,32.635,18.8313,18.8264,4.518744,4.518176,2.783,0.6942,0.1453,0.0061299,32.38306021662006,39.773,-70.8835
AR77,009,15,2023-10-13 09:55:02+00:00,24.0687,24.0691,231.91745,209.654,18.8458,18.8596,33.7025,33.7076,1024.2119,1024.2123,32.964,18.8516,18.8654,4.521942,4.523894,2.7838,0.587,0.1437,0.0061299,32.70949426957144,39.773,-70.8835
AR77,009,16,2023-10-13 09:57:37+00:00,23.9005,23.8977,243.44255,231.777,16.6262,16.6264,32.7834,32.7798,1023.9896,1023.9868,20.302,16.6295,16.6297,4.200734,4.200338,2.9248,0.4607,0.1566,0.0061299,20.145872516177132,39.773,-70.8835
AR77,009,17,2023-10-13 09:59:41+00:00,23.8474,23.844,243.79568,233.59,16.583,16.5809,32.7012,32.6962,1023.8668,1023.8635,4.437,16.5837,16.5816,4.186342,4.185578,2.9344,0.3088,0.166,0.0061548,4.403047774539219,39.773,-70.8835
AR77,009,18,2023-10-13 09:59:48+00:00,23.8477,23.8449,243.80648,231.919,16.5809,16.5827,32.7009,32.6979,1023.8632,1023.8605,3.545,16.5815,16.5833,4.186072,4.185887,2.9271,0.3247,0.1584,0.0061548,3.51788103094286,39.773,-70.8835
AR77,009,19,2023-10-13 09:59:54+00:00,23.8476,23.845,243.79944,233.436,16.5822,16.5836,32.7012,32.6983,1023.8651,1023.8625,3.985,16.5829,16.5842,4.186252,4.186044,2.938,0.3242,0.167,0.0061299,3.954510845067864,39.773,-70.8835
AR77,009,20,2023-10-13 10:00:01+00:00,23.8472,23.8445,243.78819,232.856,16.5845,16.5849,32.7014,32.698,1023.866,1023.8633,4.283,16.5852,16.5856,4.1865,4.18615,2.9319,0.3063,0.1671,0.0061798,4.250227780714916,39.773,-70.8835
AR77,009,21,2023-10-13 10:00:08+00:00,23.8494,23.8453,243.80856,232.757,16.5798,16.5835,32.7029,32.6987,1023.8646,1023.8606,3.462,16.5804,16.584,4.186186,4.186046,2.9345,0.3088,0.1624,0.0061798,3.43551666606146,39.773,-70.8835
AR77,009,22,2023-10-13 10:00:15+00:00,23.8491,23.8459,243.77607,233.058,16.5861,16.5844,32.7044,32.6996,1023.8668,1023.8635,4.028,16.5867,16.585,4.186978,4.186269,2.9354,0.3094,0.1615,0.0061798,3.9971814360010116,39.773,-70.8835
AR77,009,23,2023-10-13 10:00:22+00:00,23.8479,23.8445,243.66101,232.507,16.6085,16.5995,32.7096,32.7024,1023.8665,1023.863,4.227,16.6092,16.6002,4.189686,4.188018,2.9397,0.3116,0.1642,0.0062296,4.194656845562803,39.773,-70.8835
AR77,009,24,2023-10-13 10:00:29+00:00,23.8487,23.8462,243.69436,232.67,16.6019,16.5971,32.7086,32.704,1023.8644,1023.8619,3.557,16.6025,16.5977,4.188921,4.187935,2.9334,0.3406,0.1653,0.006105,3.5297891291454677,39.773,-70.8835
AR77,010,1,2023-10-13 20:16:11+00:00,25.5091,25.5067,276.42289,186.834,10.2953,10.2962,33.216,33.213,1025.9067,1025.9042,88.193,10.3054,10.3063,3.665675,3.66546,2.2032,0.0715,0.8079,0.13907,87.49568465235635,40.36266666666667,-70.883
AR77,010,2,2023-10-13 20:18:04+00:00,24.2507,24.2588,260.94191,159.376,13.3147,13.294,32.3139,32.3191,1024.5405,1024.5486,65.084,13.3236,13.3028,3.845479,3.844144,2.0369,0.078,0.3039,0.2355,64.57301562301468,40.36266666666667,-70.883
AR77,010,3,2023-10-13 20:19:53+00:00,23.7353,23.734,249.83078,228.278,15.4935,15.4944,32.2366,32.2352,1023.9338,1023.9326,45.005,15.5003,15.5011,4.034809,4.034726,2.8181,0.7219,0.1371,0.13849,44.65383186306466,40.36266666666667,-70.883
AR77,010,4,2023-10-13 20:20:05+00:00,23.7358,23.7326,249.86581,228.44,15.4869,15.4969,32.2354,32.2341,1023.9336,1023.9304,44.829,15.4937,15.5037,4.034056,4.034834,2.8168,0.7425,0.1434,0.13814,44.4792241441495,40.36266666666667,-70.883
AR77,010,5,2023-10-13 20:20:14+00:00,23.7346,23.7318,249.84951,228.344,15.4904,15.4967,32.2348,32.233,1023.9323,1023.9295,44.812,15.4971,15.5035,4.034312,4.034686,2.8185,0.7688,0.1497,0.24096,44.462358617957484,40.36266666666667,-70.883
AR77,010,6,2023-10-13 20:21:47+00:00,23.686,23.6837,251.66469,206.157,15.1805,15.1607,32.084,32.0754,1023.8328,1023.8304,33.204,15.1855,15.1656,3.988415,3.985643,2.5735,0.5906,0.1825,0.13932,32.945856050301565,40.36266666666667,-70.883
AR77,010,7,2023-10-13 20:21:57+00:00,23.6834,23.6827,251.70377,204.762,15.1745,15.1668,32.0789,32.0759,1023.8306,1023.8299,33.294,15.1794,15.1718,3.987301,3.986264,2.5656,0.6618,0.1644,0.14009,33.03514913833452,40.36266666666667,-70.883
AR77,010,8,2023-10-13 20:22:12+00:00,23.6908,23.6828,251.46485,208.174,15.2149,15.1772,32.0998,32.0789,1023.8367,1023.8288,33.032,15.2198,15.1821,3.993308,3.987536,2.6009,0.6342,0.1799,0.14156,32.775206929242835,40.36266666666667,-70.883
AR77,010,9,2023-10-13 20:23:30+00:00,23.5828,23.5689,251.90841,221.499,15.1795,15.184,31.9497,31.9328,1023.6936,1023.6797,25.059,15.1832,15.1877,3.972881,3.97141,2.723,1.1931,0.1961,0.13924,24.864670265641248,40.36266666666667,-70.883
AR77,010,10,2023-10-13 20:23:43+00:00,23.5811,23.5679,251.90671,220.709,15.1805,15.1843,31.9476,31.9316,1023.6915,1023.6783,24.978,15.1842,15.188,3.972745,3.971295,2.7262,1.3885,0.1881,0.13857,24.784303279506293,40.36266666666667,-70.883
AR77,010,11,2023-10-13 20:23:55+00:00,23.5788,23.5641,251.90812,221.161,15.1812,15.1854,31.9449,31.9269,1023.6888,1023.6741,24.881,15.1849,15.1891,3.972497,3.970874,2.7292,1.3227,0.1882,0.13827,24.688061291614495,40.36266666666667,-70.883
AR77,010,12,2023-10-13 20:25:06+00:00,23.4959,23.4925,249.95277,238.13,15.5731,15.6277,31.948,31.9592,1023.5621,1023.5587,15.0,15.5754,15.63,4.007999,4.014246,2.9326,2.312,0.2386,0.13807,14.884039753644394,40.36266666666667,-70.883
AR77,010,13,2023-10-13 20:25:14+00:00,23.4915,23.4853,249.62071,239.188,15.6359,15.6745,31.9603,31.9633,1023.558,1023.5517,15.05,15.6382,15.6768,4.015121,4.018977,2.9189,2.5329,0.2414,0.13874,14.933651408588753,40.36266666666667,-70.883
AR77,010,14,2023-10-13 20:25:24+00:00,23.4891,23.4862,249.52763,239.31,15.6541,15.6797,31.9624,31.9659,1023.5554,1023.5525,15.023,15.6563,15.682,4.017006,4.019747,2.9321,2.4723,0.242,0.13765,14.906861116413022,40.36266666666667,-70.883
AR77,010,15,2023-10-13 20:25:32+00:00,23.4926,23.487,249.58934,239.227,15.6413,15.6724,31.9633,31.9648,1023.5587,1023.553,14.968,15.6435,15.6747,4.015934,4.01895,2.9444,2.1365,0.2337,0.13772,14.852288288166237,40.36266666666667,-70.883
AR77,010,16,2023-10-13 20:25:41+00:00,23.4951,23.4929,249.69439,238.966,15.6209,15.6253,31.9607,31.959,1023.5625,1023.5602,15.268,15.6232,15.6276,4.0138,4.014014,2.9377,2.2689,0.2401,0.13949,15.149958083569,40.36266666666667,-70.883
AR77,010,17,2023-10-13 20:25:49+00:00,23.4926,23.492,249.57954,238.92,15.6431,15.6419,31.9638,31.9626,1023.5595,1023.5588,15.142,15.6453,15.6442,4.016166,4.015923,2.9419,2.2155,0.2383,0.13837,15.024936822252332,40.36266666666667,-70.883
AR77,010,18,2023-10-13 20:26:53+00:00,23.4884,23.4868,249.32701,240.908,15.6929,15.6876,31.9726,31.969,1023.5054,1023.5039,3.86,15.6935,15.6882,4.021077,4.0202,2.9633,2.0869,0.2587,0.13792,3.830263055611411,40.36266666666667,-70.883
AR77,010,19,2023-10-13 20:27:16+00:00,23.4898,23.4865,249.37871,240.268,15.6827,15.6883,31.9716,31.9688,1023.5077,1023.5043,4.036,15.6833,15.6889,4.020046,4.020239,2.9616,2.1497,0.2476,0.13787,4.004905464406312,40.36266666666667,-70.883
AR77,010,20,2023-10-13 20:27:26+00:00,23.4895,23.4867,249.36273,241.594,15.6858,15.6878,31.972,31.9689,1023.5076,1023.5048,4.098,15.6864,15.6884,4.020377,4.020219,2.9677,2.0334,0.2358,0.13867,4.066427186533198,40.36266666666667,-70.883
AR77,010,21,2023-10-13 20:27:34+00:00,23.4895,23.4867,249.35277,241.794,15.6877,15.6892,31.9726,31.9693,1023.5069,1023.5041,3.94,15.6882,15.6898,4.020605,4.020383,2.9668,2.1922,0.255,0.13802,3.9096459871853115,40.36266666666667,-70.883
AR77,010,22,2023-10-13 20:27:41+00:00,23.4895,23.4866,249.34992,241.947,15.6882,15.6909,31.9727,31.9697,1023.5062,1023.5033,3.786,15.6888,15.6915,4.02066,4.020569,2.9727,2.1491,0.2419,0.13765,3.7568338164759822,40.36266666666667,-70.883
AR77,010,23,2023-10-13 20:27:50+00:00,23.4895,23.4868,249.35117,242.665,15.688,15.6887,31.9726,31.9693,1023.5063,1023.5037,3.818,15.6886,15.6892,4.020629,4.020325,2.9756,2.099,0.247,0.1369,3.7885870042019194,40.36266666666667,-70.883
AR77,010,24,2023-10-13 20:27:58+00:00,23.4896,23.4866,249.3527,241.884,15.6877,15.6896,31.9726,31.9693,1023.5055,1023.5026,3.618,15.6882,15.6901,4.020598,4.020395,2.9667,2.1574,0.2507,0.13638,3.5901295000410953,40.36266666666667,-70.883
AR77,011,1,2023-10-13 21:38:30+00:00,25.4867,25.4815,277.02994,207.961,10.2098,10.2136,33.1685,33.1626,1025.8964,1025.8911,90.849,10.2202,10.224,3.65337,3.653126,2.3899,0.0802,0.9038,0.069024,90.13009778970718,40.3635,-70.77416666666667
AR77,012,1,2023-10-13 23:02:36+00:00,25.6387,25.6345,276.49131,225.152,10.2341,10.2382,33.3687,33.3642,1026.0374,1026.0331,88.436,10.2443,10.2484,3.675266,3.675187,2.5026,0.0772,0.6988,0.0062794,87.73670236157095,40.36383333333333,-70.99266666666666
AR77,013,1,2023-10-14 01:47:47+00:00,27.2134,27.2096,277.30126,134.786,9.4819,9.4837,35.2224,35.2179,1028.2534,1028.2496,230.956,9.508,9.5097,3.794408,3.794138,1.7045,-0.0078,0.1488,0.0061798,229.05769189022053,40.030833333333334,-70.88083333333333
AR77,013,2,2023-10-14 01:48:04+00:00,27.213,27.2094,277.31381,136.208,9.4801,9.4817,35.2215,35.2173,1028.2532,1028.2497,230.999,9.5062,9.5078,3.794156,3.793893,1.7011,-0.0061,0.1367,0.0062794,229.1003146542425,40.030833333333334,-70.88083333333333
AR77,013,3,2023-10-14 01:48:20+00:00,27.2124,27.209,277.29885,135.287,9.4827,9.4828,35.2213,35.2169,1028.2517,1028.2483,230.795,9.5088,9.5089,3.794362,3.793953,1.6954,-0.0176,0.1403,0.0062794,228.89810425337362,40.030833333333334,-70.88083333333333
AR77,013,4,2023-10-14 01:51:42+00:00,26.354,26.3545,265.21606,171.165,11.7534,11.7699,34.6372,34.6418,1026.8385,1026.8389,108.499,11.7673,11.7837,3.945402,3.947434,2.1205,0.0183,0.169,0.0062296,107.63908737972332,40.030833333333334,-70.88083333333333
AR77,013,5,2023-10-14 01:52:16+00:00,26.3584,26.3565,265.07299,171.668,11.7753,11.7768,34.6481,34.6461,1026.8439,1026.842,108.74,11.7892,11.7907,3.948613,3.948552,2.1257,0.015,0.1553,0.0061548,107.87811437310272,40.030833333333334,-70.88083333333333
AR77,013,6,2023-10-14 01:54:32+00:00,25.7679,25.7621,277.71858,198.451,9.9958,10.0036,33.4826,33.4769,1026.1116,1026.1058,76.171,10.0044,10.0122,3.664124,3.66427,2.31,0.0586,0.1479,0.006105,75.57322125154893,40.030833333333334,-70.88083333333333
AR77,013,7,2023-10-14 01:54:43+00:00,25.7666,25.7624,277.70202,197.9,9.9989,10.0027,33.4817,33.477,1026.1094,1026.1051,75.954,10.0075,10.0113,3.664295,3.664184,2.2992,0.0429,0.1565,0.0061798,75.35796385364725,40.030833333333334,-70.88083333333333
AR77,013,8,2023-10-14 01:57:01+00:00,23.869,23.8683,254.99053,212.545,14.5082,14.5071,32.1356,32.1344,1024.0477,1024.047,40.324,14.514,14.5129,3.933231,3.932987,2.5946,0.2628,0.1278,0.0061548,40.01101898362954,40.030833333333334,-70.88083333333333
AR77,013,9,2023-10-14 01:57:10+00:00,23.8703,23.8713,255.07067,211.604,14.4935,14.4848,32.1333,32.1322,1024.0498,1024.0508,40.492,14.4993,14.4906,3.931641,3.93073,2.5876,0.2658,0.1231,0.0062047,40.177698662341214,40.030833333333334,-70.88083333333333
AR77,013,10,2023-10-14 01:57:18+00:00,23.8693,23.869,255.07751,209.029,14.4926,14.4818,32.1318,32.1284,1024.0488,1024.0485,40.501,14.4985,14.4876,3.931401,3.930044,2.5581,0.2842,0.126,0.0062545,40.18662792701335,40.030833333333334,-70.88083333333333
AR77,013,11,2023-10-14 01:58:32+00:00,23.5985,23.597,251.8716,226.167,15.179,15.1709,31.9699,31.9657,1023.7333,1023.7318,30.485,15.1836,15.1754,3.975395,3.974182,2.7728,1.7273,0.1722,0.0061798,30.249107466562975,40.030833333333334,-70.88083333333333
AR77,013,12,2023-10-14 01:58:46+00:00,23.6057,23.5995,251.90663,226.477,15.1698,15.174,31.9766,31.9698,1023.7402,1023.7341,30.426,15.1743,15.1785,3.975299,3.974927,2.7792,1.9016,0.1735,0.0062047,30.190568326643163,40.030833333333334,-70.88083333333333
AR77,013,13,2023-10-14 01:58:54+00:00,23.5861,23.5918,251.85408,226.047,15.1873,15.182,31.9561,31.962,1023.72,1023.7257,30.292,15.1918,15.1864,3.974599,3.97477,2.7754,1.8331,0.1703,0.0061548,30.05761496360632,40.030833333333334,-70.88083333333333
AR77,013,14,2023-10-14 01:59:04+00:00,23.5952,23.591,251.86363,226.6,15.1818,15.1842,31.9664,31.9616,1023.7297,1023.7255,30.417,15.1863,15.1887,3.975256,3.97494,2.7794,1.7583,0.1777,0.0062047,30.181638625861414,40.030833333333334,-70.88083333333333
AR77,013,15,2023-10-14 02:00:25+00:00,23.4939,23.4931,250.84137,235.902,15.4098,15.4063,31.899,31.897,1023.6064,1023.6057,25.482,15.4136,15.4101,3.988191,3.987647,2.8874,2.3051,0.1895,0.0062047,25.285127345305604,40.030833333333334,-70.88083333333333
AR77,013,16,2023-10-14 02:00:32+00:00,23.5017,23.4958,250.92474,235.46,15.3914,15.4008,31.9039,31.899,1023.6158,1023.61,25.84,15.3952,15.4047,3.987081,3.987394,2.8881,2.2547,0.1925,0.0061299,25.6403391971945,40.030833333333334,-70.88083333333333
AR77,013,17,2023-10-14 02:00:39+00:00,23.4992,23.4959,250.89656,236.04,15.3975,15.401,31.9024,31.899,1023.6128,1023.6095,25.722,15.4014,15.4048,3.987472,3.987405,2.8899,2.2862,0.1882,0.0061548,25.52325826385724,40.030833333333334,-70.88083333333333
AR77,013,18,2023-10-14 02:01:58+00:00,23.4449,23.4427,249.88875,242.417,15.6057,15.6034,31.891,31.8875,1023.5119,1023.5097,15.183,15.608,15.6057,4.004563,4.003953,2.9678,2.0066,0.1993,0.0062545,15.066073181696877,40.030833333333334,-70.88083333333333
AR77,013,19,2023-10-14 02:02:21+00:00,23.4448,23.4419,249.88797,242.699,15.6058,15.6069,31.8909,31.8874,1023.5138,1023.5108,15.627,15.6082,15.6093,4.004588,4.004293,2.9699,1.9712,0.1921,0.006105,15.506637165831384,40.030833333333334,-70.88083333333333
AR77,013,20,2023-10-14 02:03:59+00:00,23.4456,23.4424,249.91901,243.122,15.6014,15.603,31.8907,31.887,1023.4622,1023.459,3.768,15.602,15.6036,4.00351,4.00323,2.9851,1.8334,0.2019,0.0061299,3.7390855255697337,40.030833333333334,-70.88083333333333
AR77,013,21,2023-10-14 02:04:15+00:00,23.4456,23.4424,249.91646,243.811,15.6019,15.6035,31.8909,31.8871,1023.462,1023.4588,3.715,15.6025,15.6041,4.003569,4.00329,2.9866,2.0463,0.1915,0.0061299,3.686492705237413,40.030833333333334,-70.88083333333333
AR77,013,22,2023-10-14 02:04:22+00:00,23.4455,23.4424,249.91752,243.554,15.6018,15.6033,31.8907,31.8871,1023.4621,1023.459,3.76,15.6023,15.6039,4.003536,4.003272,2.9806,1.9271,0.1969,0.006105,3.731146987518179,40.030833333333334,-70.88083333333333
AR77,013,23,2023-10-14 02:04:30+00:00,23.4457,23.4424,249.91971,244.231,15.6013,15.6032,31.8908,31.887,1023.4617,1023.4584,3.626,15.6019,15.6037,4.003496,4.003242,2.9881,1.9989,0.1989,0.006105,3.5981764293536016,40.030833333333334,-70.88083333333333
AR77,013,24,2023-10-14 02:04:40+00:00,23.4457,23.4425,249.91994,244.834,15.6012,15.6031,31.8908,31.8871,1023.4619,1023.4586,3.659,15.6018,15.6036,4.003495,4.003243,2.99,1.9477,0.2017,0.0061798,3.6309229181182756,40.030833333333334,-70.88083333333333
AR77,014,1,2023-10-14 03:47:01+00:00,23.4585,23.456,250.58538,242.484,15.474,15.4757,31.8712,31.8684,1023.4747,1023.4721,3.662,15.4746,15.4763,3.989713,3.989549,2.9656,1.8032,0.2111,0.0061299,3.633899045693055,40.03333333333333,-70.76966666666667
AR77,015,1,2023-10-14 05:11:23+00:00,27.2094,27.2059,276.9123,133.237,9.5399,9.5413,35.2297,35.2255,1028.3799,1028.3764,260.084,9.5695,9.5709,3.802247,3.801982,1.6782,-0.0099,0.1581,0.0061548,257.9281015442094,40.032,-70.994
AR77,016,1,2023-10-14 07:45:24+00:00,26.6071,26.6028,257.55382,150.808,12.9438,12.9355,35.2618,35.2541,1027.2009,1027.1965,133.852,12.9622,12.9539,4.126205,4.124584,1.9641,0.0309,0.4502,0.0062047,132.7815526390969,40.15083333333333,-70.88433333333333
AR77,016,2,2023-10-14 07:45:32+00:00,26.6103,26.6056,257.49122,150.524,12.9533,12.9424,35.2684,35.2596,1027.2055,1027.2008,134.178,12.9717,12.9609,4.127839,4.125853,1.9652,0.0287,0.4795,0.0062794,133.10484051342777,40.15083333333333,-70.88433333333333
AR77,016,3,2023-10-14 07:47:47+00:00,25.4842,25.4796,277.71817,210.075,10.1042,10.106,33.1425,33.137,1025.9153,1025.9108,95.562,10.1151,10.1169,3.641485,3.641111,2.3855,0.0473,0.1706,0.006404,94.8065558306672,40.15083333333333,-70.88433333333333
AR77,016,4,2023-10-14 07:50:58+00:00,24.1153,24.111,258.93808,192.929,13.7142,13.7215,32.2425,32.2389,1024.3841,1024.3798,60.476,13.7226,13.7299,3.873803,3.874074,2.3794,0.1476,0.1309,0.0062047,60.00302052103891,40.15083333333333,-70.88433333333333
AR77,016,5,2023-10-14 07:53:20+00:00,23.9584,23.956,256.19036,204.579,14.2605,14.2596,32.1844,32.1811,1024.1159,1024.1135,35.499,14.2655,14.2647,3.91577,3.915323,2.5244,0.2767,0.1314,0.0062047,35.223496692789006,40.15083333333333,-70.88433333333333
AR77,016,6,2023-10-14 07:53:32+00:00,23.9555,23.953,256.13814,205.102,14.2709,14.2705,32.1835,32.1802,1024.1119,1024.1095,35.272,14.2759,14.2755,3.916596,3.916198,2.5292,0.2576,0.1219,0.0062545,34.99827767250922,40.15083333333333,-70.88433333333333
AR77,016,7,2023-10-14 07:53:44+00:00,23.9582,23.9554,256.19404,205.181,14.2599,14.262,32.1841,32.181,1024.1152,1024.1124,35.388,14.265,14.267,3.915672,3.915519,2.5315,0.3052,0.1315,0.0061798,35.11336759929887,40.15083333333333,-70.88433333333333
AR77,016,8,2023-10-14 07:55:30+00:00,23.7078,23.7054,251.3033,232.518,15.2388,15.24,32.1286,32.1259,1023.8077,1023.8053,22.621,15.2421,15.2434,3.998129,3.997933,2.8502,2.4994,0.1862,0.0062545,22.446142114117333,40.15083333333333,-70.88433333333333
AR77,016,9,2023-10-14 07:55:41+00:00,23.7073,23.7054,251.29887,232.37,15.2398,15.2401,32.1283,32.1259,1023.8063,1023.8045,22.425,15.2432,15.2435,3.998171,3.997935,2.8486,2.3364,0.1857,0.0061299,22.25166774895118,40.15083333333333,-70.88433333333333
AR77,016,10,2023-10-14 07:55:51+00:00,23.708,23.7055,251.30361,232.052,15.2386,15.2402,32.1289,32.1261,1023.8072,1023.8047,22.453,15.242,15.2435,3.998139,3.997962,2.8454,2.5518,0.1915,0.0061548,22.2794498124341,40.15083333333333,-70.88433333333333
AR77,016,11,2023-10-14 07:56:02+00:00,23.7078,23.7056,251.30051,232.114,15.2393,15.2403,32.1288,32.1262,1023.8073,1023.8051,22.517,15.2426,15.2437,3.998192,3.997997,2.8468,2.5937,0.1896,0.0061798,22.342951657658965,40.15083333333333,-70.88433333333333
AR77,016,12,2023-10-14 07:56:10+00:00,23.7079,23.7052,251.2993,232.159,15.2395,15.2411,32.129,32.126,1023.8077,1023.805,22.574,15.2428,15.2445,3.998229,3.998045,2.8483,2.4241,0.1857,0.0061798,22.39950797197038,40.15083333333333,-70.88433333333333
AR77,016,13,2023-10-14 07:56:23+00:00,23.7067,23.7043,251.2861,232.872,15.2424,15.2429,32.1283,32.1253,1023.8056,1023.8033,22.387,15.2457,15.2462,3.998402,3.99812,2.8555,2.6968,0.1964,0.0062545,22.213963513905185,40.15083333333333,-70.88433333333333
AR77,016,14,2023-10-14 07:58:20+00:00,23.5835,23.5821,250.28142,241.309,15.4768,15.4773,32.0345,32.0328,1023.6591,1023.6578,17.135,15.4794,15.4798,4.009037,4.0089,2.9406,1.8542,0.1978,0.0062296,17.002774503001596,40.15083333333333,-70.88433333333333
AR77,016,15,2023-10-14 07:58:33+00:00,23.5698,23.5666,250.20254,241.339,15.4968,15.4986,32.0224,32.0187,1023.647,1023.6438,17.485,15.4994,15.5012,4.009526,4.009281,2.9566,1.8071,0.2043,0.0061798,17.350058934320582,40.15083333333333,-70.88433333333333
AR77,016,16,2023-10-14 07:58:41+00:00,23.5725,23.5681,250.2119,241.726,15.494,15.4973,32.0251,32.0204,1023.649,1023.6447,17.336,15.4966,15.4999,4.009566,4.009339,2.9532,1.9921,0.208,0.0061548,17.20221506276062,40.15083333333333,-70.88433333333333
AR77,016,17,2023-10-14 08:00:57+00:00,23.5568,23.5539,250.07853,243.026,15.5268,15.5288,32.0141,32.0108,1023.5708,1023.5679,3.169,15.5273,15.5292,4.01054,4.010353,2.9766,1.7068,0.1921,0.0062047,3.14465232718756,40.15083333333333,-70.88433333333333
AR77,016,18,2023-10-14 08:01:08+00:00,23.5564,23.5534,250.10121,242.948,15.5228,15.524,32.0124,32.0088,1023.5707,1023.5677,3.235,15.5233,15.5245,4.009992,4.009703,2.9771,1.7676,0.1942,0.0061798,3.2101447301243926,40.15083333333333,-70.88433333333333
AR77,016,19,2023-10-14 08:01:17+00:00,23.5566,23.5539,250.02218,242.702,15.5372,15.5371,32.0168,32.0132,1023.5708,1023.5681,3.209,15.5377,15.5376,4.011798,4.011396,2.9797,1.886,0.2012,0.0062047,3.1843446951071464,40.15083333333333,-70.88433333333333
AR77,016,20,2023-10-14 08:01:32+00:00,23.5572,23.5539,250.04759,242.645,15.5323,15.5351,32.0161,32.0126,1023.5716,1023.5683,3.255,15.5328,15.5356,4.011277,4.011139,2.982,1.7254,0.2232,0.0061299,3.229990908692413,40.15083333333333,-70.88433333333333
AR77,016,21,2023-10-14 08:01:41+00:00,23.5572,23.5545,250.10825,243.235,15.5212,15.5214,32.0129,32.0095,1023.5712,1023.5686,3.179,15.5217,15.5219,4.009901,4.009539,2.9801,1.8309,0.1928,0.0062545,3.1545754198895697,40.15083333333333,-70.88433333333333
AR77,016,22,2023-10-14 08:01:48+00:00,23.5584,23.5554,250.11146,243.271,15.5201,15.5215,32.0142,32.0106,1023.573,1023.5699,3.301,15.5206,15.522,4.00995,4.009677,2.98,1.8539,0.1923,0.0061798,3.2756371120910934,40.15083333333333,-70.88433333333333
AR77,016,23,2023-10-14 08:01:56+00:00,23.5589,23.5558,250.12409,243.631,15.5176,15.5194,32.0141,32.0106,1023.5733,1023.5702,3.261,15.5181,15.5199,4.009711,4.009484,2.9819,1.7424,0.2136,0.0062047,3.2359447618873207,40.15083333333333,-70.88433333333333
AR77,016,24,2023-10-14 08:02:03+00:00,23.5585,23.5558,250.12033,243.618,15.5184,15.5201,32.0139,32.0108,1023.5717,1023.5689,2.977,15.5189,15.5206,4.00975,4.009555,2.9815,1.8427,0.2134,0.0061798,2.9541288539539887,40.15083333333333,-70.88433333333333
AR77,017,1,2023-10-14 10:10:14+00:00,26.2745,26.2704,266.93962,167.349,11.5007,11.5009,34.4742,34.469,1026.8007,1026.7966,117.679,11.5155,11.5157,3.905335,3.904822,2.0728,0.0786,0.6908,0.0063542,116.74133125295201,40.257333333333335,-70.884
AR77,017,2,2023-10-14 10:10:21+00:00,26.2745,26.2702,266.94067,167.838,11.5005,11.5009,34.4742,34.4688,1026.8008,1026.7965,117.71,11.5153,11.5157,3.905316,3.904799,2.0752,0.0692,0.6978,0.0063542,116.7720754804156,40.257333333333335,-70.884
AR77,017,3,2023-10-14 10:12:19+00:00,25.419,25.4151,276.22061,188.415,10.3616,10.3634,33.1149,33.1102,1025.8281,1025.8242,90.777,10.372,10.3739,3.661786,3.661492,2.2226,0.0731,0.1856,0.0062545,90.0595536862003,40.257333333333335,-70.884
AR77,017,4,2023-10-14 10:12:29+00:00,25.4175,25.4155,276.21921,186.798,10.3624,10.3626,33.1131,33.1105,1025.8267,1025.8247,90.801,10.3728,10.3731,3.661686,3.661451,2.2202,0.0843,0.1886,0.0062296,90.08335876813892,40.257333333333335,-70.884
AR77,017,5,2023-10-14 10:15:53+00:00,24.6461,24.6531,267.79986,174.467,12.0107,11.9833,32.5002,32.5025,1024.93,1024.937,63.404,12.0187,11.9913,3.747018,3.744787,2.1415,0.0961,0.1765,0.0061798,62.907064888154956,40.257333333333335,-70.884
AR77,017,6,2023-10-14 10:16:03+00:00,24.6547,24.6546,267.90304,174.47,11.9904,11.9789,32.5063,32.5034,1024.9393,1024.9392,63.561,11.9985,11.9869,3.74583,3.74449,2.1433,0.1109,0.203,0.0063043,63.06281039285291,40.257333333333335,-70.884
AR77,017,7,2023-10-14 10:18:13+00:00,23.9902,23.9883,256.20366,205.144,14.2449,14.2428,32.2215,32.2185,1024.1611,1024.1592,38.52,14.2504,14.2482,3.91856,3.918033,2.5296,0.2529,0.1287,0.0061548,38.22040081895008,40.257333333333335,-70.884
AR77,017,8,2023-10-14 10:20:48+00:00,23.6597,23.6552,250.25488,236.646,15.4492,15.4664,32.1257,32.1247,1023.7763,1023.7718,26.418,15.4532,15.4704,4.017267,4.018732,2.8976,2.2665,0.1831,0.0062296,26.213296361703414,40.257333333333335,-70.884
AR77,017,9,2023-10-14 10:20:57+00:00,23.6575,23.6525,250.2294,236.876,15.4548,15.4663,32.1245,32.1212,1023.7728,1023.7677,26.101,15.4587,15.4702,4.01763,4.018317,2.905,1.9061,0.1789,0.0061548,25.898772588744702,40.257333333333335,-70.884
AR77,017,10,2023-10-14 10:21:04+00:00,23.6594,23.6544,250.24089,237.052,15.4519,15.4631,32.1261,32.1228,1023.7753,1023.7704,26.263,15.4559,15.4671,4.01755,4.018214,2.908,1.9477,0.1852,0.0061548,26.059507195577254,40.257333333333335,-70.884
AR77,017,11,2023-10-14 10:22:49+00:00,23.5632,23.56,250.29021,236.082,15.4834,15.4875,32.01,32.007,1023.6403,1023.6371,17.469,15.486,15.4901,4.006914,4.00695,2.8995,2.0028,0.2317,0.0062545,17.33401512699718,40.257333333333335,-70.884
AR77,017,12,2023-10-14 10:22:59+00:00,23.5623,23.5604,250.28898,236.184,15.484,15.4874,32.009,32.0075,1023.6388,1023.6369,17.324,15.4866,15.49,4.006852,4.006994,2.9012,1.9356,0.2293,0.0062047,17.190141602744365,40.257333333333335,-70.884
AR77,017,13,2023-10-14 10:24:38+00:00,23.5549,23.5514,250.44395,235.746,15.4607,15.462,31.9927,31.9885,1023.5676,1023.5641,2.877,15.4611,15.4625,4.002087,4.001745,2.8988,1.7988,0.2248,0.0062296,2.8548701453004797,40.257333333333335,-70.884
AR77,017,14,2023-10-14 10:24:47+00:00,23.5552,23.552,250.45426,237.096,15.4586,15.4562,31.9926,31.9877,1023.5692,1023.566,3.167,15.4591,15.4566,4.0019,4.001134,2.9036,1.8364,0.2213,0.0063043,3.1426372574995116,40.257333333333335,-70.884
AR77,017,15,2023-10-14 10:24:53+00:00,23.5558,23.552,250.49574,236.739,15.4507,15.4531,31.991,31.9868,1023.5716,1023.5679,3.593,15.4513,15.4536,4.001034,4.000776,2.9008,1.7627,0.2221,0.0062047,3.565356488137255,40.257333333333335,-70.884
AR77,017,16,2023-10-14 10:25:00+00:00,23.5554,23.5523,250.47582,236.882,15.4546,15.455,31.9916,31.9877,1023.5702,1023.567,3.348,15.4551,15.4555,4.001437,4.00103,2.9051,1.9331,0.2184,0.0062047,3.3222434223260677,40.257333333333335,-70.884
AR77,018,1,2023-10-14 20:57:49+00:00,23.8552,23.852,254.19995,143.575,14.6532,14.6549,32.1573,32.1537,1024.0793,1024.0761,50.606,14.6605,14.6622,3.949387,3.94914,1.9274,0.1337,1.0229,0.037726,50.20815618219964,40.862833333333334,-70.88283333333334
AR77,018,2,2023-10-14 20:57:53+00:00,23.8551,23.852,254.19587,143.921,14.6539,14.6553,32.1574,32.1538,1024.079,1024.0759,50.549,14.6613,14.6626,3.949466,3.949182,1.9279,0.1216,1.1361,0.037701,50.15161122177274,40.862833333333334,-70.88283333333334
AR77,018,3,2023-10-14 20:59:08+00:00,23.6795,23.6899,247.30346,192.574,15.9846,15.9416,32.3056,32.3067,1023.8649,1023.8754,42.123,15.9911,15.9481,4.087675,4.083834,2.4736,0.3291,0.1913,0.036705,41.79270543329005,40.862833333333334,-70.88283333333334
AR77,018,4,2023-10-14 20:59:23+00:00,23.6838,23.7066,247.17428,193.799,16.0069,15.8976,32.3177,32.3155,1023.8688,1023.8916,42.023,16.0134,15.9041,4.091112,4.080773,2.4866,0.3417,0.1881,0.036655,41.6934996596409,40.862833333333334,-70.88283333333334
AR77,018,5,2023-10-14 21:01:19+00:00,23.4582,23.4564,247.50175,231.186,16.0397,16.0415,32.0336,32.0318,1023.6013,1023.5996,32.501,16.0447,16.0465,4.061338,4.06129,2.8666,1.8917,0.2608,0.035185,32.24690560335169,40.862833333333334,-70.88283333333334
AR77,018,6,2023-10-14 21:01:28+00:00,23.4582,23.456,247.50068,230.701,16.0399,16.0415,32.0337,32.0313,1023.6014,1023.5992,32.527,16.0449,16.0465,4.061363,4.061232,2.8679,1.7953,0.2617,0.034886,32.27270029968822,40.862833333333334,-70.88283333333334
AR77,018,7,2023-10-14 21:01:42+00:00,23.458,23.4557,247.50022,230.975,16.0401,16.042,32.0335,32.0311,1023.601,1023.5988,32.482,16.0451,16.047,4.061352,4.06125,2.8684,2.0052,0.2736,0.034338,32.2280556308958,40.862833333333334,-70.88283333333334
AR77,018,8,2023-10-14 21:01:56+00:00,23.4579,23.4556,247.49807,231.451,16.0405,16.042,32.0336,32.0309,1023.6009,1023.5986,32.467,16.0455,16.047,4.061399,4.061234,2.873,1.8772,0.2582,0.034288,32.21317407246734,40.862833333333334,-70.88283333333334
AR77,018,9,2023-10-14 21:02:11+00:00,23.4579,23.4555,247.49691,231.918,16.0407,16.0418,32.0336,32.0308,1023.6016,1023.5992,32.627,16.0458,16.0468,4.061429,4.061208,2.875,1.8597,0.2698,0.034138,32.371910639912706,40.862833333333334,-70.88283333333334
AR77,018,10,2023-10-14 21:02:33+00:00,23.4563,23.455,247.44783,231.424,16.0506,16.049,32.0343,32.0322,1023.5988,1023.5975,32.351,16.0556,16.054,4.062405,4.062015,2.8707,1.9293,0.2855,0.033665,32.09808998407692,40.862833333333334,-70.88283333333334
AR77,018,11,2023-10-14 21:03:54+00:00,23.4413,23.4392,247.34727,233.615,16.0773,16.0796,32.0226,32.0205,1023.5274,1023.5253,19.564,16.0804,16.0827,4.06281,4.062788,2.8962,1.622,0.2563,0.031621,19.411656624893084,40.862833333333334,-70.88283333333334
AR77,018,12,2023-10-14 21:04:06+00:00,23.4423,23.4392,247.35456,232.718,16.0756,16.0766,32.0234,32.0196,1023.5283,1023.5252,19.523,16.0786,16.0796,4.062737,4.062406,2.8992,1.7232,0.27,0.031223,19.370977814779092,40.862833333333334,-70.88283333333334
AR77,018,13,2023-10-14 21:04:16+00:00,23.4418,23.4389,247.3627,233.149,16.0743,16.0778,32.0223,32.0197,1023.5277,1023.5249,19.511,16.0773,16.0808,4.062495,4.062518,2.8992,1.6991,0.2639,0.031073,19.359071820044953,40.862833333333334,-70.88283333333334
AR77,018,14,2023-10-14 21:04:24+00:00,23.4412,23.4384,247.36865,233.623,16.0734,16.0749,32.0213,32.0181,1023.5274,1023.5245,19.565,16.0764,16.0779,4.062304,4.062069,2.9005,1.7363,0.2866,0.030699,19.412648790892383,40.862833333333334,-70.88283333333334
AR77,018,15,2023-10-14 21:06:28+00:00,23.4327,23.4304,247.50071,236.893,16.0545,16.058,32.0048,32.0027,1023.4478,1023.4454,3.421,16.055,16.0585,4.05779,4.057875,2.941,1.8835,0.283,0.027909,3.3944938370592292,40.862833333333334,-70.88283333333334
AR77,018,16,2023-10-14 21:06:45+00:00,23.4301,23.4293,247.52623,236.792,16.0508,16.056,32.0003,32.0007,1023.4452,1023.4444,3.44,16.0513,16.0565,4.056942,4.057466,2.9403,1.8805,0.2918,0.02751,3.413346466325476,40.862833333333334,-70.88283333333334
AR77,018,17,2023-10-14 21:07:07+00:00,23.4271,23.4264,247.55469,238.76,16.0468,16.052,31.9952,31.9959,1023.4418,1023.4412,3.34,16.0473,16.0525,4.055986,4.056544,2.953,1.7514,0.2927,0.027036,3.3141220822706763,40.862833333333334,-70.88283333333334
AR77,018,18,2023-10-14 21:07:29+00:00,23.4274,23.4246,247.55143,237.484,16.0472,16.049,31.9958,31.9926,1023.4423,1023.4394,3.363,16.0477,16.0495,4.056097,4.055898,2.9505,1.8394,0.2959,0.026837,3.336943694865841,40.862833333333334,-70.88283333333334
AR77,018,19,2023-10-14 21:07:39+00:00,23.4274,23.4241,247.55237,238.092,16.0471,16.0484,31.9957,31.9918,1023.4422,1023.4389,3.361,16.0476,16.0489,4.056067,4.055742,2.9494,1.767,0.2835,0.026688,3.3349592069151766,40.862833333333334,-70.88283333333334
AR77,019,1,2023-10-14 23:09:06+00:00,24.007,24.0033,257.19103,133.476,14.0617,14.0635,32.1941,32.1899,1024.2827,1024.2791,62.12,14.0704,14.0722,3.90021,3.89991,1.8068,0.1452,1.5305,0.0063043,61.6308508746322,40.697,-70.88383333333333
AR77,019,2,2023-10-14 23:09:14+00:00,24.0069,24.0033,257.18616,133.472,14.0626,14.064,32.1942,32.1899,1024.2826,1024.2789,62.106,14.0713,14.0727,3.900302,3.89996,1.8071,0.137,1.4685,0.0063293,61.61696320472743,40.697,-70.88383333333333
AR77,019,3,2023-10-14 23:12:02+00:00,23.6294,23.6275,245.57678,203.914,16.3298,16.3332,32.3418,32.3404,1023.7964,1023.7945,37.97,16.3358,16.3391,4.123518,4.123667,2.5998,0.2699,0.1438,0.0063791,37.67321942425246,40.697,-70.88383333333333
AR77,019,4,2023-10-14 23:12:19+00:00,23.6352,23.6318,245.80816,202.823,16.2838,16.2948,32.3357,32.3346,1023.8026,1023.7992,38.075,16.2897,16.3008,4.118563,4.119451,2.59,0.2995,0.1442,0.0062545,37.7773891084307,40.697,-70.88383333333333
AR77,019,5,2023-10-14 23:14:22+00:00,23.5646,23.5639,246.20782,211.122,16.2383,16.2426,32.2304,32.2307,1023.7112,1023.7105,33.332,16.2434,16.2478,4.102061,4.102504,2.6808,0.6059,0.172,0.0063542,33.071842764405105,40.697,-70.88383333333333
AR77,019,6,2023-10-14 23:14:31+00:00,23.5556,23.5534,246.27852,212.351,16.2287,16.2289,32.2159,32.213,1023.7019,1023.6996,33.241,16.2338,16.2341,4.099515,4.099217,2.6923,0.6106,0.1708,0.0063542,32.98156029877596,40.697,-70.88383333333333
AR77,019,7,2023-10-14 23:14:38+00:00,23.5431,23.5428,246.42595,213.105,16.2062,16.216,32.1929,32.1955,1023.6884,1023.6882,33.028,16.2113,16.2212,4.094806,4.096016,2.6872,0.6429,0.1772,0.006404,32.77023964658764,40.697,-70.88383333333333
AR77,019,8,2023-10-14 23:14:45+00:00,23.5432,23.5404,246.42922,214.25,16.2055,16.2098,32.1928,32.1905,1023.6883,1023.6855,32.987,16.2106,16.2149,4.094739,4.094864,2.6914,0.6358,0.1725,0.0063043,32.72956287628705,40.697,-70.88383333333333
AR77,019,9,2023-10-14 23:18:03+00:00,23.4388,23.4357,247.05852,234.386,16.1322,16.1336,32.0354,32.0318,1023.5281,1023.525,20.284,16.1354,16.1367,4.069345,4.069058,2.9111,1.7925,0.2809,0.0062296,20.126319540714565,40.697,-70.88383333333333
AR77,019,10,2023-10-14 23:18:12+00:00,23.4388,23.4357,247.05801,234.194,16.1323,16.1337,32.0354,32.0319,1023.5284,1023.5254,20.359,16.1355,16.1369,4.069358,4.069082,2.9075,1.855,0.2743,0.0062545,20.200732843848296,40.697,-70.88383333333333
AR77,019,11,2023-10-14 23:18:21+00:00,23.4384,23.4355,247.05571,234.062,16.1329,16.1341,32.0351,32.0317,1023.5281,1023.5252,20.374,16.1361,16.1373,4.069381,4.069098,2.9079,1.8381,0.2946,0.0062296,20.215615501227333,40.697,-70.88383333333333
AR77,019,12,2023-10-14 23:18:28+00:00,23.4381,23.4351,247.05399,233.501,16.1334,16.1348,32.0349,32.0313,1023.5258,1023.5228,19.913,16.1365,16.1379,4.069375,4.069094,2.9109,1.9578,0.2818,0.0062047,19.758221336481633,40.697,-70.88383333333333
AR77,019,13,2023-10-14 23:18:38+00:00,23.4384,23.4353,247.05636,234.979,16.1328,16.1342,32.0351,32.0315,1023.5267,1023.5236,20.04,16.1359,16.1373,4.069353,4.06907,2.9116,1.9471,0.2774,0.0062047,19.884228073934825,40.697,-70.88383333333333
AR77,019,14,2023-10-14 23:18:49+00:00,23.4392,23.4359,247.06046,234.24,16.1317,16.1334,32.0358,32.032,1023.5275,1023.5242,20.05,16.1348,16.1365,4.069332,4.069056,2.9122,1.8841,0.2699,0.0062545,19.89414986098962,40.697,-70.88383333333333
AR77,019,15,2023-10-14 23:20:17+00:00,23.436,23.4328,247.05188,235.492,16.1354,16.1369,32.0328,32.029,1023.5021,1023.4988,14.991,16.1377,16.1392,4.069035,4.06875,2.9215,1.9523,0.2908,0.0063542,14.874656337657127,40.697,-70.88383333333333
AR77,019,16,2023-10-14 23:20:23+00:00,23.436,23.4328,247.05176,235.509,16.1354,16.1368,32.0327,32.029,1023.502,1023.4988,14.983,16.1377,16.1391,4.069033,4.06874,2.9256,1.7922,0.2856,0.0062296,14.86671871330801,40.697,-70.88383333333333
AR77,019,17,2023-10-14 23:20:41+00:00,23.4353,23.4324,247.05761,235.572,16.1346,16.1363,32.0316,32.0283,1023.501,1023.4981,14.92,16.1369,16.1386,4.068828,4.068607,2.9214,1.9674,0.2836,0.0061299,14.804209910796272,40.697,-70.88383333333333
AR77,019,18,2023-10-14 23:22:24+00:00,23.433,23.4298,247.24639,236.83,16.1019,16.1004,32.0191,32.0144,1023.4462,1023.4429,2.98,16.1024,16.1009,4.063737,4.063072,2.9335,1.9655,0.279,0.0062794,2.956958659138282,40.697,-70.88383333333333
AR77,019,19,2023-10-14 23:22:34+00:00,23.4328,23.4296,247.25325,236.547,16.1007,16.1006,32.0184,32.0142,1023.4453,1023.4421,2.84,16.1012,16.101,4.063551,4.063056,2.9306,2.0562,0.2884,0.0062794,2.8180420952648033,40.697,-70.88383333333333
AR77,019,20,2023-10-14 23:22:42+00:00,23.4328,23.4295,247.26492,236.339,16.0986,16.0996,32.0178,32.0137,1023.4453,1023.442,2.842,16.099,16.1,4.063277,4.062905,2.9325,1.8909,0.286,0.0062047,2.8200266182701688,40.697,-70.88383333333333
AR77,019,21,2023-10-14 23:22:49+00:00,23.4327,23.4294,247.27228,236.54,16.0972,16.0993,32.0172,32.0136,1023.446,1023.4427,3.026,16.0977,16.0997,4.063099,4.062869,2.9346,1.8589,0.2828,0.0062047,3.002602652388689,40.697,-70.88383333333333
AR77,019,22,2023-10-14 23:22:56+00:00,23.4327,23.4295,247.28175,236.023,16.0954,16.0964,32.0167,32.0128,1023.4464,1023.4432,3.121,16.0959,16.0969,4.062881,4.062528,2.9323,2.0757,0.2851,0.0062296,3.096867388817202,40.697,-70.88383333333333
AR77,019,23,2023-10-14 23:23:03+00:00,23.4326,23.4293,247.30319,236.552,16.0915,16.0948,32.0154,32.0121,1023.4443,1023.441,2.663,16.092,16.0952,4.062354,4.062266,2.9357,1.9839,0.2843,0.0062047,2.642411733030714,40.697,-70.88383333333333
AR77,019,24,2023-10-14 23:23:10+00:00,23.4323,23.4291,247.30454,235.249,16.0914,16.0919,32.015,32.011,1023.4442,1023.4411,2.707,16.0918,16.0923,4.062294,4.061891,2.9283,1.8312,0.2816,0.0062047,2.686071272191326,40.697,-70.88383333333333
AR77,020,1,2023-10-15 01:19:29+00:00,23.4279,23.4248,247.10358,235.464,16.1307,16.1301,32.0208,32.0166,1023.4425,1023.4394,3.306,16.1312,16.1306,4.066593,4.066059,2.9246,2.0255,0.3157,0.0064289,3.280435484960844,40.69683333333333,-70.77366666666667
AR77,020,2,2023-10-15 01:19:36+00:00,23.4257,23.4233,247.16084,235.093,16.1209,16.124,32.0151,32.0128,1023.4387,1023.4363,2.948,16.1214,16.1244,4.065024,4.06505,2.9236,2.1758,0.3172,0.0062296,2.9252063544806344,40.69683333333333,-70.77366666666667
AR77,020,3,2023-10-15 01:19:45+00:00,23.4253,23.4227,247.17967,235.236,16.1176,16.1207,32.0136,32.0111,1023.4377,1023.4351,2.823,16.118,16.1212,4.064542,4.064544,2.9273,2.0773,0.3101,0.0063293,2.8011736915364893,40.69683333333333,-70.77366666666667
AR77,020,4,2023-10-15 01:19:52+00:00,23.4259,23.4232,247.16185,235.515,16.1207,16.1236,32.0152,32.0126,1023.4394,1023.4368,3.075,16.1211,16.1241,4.065023,4.064999,2.9307,2.0562,0.3035,0.0062545,3.051223463000337,40.69683333333333,-70.77366666666667
AR77,021,1,2023-10-15 02:37:42+00:00,23.4362,23.4328,247.89511,237.613,15.9796,15.9806,31.9875,31.9834,1023.4503,1023.4469,3.197,15.9801,15.9811,4.048952,4.048586,2.9412,1.9282,0.2895,0.0061798,3.1722792431551357,40.696666666666665,-70.9925
AR77,021,2,2023-10-15 02:37:54+00:00,23.4345,23.4315,247.93175,236.091,15.9735,15.975,31.9836,31.9801,1023.4472,1023.4442,2.874,15.974,15.9754,4.047931,4.047671,2.9327,1.9479,0.2904,0.0061798,2.8517790704656902,40.696666666666665,-70.9925
AR77,021,3,2023-10-15 02:38:03+00:00,23.434,23.4307,247.95168,238.459,15.97,15.9745,31.9819,31.9788,1023.4464,1023.4431,2.821,15.9705,15.9749,4.047417,4.047475,2.9384,1.7942,0.3011,0.0061798,2.7991892108825374,40.696666666666665,-70.9925
AR77,021,4,2023-10-15 02:38:11+00:00,23.4344,23.4311,247.93739,236.511,15.9725,15.9738,31.9831,31.9792,1023.4473,1023.444,2.929,15.9729,15.9742,4.047792,4.047457,2.9311,1.8432,0.2792,0.0061798,2.906353438754755,40.696666666666665,-70.9925
AR77,022,1,2023-10-15 04:06:35+00:00,23.7949,23.794,235.8328,207.92,18.1598,18.1601,33.1216,33.1205,1023.9931,1023.9922,45.467,18.1675,18.1678,4.387118,4.387015,2.7268,0.4952,0.1316,0.006105,45.11121309720295,40.597,-71.212
AR77,022,2,2023-10-15 04:08:53+00:00,23.5195,23.5178,245.51317,231.493,16.3896,16.3957,32.2164,32.216,1023.6087,1023.607,20.277,16.3928,16.3989,4.113707,4.114229,2.9005,0.988,0.183,0.0062794,20.11955781032134,40.597,-71.212
AR77,023,1,2023-10-15 05:11:49+00:00,23.7125,23.713,239.94293,213.292,17.3785,17.3734,32.7679,32.7669,1023.89,1023.8905,40.553,17.3852,17.3801,4.270959,4.270365,2.7494,0.6868,0.1499,0.0062794,40.23645888891173,40.5115,-71.3245
AR77,023,2,2023-10-15 05:13:50+00:00,23.4264,23.4077,248.40736,236.177,15.8867,15.8134,31.9478,31.9022,1023.4947,1023.4759,15.476,15.8891,15.8158,4.036638,4.024779,2.9237,1.9833,0.2731,0.0061548,15.356133997398363,40.5115,-71.3245
AR77,024,1,2023-10-15 06:40:47+00:00,23.6857,23.6781,250.12527,206.662,15.4596,15.4398,32.1624,32.1469,1023.8909,1023.8833,46.5,15.4666,15.4468,4.023453,4.019899,2.589,0.2132,0.1427,0.0062047,46.136367481656116,40.513,-71.10316666666667
AR77,024,2,2023-10-15 06:43:02+00:00,23.4439,23.4413,247.1454,229.767,16.1137,16.1155,32.0366,32.0337,1023.5388,1023.5363,21.57,16.1171,16.1188,4.067854,4.067691,2.8629,1.3411,0.2398,0.0062296,21.40261501135453,40.513,-71.10316666666667
AR77,025,1,2023-10-15 08:11:23+00:00,23.7698,23.7697,250.59047,222.894,15.3409,15.3438,32.238,32.2388,1023.9493,1023.9493,40.668,15.347,15.3499,4.020715,4.021062,2.7557,0.4755,0.1495,0.0061548,40.35054325166205,40.513333333333335,-70.88416666666667
AR77,025,2,2023-10-15 08:12:47+00:00,23.3219,23.3211,249.72512,234.487,15.686,15.6862,31.754,31.753,1023.3912,1023.3904,15.707,15.6884,15.6885,3.996441,3.996339,2.891,2.4084,0.2877,0.0061299,15.585333501337207,40.513333333333335,-70.88416666666667
AR77,026,1,2023-10-15 09:50:36+00:00,23.7252,23.7273,254.52816,207.466,14.6485,14.6389,31.9873,31.9875,1023.9136,1023.9157,42.528,14.6546,14.645,3.929776,3.928922,2.5701,0.322,0.1759,0.0061299,42.19583436695082,40.51316666666666,-70.66533333333334
AR77,026,2,2023-10-15 09:52:44+00:00,23.2884,23.2857,249.26892,229.083,15.7839,15.7849,31.7385,31.7353,1023.3552,1023.3526,15.154,15.7862,15.7872,4.003547,4.00328,2.8426,1.9362,0.2922,0.0060801,15.03663743697485,40.51316666666666,-70.66533333333334
AR77,027,1,2023-10-15 11:30:14+00:00,23.696,23.692,253.37186,217.546,14.868,14.8689,32.0098,32.0049,1023.8556,1023.8517,36.073,14.8733,14.8741,3.951846,3.951382,2.6772,0.7252,0.1749,0.015076,35.791809159983195,40.51383333333333,-70.4465
AR77,027,2,2023-10-15 11:32:07+00:00,23.2763,23.2733,251.08879,232.94,15.4546,15.4557,31.6289,31.6251,1023.3515,1023.3484,17.005,15.4572,15.4582,3.961455,3.961128,2.8608,2.2983,0.2663,0.014727,16.87322530245603,40.51383333333333,-70.4465
AR77,027,3,2023-10-15 11:33:43+00:00,23.2748,23.2715,251.07753,235.403,15.459,15.4606,31.6281,31.6242,1023.2948,1023.2914,4.516,15.4597,15.4613,3.961086,3.960781,2.8834,2.1086,0.2881,0.017144,4.481140469370678,40.51383333333333,-70.4465
AR77,027,4,2023-10-15 11:33:49+00:00,23.2746,23.2715,251.07429,235.662,15.4597,15.4607,31.628,31.6243,1023.2951,1023.292,4.643,15.4604,15.4614,3.961136,3.960813,2.8868,2.4197,0.2708,0.017343,4.607158722264551,40.51383333333333,-70.4465
AR77,028,1,2023-10-15 12:56:19+00:00,23.4629,23.4643,252.42271,222.202,15.1334,15.1355,31.7809,31.7834,1023.6326,1023.6341,38.378,15.1391,15.1412,3.950609,3.95107,2.7197,1.6703,0.2659,0.10683,38.07862820332902,40.514,-70.66666666666667
AR77,028,2,2023-10-15 12:58:01+00:00,23.2964,23.2932,252.45115,240.633,15.1984,15.2003,31.5828,31.5791,1023.393,1023.3898,21.834,15.2016,15.2035,3.933436,3.933194,2.9229,1.8317,0.2303,0.11515,21.66455050529763,40.514,-70.66666666666667
AR77,028,3,2023-10-15 12:59:15+00:00,23.2979,23.2948,252.46736,241.496,15.1964,15.1977,31.5842,31.5805,1023.3422,1023.3391,10.017,15.1979,15.1992,3.932774,3.93247,2.9364,1.8737,0.2314,0.11687,9.939544832356267,40.514,-70.66666666666667
AR77,028,4,2023-10-15 12:59:27+00:00,23.2976,23.2942,252.46697,242.341,15.1966,15.1985,31.5838,31.58,1023.3438,1023.3404,10.446,15.1981,15.2001,3.93277,3.932513,2.9421,1.9518,0.2436,0.11367,10.365216859639407,40.514,-70.66666666666667
AR77,029,1,2023-10-15 14:25:35+00:00,23.7321,23.7341,250.1007,226.177,15.4455,15.4421,32.2188,32.2205,1023.9258,1023.9278,43.877,15.4521,15.4487,4.028335,4.028211,2.785,0.4991,0.156,0.20009,43.53415165144331,40.51416666666667,-70.88466666666666
AR77,029,2,2023-10-15 14:27:45+00:00,23.3688,23.3665,251.33704,231.515,15.3711,15.3726,31.7254,31.7228,1023.4633,1023.461,21.394,15.3743,15.3758,3.964978,3.964832,2.842,1.4688,0.2335,0.18375,21.22798758873703,40.51416666666667,-70.88466666666666
AR77,029,3,2023-10-15 14:29:22+00:00,23.3311,23.3283,251.38723,235.732,15.3792,15.3806,31.6787,31.6755,1023.3657,1023.3629,7.815,15.3803,15.3817,3.95973,3.959493,2.8847,1.6306,0.2373,0.19312,7.754612814252,40.51416666666667,-70.88466666666666
AR77,029,4,2023-10-15 14:29:38+00:00,23.3299,23.3265,251.3884,235.351,15.3795,15.3811,31.6772,31.6733,1023.3642,1023.3608,7.759,15.3806,15.3823,3.959581,3.959292,2.8817,1.7451,0.2467,0.20112,7.69904657690241,40.51416666666667,-70.88466666666666
AR77,030,1,2023-10-15 16:02:33+00:00,23.7151,23.712,249.74761,191.969,15.517,15.5238,32.2171,32.2149,1023.9157,1023.9125,45.456,15.5238,15.5306,4.034798,4.035182,2.4471,0.16,0.1431,0.79188,45.100646436270104,40.51283333333333,-71.1055
AR77,030,2,2023-10-15 16:04:40+00:00,23.4687,23.4661,247.25912,228.354,16.0822,16.0839,32.0598,32.0569,1023.5652,1023.5626,21.912,16.0856,16.0873,4.067617,4.067441,2.8414,1.0637,0.237,0.72004,21.74194336171716,40.51283333333333,-71.1055
AR77,030,3,2023-10-15 16:06:00+00:00,23.4689,23.4661,247.27165,231.032,16.0816,16.0829,32.0598,32.0565,1023.5099,1023.5071,9.312,16.083,16.0843,4.066861,4.066607,2.8835,1.0867,0.3154,0.68224,9.240012937058712,40.51283333333333,-71.1055
AR77,030,4,2023-10-15 16:06:07+00:00,23.4688,23.4659,247.27066,231.123,16.0819,16.0831,32.0598,32.0564,1023.5066,1023.5037,8.585,16.0832,16.0845,4.066848,4.066573,2.8658,1.0897,0.2972,0.68264,8.518648082393003,40.51283333333333,-71.1055
AR77,031,1,2023-10-15 17:32:24+00:00,23.6657,23.6635,241.56603,220.39,17.0817,17.0809,32.6153,32.6122,1023.8438,1023.8416,40.647,17.0883,17.0875,4.225275,4.224848,2.8093,0.5868,0.1546,1.4778,40.329709844618435,40.51316666666666,-71.32366666666667
AR77,031,2,2023-10-15 17:34:44+00:00,23.4924,23.4892,248.94718,236.192,15.7591,15.7579,31.9969,31.9923,1023.5789,1023.5756,19.598,15.7621,15.7609,4.030754,4.030123,2.9125,1.7369,0.2553,1.5172,19.44601059317431,40.51316666666666,-71.32366666666667
AR77,031,3,2023-10-15 17:36:17+00:00,23.4887,23.4863,248.90665,236.263,15.7697,15.7711,31.9951,31.9924,1023.5256,1023.5232,8.362,15.771,15.7724,4.030892,4.030719,2.9206,1.636,0.2555,1.5434,8.297375845109615,40.51316666666666,-71.32366666666667
AR77,031,4,2023-10-15 17:36:24+00:00,23.4899,23.4864,248.90569,236.643,15.7694,15.7709,31.9965,31.9924,1023.529,1023.5256,8.876,15.7707,15.7723,4.031048,4.030736,2.9219,1.6363,0.2548,1.4084,8.807392511765212,40.51316666666666,-71.32366666666667
AR77,032,1,2023-10-15 19:03:54+00:00,23.9127,23.9119,248.62615,209.844,15.6434,15.6381,32.5102,32.5076,1024.0959,1024.0951,41.562,15.6497,15.6444,4.079183,4.078403,2.6356,0.2496,0.1363,0.48464,41.238040067634756,40.363,-71.3225
AR77,032,2,2023-10-15 19:05:47+00:00,23.5957,23.594,245.64934,227.358,16.3325,16.3355,32.2986,32.2974,1023.6879,1023.6863,20.981,16.3357,16.3388,4.117871,4.118006,2.8506,1.0272,0.1867,0.20381,20.818499936638393,40.363,-71.3225
AR77,032,3,2023-10-15 19:07:21+00:00,23.5892,23.5863,245.8107,227.79,16.3066,16.3078,32.2825,32.2791,1023.6241,1023.6213,7.949,16.3078,16.309,4.1129,4.112624,2.8632,1.0135,0.1945,0.20832,7.887683451243858,40.363,-71.3225
AR77,033,1,2023-10-15 20:49:24+00:00,23.7731,23.7736,249.21168,226.737,15.593,15.5927,32.3141,32.3148,1023.9375,1023.9381,37.299,15.5987,15.5984,4.052248,4.052298,2.8101,0.4779,0.1363,0.15273,37.00865155455898,40.362833333333334,-71.10483333333333
AR77,033,2,2023-10-15 20:51:41+00:00,23.4577,23.4552,249.09741,230.654,15.7457,15.7469,31.9479,31.945,1023.5409,1023.5384,18.853,15.7486,15.7497,4.023945,4.023725,2.8504,2.0346,0.2439,0.13817,18.707078343680546,40.362833333333334,-71.10483333333333
AR77,033,3,2023-10-15 20:53:26+00:00,23.4587,23.4557,249.10702,232.043,15.745,15.7466,31.9489,31.9454,1023.4966,1023.4935,8.587,15.7463,15.748,4.02343,4.023189,2.8699,2.0485,0.2528,0.14009,8.520749026246111,40.362833333333334,-71.10483333333333
AR77,034,1,2023-10-15 22:29:18+00:00,23.9004,23.9014,249.57658,221.321,15.4728,15.4672,32.4453,32.4451,1024.0978,1024.0988,44.74,15.4795,15.4739,4.056296,4.055751,2.7412,0.2118,0.131,0.006105,44.39092409614053,40.36366666666667,-70.88533333333334
AR77,034,2,2023-10-15 22:31:28+00:00,23.5908,23.5887,252.44395,233.185,15.0804,15.0843,31.9323,31.9306,1023.6673,1023.6653,17.303,15.083,15.0868,3.961505,3.961677,2.849,1.7714,0.2063,0.0062047,17.169138532372823,40.36366666666667,-70.88533333333334
AR77,034,3,2023-10-15 22:32:58+00:00,23.5875,23.5843,252.52608,234.49,15.0682,15.0698,31.9246,31.9208,1023.6223,1023.6191,7.874,15.0694,15.071,3.95902,3.958753,2.8585,1.6859,0.2068,0.006105,7.813262929030982,40.36366666666667,-70.88533333333334
AR77,034,4,2023-10-15 22:33:13+00:00,23.5873,23.5839,252.53004,234.437,15.0675,15.0694,31.9242,31.9202,1023.6229,1023.6195,8.037,15.0687,15.0706,3.958923,3.958658,2.8606,1.6903,0.189,0.0061548,7.97500245536822,40.36366666666667,-70.88533333333334
AR77,035,1,2023-10-16 08:53:19+00:00,22.7629,22.7602,246.24001,226.592,16.565,16.5665,31.2823,31.2792,1022.8218,1022.8191,13.391,16.5671,16.5686,4.021997,4.021779,2.8395,3.0951,1.6397,0.0064289,13.286363449162634,41.3245,-70.57766666666667
AR77,035,2,2023-10-16 08:53:28+00:00,22.7629,22.7605,246.24292,226.339,16.5645,16.5654,31.2822,31.2793,1022.8214,1022.819,13.287,16.5665,16.5675,4.021931,4.021687,2.8379,3.0597,1.7491,0.0063293,13.18317942478571,41.3245,-70.57766666666667
AR77,035,3,2023-10-16 08:53:35+00:00,22.7633,22.7618,246.24906,226.845,16.5631,16.5618,31.2823,31.28,1022.824,1022.8225,13.79,16.5652,16.564,4.021846,4.021464,2.8381,2.5631,1.3869,0.0061798,13.682232444414577,41.3245,-70.57766666666667
AR77,035,4,2023-10-16 08:56:03+00:00,22.7677,22.7648,246.31886,228.021,16.5495,16.5509,31.284,31.2806,1022.7835,1022.7806,3.583,16.5501,16.5514,4.020269,4.01999,2.8497,2.6973,0.8611,0.006404,3.5550872043689714,41.3245,-70.57766666666667
AR77,035,5,2023-10-16 08:56:17+00:00,22.7675,22.7648,246.31612,227.443,16.5501,16.551,31.2839,31.2806,1022.7847,1022.7819,3.901,16.5507,16.5516,4.020321,4.020018,2.854,2.5214,0.782,0.0063293,3.8706068898844137,41.3245,-70.57766666666667
AR77,035,6,2023-10-16 08:56:27+00:00,22.7677,22.7645,246.31943,226.947,16.5494,16.5518,31.284,31.2805,1022.784,1022.7807,3.695,16.55,16.5524,4.020256,4.020065,2.8466,2.4786,0.8444,0.0063542,3.666213690015825,41.3245,-70.57766666666667
AR77,035,7,2023-10-16 08:56:36+00:00,22.7668,22.7642,246.30413,227.619,16.5527,16.5533,31.2838,31.2806,1022.783,1022.7804,3.666,16.5533,16.5539,4.020529,4.020218,2.8503,2.6324,0.8202,0.0063542,3.6374398736324336,41.3245,-70.57766666666667
