cruise,cast,niskin,date,sigma_00,sigma_11,oxsatmm_kg,sbox0mm_kg,potemp090c,potemp190c,sal00,sal11,density00,density11,prdm,t090c,t190c,c0s_m,c1s_m,sbeox0v,fleco_afl,turbwetntu0,spar,depsm,latitude,longitude
AR92,1,1,2025-08-14 14:01:45+00:00,23.4931,23.4948,248.15225,240.135,15.9065,15.9088,32.0404,32.0432,1023.5681,1023.5697,16.999,15.9091,15.9114,4.049024,4.049558,2.7291,1.4776,0.3343,0.0013954,16.86622041247003,41.196667,-70.883333
AR92,1,2,2025-08-14 14:02:01+00:00,23.4991,23.501,248.19131,239.206,15.8968,15.8984,32.0453,32.0483,1023.5741,1023.5761,17.025,15.8994,15.901,4.048694,4.049175,2.7271,1.3775,0.3481,0.0010715,16.892016260743606,41.196667,-70.883333
AR92,1,3,2025-08-14 14:02:10+00:00,23.4821,23.4861,248.04772,240.895,15.9304,15.9283,32.033,32.0376,1023.557,1023.5611,17.007,15.9331,15.9309,4.050377,4.050706,2.7311,1.449,0.3643,0.0013705,16.87415759690065,41.196667,-70.883333
AR92,1,4,2025-08-14 14:02:23+00:00,23.4821,23.4835,248.04612,241.494,15.9307,15.9328,32.033,32.0355,1023.5578,1023.5592,17.184,15.9334,15.9355,4.050418,4.050893,2.7471,1.4119,0.361,0.0012459,17.049767723649314,41.196667,-70.883333
AR92,1,5,2025-08-14 14:02:31+00:00,23.4879,23.4889,248.0909,241.647,15.92,15.9237,32.0374,32.0398,1023.5632,1023.5642,17.087,15.9227,15.9263,4.049936,4.05054,2.7451,1.4387,0.3792,0.0013456,16.953529424269792,41.196667,-70.883333
AR92,1,6,2025-08-14 14:02:37+00:00,23.4919,23.493,248.11957,239.333,15.9131,15.9158,32.0407,32.0429,1023.5671,1023.5682,17.06,15.9157,15.9184,4.049661,4.050164,2.722,1.3945,0.3387,0.00099673,16.926741435975444,41.196667,-70.883333
AR92,1,7,2025-08-14 14:05:11+00:00,23.4371,23.4549,247.5128,245.025,16.0495,15.9991,32.0091,32.0175,1023.4808,1023.4986,9.917,16.051,16.0006,4.058185,4.054523,2.7793,1.3899,0.3187,0.0013207,9.8397070869176,41.196667,-70.883333
AR92,1,8,2025-08-14 14:05:21+00:00,23.4359,23.4378,247.51261,245.144,16.0501,16.0524,32.0076,32.0108,1023.4797,1023.4816,9.947,16.0516,16.0539,4.058065,4.058644,2.7834,1.3917,0.3062,0.0011961,9.869472549335129,41.196667,-70.883333
AR92,1,9,2025-08-14 14:05:31+00:00,23.4395,23.4384,247.54159,245.081,16.0432,16.0489,32.0103,32.0106,1023.4831,1023.4821,9.908,16.0447,16.0505,4.057737,4.0583,2.7861,1.4137,0.3283,0.0011462,9.830777447347721,41.196667,-70.883333
AR92,1,10,2025-08-14 14:05:43+00:00,23.4252,23.4294,247.34374,246.076,16.086,16.0821,32.0041,32.0085,1023.4686,1023.4728,9.855,16.0875,16.0837,4.060962,4.061107,2.7899,1.392,0.2731,0.0010964,9.778191784195672,41.196667,-70.883333
AR92,1,11,2025-08-14 14:05:50+00:00,23.4262,23.4313,247.34375,247.781,16.0855,16.0762,32.0054,32.0093,1023.4703,1023.4754,10.011,16.0871,16.0778,4.06107,4.060665,2.803,1.4272,0.2827,0.0012459,9.932972188016068,41.196667,-70.883333
AR92,1,12,2025-08-14 14:05:59+00:00,23.4283,23.427,247.35874,245.621,16.0819,16.0889,32.0071,32.0074,1023.4725,1023.4711,10.016,16.0834,16.0904,4.060928,4.061604,2.7936,1.3692,0.2817,0.001221,9.937933096457837,41.196667,-70.883333
AR92,1,13,2025-08-14 14:06:19+00:00,23.3807,23.3832,246.65222,246.817,16.2337,16.2264,31.9895,31.9906,1023.4245,1023.427,9.948,16.2353,16.228,4.072847,4.072304,2.807,1.3626,0.2742,0.0013705,9.87046473134112,41.196667,-70.883333
AR92,1,14,2025-08-14 14:08:32+00:00,22.0789,22.0784,226.10814,229.326,20.9229,20.9278,31.798,31.7991,1022.0871,1022.0866,1.912,20.9233,20.9281,4.484918,4.485511,2.8534,0.3535,0.1232,0.001221,1.8971347443074613,41.196667,-70.883333
AR92,1,15,2025-08-14 14:08:45+00:00,22.1787,22.194,227.51463,232.427,20.5771,20.5429,31.8087,31.8169,1022.1866,1022.2019,1.834,20.5774,20.5432,4.453796,4.451609,2.8693,0.4731,0.1283,0.0014203,1.8197415164200288,41.196667,-70.883333
AR92,1,16,2025-08-14 14:08:52+00:00,22.1422,22.1402,227.00751,232.888,20.7016,20.7165,31.804,31.8065,1022.1506,1022.1485,1.929,20.702,20.7168,4.464893,4.466599,2.8776,0.4216,0.1305,0.0011462,1.914002495216306,41.196667,-70.883333
AR92,1,17,2025-08-14 14:09:00+00:00,22.133,22.137,226.86479,231.947,20.7363,20.7141,31.804,31.8015,1022.1408,1022.1448,1.792,20.7366,20.7145,4.46814,4.46575,2.8791,0.4133,0.1273,0.0014702,1.7780682277344921,41.196667,-70.883333
AR92,1,18,2025-08-14 14:09:07+00:00,22.133,22.1286,226.86365,231.668,20.7366,20.7557,31.8041,31.8049,1022.1396,1022.1351,1.518,20.7369,20.7559,4.468165,4.470053,2.8624,0.4075,0.1313,0.0013705,1.506199421719679,41.196667,-70.883333
AR92,1,19,2025-08-14 14:09:14+00:00,22.1529,22.143,227.12012,231.21,20.6728,20.706,31.808,31.8065,1022.1619,1022.1519,2.071,20.6732,20.7064,4.462701,4.465627,2.8604,0.402,0.1362,0.0014203,2.054897771994498,41.196667,-70.883333
AR92,1,20,2025-08-14 14:09:22+00:00,22.3213,22.3349,229.70655,236.867,20.0501,20.0312,31.8151,31.8265,1022.329,1022.3426,1.775,20.0504,20.0315,4.405212,4.404868,2.8861,0.6241,0.1523,0.0014453,1.7612004656143194,41.196667,-70.883333
AR92,1,21,2025-08-14 14:09:28+00:00,22.2668,22.2686,228.78272,235.338,20.2689,20.2801,31.8183,31.8244,1022.2751,1022.2769,1.908,20.2692,20.2804,4.426096,4.427913,2.8986,0.5796,0.1457,0.0014203,1.8931658615384954,41.196667,-70.883333
AR92,1,22,2025-08-14 14:09:34+00:00,22.2354,22.2445,228.41957,235.544,20.3595,20.3366,31.8081,31.8122,1022.2427,1022.2518,1.698,20.3598,20.3369,4.433312,4.431668,2.8941,0.6309,0.1439,0.0012459,1.6847994080017776,41.196667,-70.883333
AR92,1,23,2025-08-14 14:09:41+00:00,22.1467,22.1607,227.12167,233.488,20.6751,20.6311,31.8008,31.8038,1022.1547,1022.1687,1.837,20.6755,20.6314,4.461993,4.458244,2.8824,0.4636,0.1362,0.0014203,1.822718179572636,41.196667,-70.883333
AR92,1,24,2025-08-14 14:09:48+00:00,22.1681,22.1699,227.39761,233.28,20.6067,20.6052,31.8051,31.807,1022.1754,1022.1772,1.68,20.607,20.6055,4.456115,4.456196,2.869,0.4704,0.1294,0.0014203,1.6669394163921258,41.196667,-70.883333
AR92,2,1,2025-08-15 00:56:18+00:00,24.6021,24.6039,266.26143,234.247,12.2842,12.2845,32.5096,32.512,1024.7717,1024.7735,37.916,12.289,12.2894,3.771322,3.771605,2.5186,4.0609,0.4775,0.00089706,37.6184721373883,41.038833,-70.884333
AR92,2,2,2025-08-15 00:56:38+00:00,24.6021,24.6037,266.25897,235.069,12.2846,12.2853,32.5097,32.512,1024.7716,1024.7731,37.873,12.2894,12.2902,3.771369,3.771674,2.5207,4.1569,0.4819,0.00077247,37.57581347663141,41.038833,-70.884333
AR92,2,3,2025-08-15 00:58:30+00:00,24.5935,24.5945,266.08778,236.181,12.3169,12.3188,32.5065,32.5083,1024.7399,1024.741,32.746,12.3211,12.323,3.773676,3.774033,2.5378,4.0007,0.4696,0.00089706,32.489448492327725,41.038833,-70.884333
AR92,2,4,2025-08-15 00:58:40+00:00,24.5905,24.5918,266.02748,237.253,12.3281,12.3301,32.5053,32.5075,1024.7367,1024.7379,32.685,12.3323,12.3343,3.774564,3.774968,2.5452,4.0349,0.4422,0.00089706,32.42893119846375,41.038833,-70.884333
AR92,2,5,2025-08-15 00:58:48+00:00,24.5886,24.5906,265.98972,237.056,12.3351,12.3341,32.5046,32.5069,1024.7347,1024.7366,32.65,12.3393,12.3383,3.775124,3.775269,2.5455,4.3873,0.439,0.00087214,32.39420815292083,41.038833,-70.884333
AR92,2,6,2025-08-15 01:00:46+00:00,24.5168,24.5185,264.49684,239.051,12.6122,12.6135,32.4802,32.4828,1024.653,1024.6548,30.507,12.6161,12.6175,3.797528,3.797926,2.5716,4.5181,0.4504,0.00084722,30.26815445433058,41.038833,-70.884333
AR92,2,7,2025-08-15 01:00:54+00:00,24.5146,24.5152,264.44882,238.182,12.621,12.6249,32.4796,32.4813,1024.6509,1024.6514,30.497,12.625,12.6289,3.798275,3.798799,2.5688,4.4211,0.452,0.00074755,30.258233480021953,41.038833,-70.884333
AR92,2,8,2025-08-15 01:01:01+00:00,24.5181,24.5189,264.51228,238.143,12.609,12.6121,32.4811,32.483,1024.6547,1024.6555,30.581,12.613,12.6161,3.79735,3.797818,2.5662,4.3724,0.447,0.00074755,30.341569649265438,41.038833,-70.884333
AR92,2,9,2025-08-15 01:03:02+00:00,23.7466,23.7445,247.34138,265.204,15.9533,15.9892,32.3838,32.3916,1023.8272,1023.8252,18.308,15.9561,15.9921,4.09232,4.096529,2.9724,1.2936,0.117,0.0006728,18.165200257368003,41.038833,-70.884333
AR92,2,10,2025-08-15 01:03:11+00:00,23.769,23.7689,247.80887,265.189,15.857,15.8481,32.385,32.3822,1023.8502,1023.8501,18.427,15.8598,15.8509,4.083554,4.082413,2.9694,1.1547,0.1652,0.0009469,18.283266798292427,41.038833,-70.884333
AR92,2,11,2025-08-15 01:03:19+00:00,23.7552,23.7448,247.46615,265.79,15.9265,15.9564,32.3872,32.3824,1023.8358,1023.8254,18.304,15.9293,15.9592,4.090225,4.092444,2.9707,1.2538,0.1226,0.00059804,18.16123163296001,41.038833,-70.884333
AR92,2,12,2025-08-15 01:03:28+00:00,23.7235,23.7283,246.79492,265.842,16.0649,16.0543,32.3864,32.3894,1023.804,1023.8087,18.283,16.0678,16.0571,4.102942,4.102301,2.9782,1.235,0.1195,0.00072263,18.140396353555044,41.038833,-70.884333
AR92,2,13,2025-08-15 01:03:38+00:00,23.7305,23.733,246.84407,265.993,16.0529,16.0399,32.3919,32.3915,1023.8112,1023.8137,18.328,16.0557,16.0427,4.102454,4.101203,2.9823,1.1956,0.114,0.00074755,18.18504337825318,41.038833,-70.884333
AR92,2,14,2025-08-15 01:03:49+00:00,23.7241,23.7854,246.89694,266.367,16.0456,15.8571,32.3815,32.4064,1023.805,1023.8663,18.364,16.0484,15.8599,4.100599,4.085968,2.9852,1.2445,0.1134,0.0010715,18.22076099099646,41.038833,-70.884333
AR92,2,15,2025-08-15 01:03:56+00:00,23.7579,23.7446,247.60528,266.108,15.8995,16.0029,32.3828,32.3957,1023.8388,1023.8256,18.381,15.9023,16.0057,4.087231,4.098259,2.9768,1.1666,0.1145,0.00084722,18.237627639290974,41.038833,-70.884333
AR92,2,16,2025-08-15 01:07:05+00:00,22.4565,22.4644,231.0204,243.471,19.7168,19.6953,31.8798,31.8829,1022.4618,1022.4697,1.213,19.7171,19.6955,4.382007,4.380373,2.9396,0.7611,0.1265,0.00092198,1.2035886799995192,41.038833,-70.884333
AR92,2,17,2025-08-15 01:07:15+00:00,22.4421,22.4524,230.8737,243.251,19.7537,19.7285,31.8733,31.8783,1022.447,1022.4573,1.124,19.7539,19.7287,4.384639,4.382904,2.9427,0.7505,0.1227,0.00089706,1.1152794463271356,41.038833,-70.884333
AR92,2,18,2025-08-15 01:07:26+00:00,22.4695,22.4585,231.53679,244.548,19.6035,19.7127,31.8588,31.881,1022.4755,1022.4645,1.384,19.6038,19.7129,4.368842,4.381773,2.9448,0.7799,0.1232,0.00084722,1.3732613702659744,41.038833,-70.884333
AR92,2,19,2025-08-15 01:07:36+00:00,22.4351,22.44,230.78016,244.347,19.7762,19.7696,31.8717,31.8759,1022.4402,1022.4452,1.187,19.7764,19.7699,4.386554,4.386464,2.9443,0.7883,0.1359,0.00074755,1.177790480846852,41.038833,-70.884333
AR92,2,20,2025-08-15 01:07:44+00:00,22.433,22.4403,230.74426,244.195,19.7846,19.7702,31.8718,31.8765,1022.4372,1022.4445,0.961,19.7848,19.7703,4.387347,4.386567,2.9472,0.7547,0.1257,0.0010217,0.9535444588218042,41.038833,-70.884333
AR92,2,21,2025-08-15 01:07:52+00:00,22.4695,22.4736,231.26172,244.249,19.6609,19.651,31.8781,31.8801,1022.4748,1022.4789,1.223,19.6611,19.6512,4.376565,4.375885,2.9499,0.7825,0.1232,0.00099673,1.2135110634224946,41.038833,-70.884333
AR92,2,22,2025-08-15 01:08:01+00:00,22.4656,22.4639,231.19713,245.02,19.6761,19.6877,31.878,31.8796,1022.4705,1022.4687,1.123,19.6763,19.6879,4.377974,4.379249,2.9542,0.7817,0.1208,0.00097182,1.1142872075299184,41.038833,-70.884333
AR92,2,23,2025-08-15 01:08:09+00:00,22.4588,22.4803,231.09156,244.383,19.701,19.6377,31.8775,31.8844,1022.4636,1022.4851,1.112,19.7012,19.6379,4.380236,4.375164,2.9443,0.7658,0.1259,0.00084722,1.1033725804428087,41.038833,-70.884333
AR92,2,24,2025-08-15 01:08:18+00:00,22.4629,22.479,231.16178,245.01,19.6846,19.6129,31.8773,31.8744,1022.4673,1022.4834,1.01,19.6848,19.6131,4.378679,4.371611,2.9516,0.727,0.1271,0.00089706,1.0021641924375737,41.038833,-70.884333
AR92,3,1,2025-08-15 04:50:52+00:00,24.088,24.0967,241.14499,251.891,16.9898,16.8949,33.1381,33.1203,1024.2236,1024.2323,30.948,16.9949,16.8998,4.276554,4.265477,2.9088,0.5522,0.0955,0.00064788,30.706631644083018,40.6955,-70.772667
AR92,3,2,2025-08-15 04:51:05+00:00,24.0664,24.0743,240.07879,252.019,17.2065,17.1636,33.1765,33.1735,1024.2009,1024.2088,30.726,17.2116,17.1686,4.301609,4.297173,2.9213,0.5803,0.1009,0.00069771,30.486379466909145,40.6955,-70.772667
AR92,3,3,2025-08-15 04:53:03+00:00,23.3278,23.3282,214.09874,211.042,23.0966,23.1058,34.2377,34.2417,1023.4206,1023.4209,21.695,23.101,23.1102,5.01147,5.01292,2.7771,0.1568,0.074,0.0006728,21.526280228017328,40.6955,-70.772667
AR92,3,4,2025-08-15 04:53:11+00:00,23.3427,23.3413,213.84219,210.758,23.1506,23.1472,34.278,34.2748,1023.4357,1023.4343,21.75,23.1551,23.1517,5.022211,5.021455,2.78,0.1466,0.083,0.00069771,21.580849620380405,40.6955,-70.772667
AR92,3,5,2025-08-15 04:55:41+00:00,22.7891,22.7868,214.8419,209.626,23.159,23.1653,33.5506,33.5499,1022.7955,1022.7932,1.484,23.1593,23.1656,4.926729,4.92727,2.7649,0.1237,0.0753,0.00069771,1.4725312668305404,40.6955,-70.772667
AR92,3,6,2025-08-15 04:55:52+00:00,22.8123,22.8121,214.78324,210.405,23.1628,23.1667,33.5826,33.5839,1022.8179,1022.8177,1.309,23.163,23.167,4.931282,4.931841,2.7748,0.13,0.0808,0.00057312,1.2988842631810835,40.6955,-70.772667
AR92,4,1,2025-08-15 06:19:26+00:00,24.2382,24.2405,233.89738,249.445,18.3697,18.3515,33.7687,33.7659,1024.3431,1024.3454,24.103,18.3739,18.3556,4.482841,4.480726,2.9564,0.766,0.1001,0.0005482,23.915413086232725,40.695833,-70.994167
AR92,4,2,2025-08-15 06:19:40+00:00,24.1984,24.1923,232.19658,247.558,18.735,18.7377,33.8358,33.8288,1024.3036,1024.2975,24.202,18.7393,18.7419,4.526538,4.525951,2.9677,0.5506,0.092,0.0006728,24.01363683210751,40.695833,-70.994167
AR92,4,3,2025-08-15 06:22:18+00:00,23.4886,23.4845,214.54366,213.337,22.9235,22.9385,34.3842,34.3844,1023.5516,1023.5474,14.722,22.9265,22.9415,5.012499,5.014055,2.7928,0.1402,0.0731,0.0006728,14.60775510530837,40.695833,-70.994167
AR92,4,4,2025-08-15 06:22:33+00:00,23.4782,23.4783,214.34506,212.901,22.9746,22.9704,34.3898,34.3884,1023.5418,1023.5418,14.861,22.9777,22.9734,5.018443,5.01782,2.7999,0.1315,0.0743,0.00064788,14.745671473827286,40.695833,-70.994167
AR92,4,5,2025-08-15 06:24:56+00:00,22.6087,22.6182,212.99181,207.393,23.6748,23.6572,33.5096,33.5153,1022.6153,1022.6248,1.544,23.6752,23.6575,4.972819,4.971815,2.7588,0.1024,0.0726,0.00092198,1.5320673018817894,40.695833,-70.994167
AR92,4,6,2025-08-15 06:25:03+00:00,22.6482,22.6435,213.29634,207.619,23.5852,23.5994,33.5273,33.5266,1022.6561,1022.6514,1.84,23.5855,23.5998,4.96622,4.967544,2.7618,0.1059,0.0734,0.00059804,1.8257783751972076,40.695833,-70.994167
AR92,6,1,2025-08-15 07:32:41+00:00,25.4623,25.463,283.43941,212.565,9.2503,9.2587,32.9355,32.9381,1025.7316,1025.7323,59.397,9.2566,9.2651,3.542584,3.543584,2.208,0.3063,0.6466,0.00049837,58.92968493954015,40.696333,-70.8825
AR92,6,2,2025-08-15 07:32:56+00:00,25.4625,25.4641,283.4492,212.946,9.2488,9.255,32.9355,32.9387,1025.7324,1025.7339,59.511,9.2551,9.2614,3.542447,3.543325,2.2119,0.3801,0.8492,0.00064788,59.04277171524156,40.696333,-70.8825
AR92,6,3,2025-08-15 07:37:13+00:00,25.0878,25.0891,274.98105,236.93,10.6889,10.6866,32.7622,32.7634,1025.3082,1025.3095,48.93,10.6946,10.6924,3.65387,3.653783,2.4626,1.08,0.2102,0.0005482,48.5462671919482,40.696333,-70.8825
AR92,6,4,2025-08-15 07:37:22+00:00,25.0897,25.0849,275.00431,236.266,10.6845,10.6963,32.7636,32.7601,1025.3102,1025.3054,48.967,10.6902,10.7021,3.653619,3.65433,2.4591,0.9614,0.2327,0.00057312,48.58297266294778,40.696333,-70.8825
AR92,6,5,2025-08-15 07:37:30+00:00,25.0877,25.0885,274.99846,235.338,10.6862,10.6893,32.7614,32.7632,1025.3088,1025.3096,49.093,10.692,10.6951,3.653555,3.654013,2.4584,0.9804,0.2189,0.00057312,48.70796962293074,40.696333,-70.8825
AR92,6,6,2025-08-15 07:40:08+00:00,24.673,24.689,269.70377,268.219,11.6936,11.6457,32.4593,32.4686,1024.8327,1024.8487,35.595,11.698,11.6501,3.71273,3.709387,2.7766,8.3865,0.4351,0.00072263,35.31698836393507,40.696333,-70.8825
AR92,6,7,2025-08-15 07:40:16+00:00,24.682,24.6812,269.86146,269.3,11.6645,11.6757,32.464,32.4656,1024.8423,1024.8415,35.733,11.6689,11.6801,3.710614,3.711787,2.7889,7.5025,0.4289,0.00077247,35.45389866527271,40.696333,-70.8825
AR92,6,8,2025-08-15 07:40:23+00:00,24.6778,24.6821,269.80937,269.305,11.6746,11.6749,32.461,32.4667,1024.8375,1024.8419,35.599,11.679,11.6793,3.711202,3.711815,2.7775,8.5008,0.4266,0.00057312,35.32095677975546,40.696333,-70.8825
AR92,6,9,2025-08-15 07:40:33+00:00,24.6808,24.6738,269.87415,268.196,11.6629,11.6871,32.4622,32.4589,1024.8411,1024.8341,35.717,11.6673,11.6915,3.710277,3.712117,2.7862,8.8521,0.4273,0.00074755,35.438025011840445,40.696333,-70.8825
AR92,6,10,2025-08-15 07:40:43+00:00,24.6694,24.6759,269.56272,273.513,11.7178,11.682,32.4604,32.4603,1024.8298,1024.8363,35.748,11.7222,11.6865,3.715034,3.711812,2.8247,10.0434,0.4528,0.00062296,35.46878021424732,40.696333,-70.8825
AR92,6,11,2025-08-15 07:40:53+00:00,24.6662,24.6707,269.5051,275.661,11.7284,11.7234,32.4588,32.4634,1024.8262,1024.8307,35.66,11.7328,11.7279,3.715815,3.715848,2.8324,7.4792,0.4093,0.00062296,35.381475111482324,40.696333,-70.8825
AR92,6,12,2025-08-15 07:43:37+00:00,23.9002,23.9101,231.34325,240.074,19.0372,19.1416,33.5452,33.5929,1024.0023,1024.0122,23.502,19.0413,19.1458,4.521138,4.537065,2.8896,0.3384,0.085,0.0005482,23.31912342189761,40.696333,-70.8825
AR92,6,13,2025-08-15 07:43:49+00:00,23.8999,23.9241,231.71888,240.109,18.9594,18.9114,33.5191,33.5349,1024.0016,1024.0259,23.412,18.9635,18.9155,4.510421,4.507654,2.8962,0.329,0.0901,0.00064788,23.229828810399304,40.696333,-70.8825
AR92,6,14,2025-08-15 07:43:59+00:00,23.9915,23.9125,235.40571,242.297,18.1671,18.6352,33.3809,33.4291,1024.094,1024.0148,23.521,18.1711,18.6393,4.417229,4.468182,2.8762,0.3423,0.0862,0.00087214,23.337974501565487,40.696333,-70.8825
AR92,6,15,2025-08-15 07:44:08+00:00,23.9968,23.9661,235.604,243.505,18.1249,18.6792,33.3743,33.5136,1024.0991,1024.0682,23.478,18.1289,18.6833,4.412376,4.482548,2.8864,0.3557,0.09,0.00072263,23.295311529308357,40.696333,-70.8825
AR92,6,16,2025-08-15 07:46:16+00:00,23.5884,23.5886,215.57353,216.362,22.6389,22.6418,34.4087,34.41,1023.6635,1023.6637,17.533,22.6425,22.6453,4.986906,4.987367,2.8195,0.1246,0.0744,0.00057312,17.396821937160553,40.696333,-70.8825
AR92,6,17,2025-08-15 07:46:25+00:00,23.5873,23.5869,215.57093,216.329,22.6401,22.6424,34.4076,34.408,1023.6617,1023.6613,17.367,22.6436,22.6459,4.986874,4.987157,2.8184,0.1288,0.0766,0.00064788,17.232118189317298,40.696333,-70.8825
AR92,6,18,2025-08-15 07:49:14+00:00,22.4467,22.4484,212.08749,205.951,23.9616,23.9608,33.4064,33.4084,1022.4517,1022.4534,1.165,23.9619,23.9611,4.987741,4.98792,2.7556,0.1269,0.0777,0.00084722,1.1559973874670793,40.696333,-70.8825
AR92,6,19,2025-08-15 07:49:33+00:00,22.447,22.449,212.09097,205.439,23.9606,23.9592,33.4065,33.4085,1022.4526,1022.4545,1.296,23.9609,23.9594,4.987655,4.987776,2.7459,0.1417,0.0838,0.00057312,1.2859846678645919,40.696333,-70.8825
AR92,6,20,2025-08-15 07:49:49+00:00,22.448,22.4476,212.09942,206.007,23.9581,23.9625,33.4068,33.408,1022.4545,1022.4541,1.513,23.9584,23.9629,4.987465,4.988056,2.7541,0.1339,0.0927,0.00082231,1.5013069276683326,40.696333,-70.8825
AR92,6,21,2025-08-15 07:50:02+00:00,22.4457,22.4475,212.08059,205.821,23.9637,23.9628,33.4058,33.408,1022.4514,1022.4533,1.351,23.964,23.9631,4.987882,4.98808,2.7516,0.1341,0.083,0.00064788,1.3405594556210694,40.696333,-70.8825
AR92,6,22,2025-08-15 07:50:13+00:00,22.4469,22.4481,212.09211,205.579,23.9604,23.9617,33.4062,33.4082,1022.4527,1022.4539,1.36,23.9607,23.962,4.987604,4.988003,2.7538,0.1239,0.0789,0.00077247,1.3494898740493058,40.696333,-70.8825
AR92,6,23,2025-08-15 07:50:24+00:00,22.4464,22.4479,212.08745,205.953,23.9617,23.9619,33.4061,33.4082,1022.452,1022.4535,1.305,23.962,23.9622,4.987716,4.988008,2.7573,0.1269,0.0815,0.00074755,1.2949150886758067,40.696333,-70.8825
AR92,6,24,2025-08-15 07:50:34+00:00,22.4461,22.4473,212.08404,206.853,23.9626,23.9636,33.406,33.408,1022.4534,1022.4546,1.703,23.963,23.964,4.987815,4.988174,2.7642,0.1321,0.0886,0.00072263,1.6898377524202264,40.696333,-70.8825
AR92,7,1,2025-08-15 11:02:32+00:00,25.7533,25.7548,279.27201,217.934,9.7643,9.7633,33.4145,33.4162,1026.0729,1026.0744,70.736,9.7722,9.7712,3.636086,3.636157,2.2748,0.327,0.4856,0.00042361,70.17871432957189,40.513667,-70.8835
AR92,7,2,2025-08-15 11:03:06+00:00,25.7531,25.7546,279.29353,216.39,9.7611,9.7625,33.4136,33.4158,1026.0727,1026.0742,70.721,9.769,9.7704,3.635706,3.63605,2.2669,0.2717,0.4864,0.00057312,70.16383505544736,40.513667,-70.8835
AR92,7,3,2025-08-15 11:06:32+00:00,25.2961,25.2976,269.19051,243.984,11.5289,11.5227,33.2224,33.223,1025.5197,1025.5213,49.89,11.5351,11.5289,3.776739,3.776229,2.5658,3.3312,0.209,0.0002741,49.49944775174469,40.513667,-70.8835
AR92,7,4,2025-08-15 11:06:58+00:00,25.2959,25.2983,269.22334,243.343,11.5236,11.5247,33.221,33.2244,1025.5197,1025.5221,49.916,11.5298,11.5309,3.776112,3.776559,2.5615,3.3352,0.2128,0.00039869,49.525241095759874,40.513667,-70.8835
AR92,7,5,2025-08-15 11:07:08+00:00,25.2966,25.2985,269.23639,245.907,11.5212,11.5168,33.2213,33.2227,1025.5214,1025.5233,50.157,11.5274,11.523,3.775935,3.775672,2.5809,3.2826,0.2394,0.00047345,49.76432539907838,40.513667,-70.8835
AR92,7,6,2025-08-15 11:10:33+00:00,24.9542,24.9606,267.47537,272.758,11.9445,11.9397,32.8812,32.8883,1025.1336,1025.14,40.062,11.9496,11.9448,3.77915,3.779443,2.8353,5.0769,0.3009,0.00052329,39.749330908223605,40.513667,-70.8835
AR92,7,7,2025-08-15 11:10:59+00:00,24.9619,24.9641,267.93186,270.898,11.8668,11.87,32.8725,32.8761,1025.1408,1025.143,39.936,11.8719,11.875,3.77117,3.771829,2.8126,4.4652,0.3161,0.00044853,39.62432639495718,40.513667,-70.8835
AR92,7,8,2025-08-15 11:11:10+00:00,24.989,24.9759,268.44513,267.068,11.7724,11.8066,32.8849,32.8762,1025.1694,1025.1562,40.246,11.7774,11.8117,3.763866,3.766088,2.793,4.3069,0.3207,0.00037378,39.931877044420446,40.513667,-70.8835
AR92,7,9,2025-08-15 11:14:22+00:00,24.2946,24.297,254.96571,269.339,14.3419,14.363,32.6422,32.6511,1024.4212,1024.4235,28.552,14.3459,14.3671,3.972817,3.975733,2.929,0.8921,0.1424,0.00042361,28.32995275249985,40.513667,-70.8835
AR92,7,10,2025-08-15 11:14:36+00:00,24.3041,24.301,255.10108,269.211,14.314,14.3485,32.647,32.6523,1024.4311,1024.428,28.662,14.3181,14.3526,3.970775,3.974541,2.9316,0.9834,0.1475,0.0006728,28.4390897037013,40.513667,-70.8835
AR92,7,11,2025-08-15 11:14:48+00:00,24.2987,24.2952,254.91146,269.653,14.3498,14.3708,32.6497,32.6508,1024.4258,1024.4223,28.69,14.3539,14.375,3.974369,3.976437,2.9322,1.0821,0.14,0.00052329,28.466870009259022,40.513667,-70.8835
AR92,7,12,2025-08-15 11:17:31+00:00,23.2407,23.24,214.45708,209.368,23.0504,23.0647,34.1053,34.1098,1023.3253,1023.3246,19.766,23.0544,23.0687,4.989403,4.99144,2.7592,0.1122,0.0728,0.0005482,19.612698809051512,40.513667,-70.8835
AR92,7,13,2025-08-15 11:17:44+00:00,23.2401,23.2387,214.56725,210.141,23.0247,23.0336,34.0947,34.0964,1023.3246,1023.3232,19.747,23.0287,23.0377,4.985441,4.986552,2.7599,0.1182,0.0737,0.00049837,19.593847072108215,40.513667,-70.8835
AR92,7,14,2025-08-15 11:20:52+00:00,22.8617,22.8614,211.53153,205.059,23.9141,23.9169,33.9365,33.9372,1022.8728,1022.8725,2.601,23.9147,23.9175,5.053466,5.053853,2.7512,0.12,0.075,0.00039869,2.5809346059652882,40.513667,-70.8835
AR92,7,15,2025-08-15 11:21:10+00:00,22.857,22.8569,211.52979,206.495,23.9165,23.9179,33.9312,33.9315,1022.8691,1022.8689,2.83,23.9171,23.9185,5.053029,5.053213,2.7575,0.1263,0.0781,0.00062296,2.8081664273254483,40.513667,-70.8835
AR92,7,16,2025-08-15 11:21:22+00:00,22.858,22.8592,211.5296,205.143,23.9162,23.9185,33.9324,33.9349,1022.8694,1022.8706,2.654,23.9167,23.919,5.053139,5.053703,2.7526,0.1281,0.0874,0.00069771,2.6335253993002192,40.513667,-70.8835
AR92,7,17,2025-08-15 11:21:33+00:00,22.857,22.8586,211.52745,205.821,23.9171,23.9201,33.9314,33.9347,1022.8687,1022.8703,2.75,23.9177,23.9207,5.05311,5.053847,2.7518,0.1252,0.0817,0.00059804,2.7287841603451297,40.513667,-70.8835
AR92,7,18,2025-08-15 11:21:45+00:00,22.8578,22.8575,211.53001,206.282,23.9162,23.9171,33.9321,33.932,1022.8693,1022.869,2.689,23.9167,23.9177,5.053101,5.05319,2.7576,0.1539,0.0849,0.00044853,2.6682551610701104,40.513667,-70.8835
AR92,7,19,2025-08-15 11:21:58+00:00,22.852,22.8526,211.56236,204.497,23.9109,23.9115,33.9224,33.9234,1022.8637,1022.8642,2.729,23.9115,23.9121,5.051286,5.051484,2.7489,0.137,0.0788,0.00042361,2.7079463101575705,40.513667,-70.8835
AR92,8,1,2025-08-16 04:33:16+00:00,27.4718,27.4729,294.36543,178.78,6.876,6.8779,35.0453,35.047,1029.4493,1029.4504,434.256,6.9171,6.919,3.544579,3.544916,1.8195,0.0022,0.1689,0.00047345,430.47902834781706,39.941833,-70.884
AR92,8,2,2025-08-16 04:33:33+00:00,27.4713,27.4727,294.33698,179.42,6.8801,6.8806,35.0455,35.0473,1029.4484,1029.4498,434.16,6.9212,6.9217,3.544971,3.545182,1.82,-0.0016,0.1516,0.00019935,430.3839628030168,39.941833,-70.884
AR92,8,3,2025-08-16 04:43:45+00:00,26.5951,26.5949,246.47603,148.759,14.9373,14.9403,35.79,35.7905,1027.039,1027.0388,100.986,14.9526,14.9556,4.378001,4.378355,1.8776,0.1022,0.0705,0.00042361,100.18826480622248,39.941833,-70.884
AR92,8,4,2025-08-16 04:48:12+00:00,25.8672,25.8656,262.64308,211.895,12.3816,12.4381,34.1647,34.1768,1026.1195,1026.1179,56.593,12.389,12.4456,3.953437,3.960033,2.3491,0.5492,0.1173,0.00034886,56.151984355117015,39.941833,-70.884
AR92,8,5,2025-08-16 04:48:24+00:00,25.8555,25.8602,262.99418,212.784,12.3273,12.3855,34.1361,34.1566,1026.1082,1026.1128,56.656,12.3347,12.3929,3.94535,3.952966,2.3501,0.5564,0.1185,0.00037378,56.21448482826115,39.941833,-70.884
AR92,8,6,2025-08-16 04:48:36+00:00,25.8524,25.8519,263.10888,212.648,12.3093,12.3549,34.1276,34.1383,1026.1056,1026.1051,56.777,12.3167,12.3624,3.942775,3.948196,2.3544,0.5688,0.1204,0.00039869,56.33452536603044,39.941833,-70.884
AR92,8,7,2025-08-16 04:48:48+00:00,25.8546,25.8571,263.09124,212.74,12.3114,12.3244,34.131,34.1374,1026.108,1026.1105,56.809,12.3188,12.3318,3.943324,3.945214,2.3522,0.566,0.1263,0.00052329,56.36627161218627,39.941833,-70.884
AR92,8,8,2025-08-16 04:54:32+00:00,25.2137,25.2157,248.49412,250.421,15.1359,15.1393,34.0551,34.0585,1025.4019,1025.4038,42.694,15.1423,15.1457,4.203521,4.204226,2.8115,2.2683,0.1724,0.00034886,42.362723046910155,39.941833,-70.884
AR92,8,9,2025-08-16 04:54:55+00:00,25.2117,25.2135,248.50608,249.53,15.1345,15.1385,34.052,34.0555,1025.4001,1025.402,42.76,15.141,15.1449,4.203055,4.203824,2.806,2.291,0.1703,0.00047345,42.428204142785575,39.941833,-70.884
AR92,8,10,2025-08-16 04:55:08+00:00,25.2151,25.2165,248.47527,249.263,15.1388,15.1407,34.0576,34.06,1025.4039,1025.4054,42.861,15.1453,15.1471,4.204092,4.204536,2.8079,2.2151,0.1743,0.00044853,42.52841002167798,39.941833,-70.884
AR92,8,11,2025-08-16 04:55:22+00:00,25.2131,25.2144,248.49101,249.274,15.1367,15.1392,34.0545,34.0568,1025.4021,1025.4033,42.876,15.1432,15.1456,4.203544,4.204039,2.8023,2.1009,0.1715,0.00062296,42.543292078716135,39.941833,-70.884
AR92,8,12,2025-08-16 04:55:43+00:00,25.2152,25.2174,248.48883,249.584,15.1363,15.1372,34.0571,34.0602,1025.4032,1025.4055,42.667,15.1427,15.1436,4.203776,4.204211,2.8087,2.2592,0.1646,0.00037378,42.335935319833,39.941833,-70.884
AR92,8,13,2025-08-16 04:55:57+00:00,25.2164,25.2181,248.50229,249.359,15.1333,15.1351,34.0578,34.0605,1025.4051,1025.4068,42.826,15.1397,15.1415,4.203576,4.204051,2.8063,2.1116,0.1606,0.00034886,42.493685217714734,39.941833,-70.884
AR92,8,14,2025-08-16 04:59:21+00:00,24.7423,24.7484,230.60437,237.052,18.8347,18.7279,34.5802,34.5529,1024.8893,1024.8954,33.88,18.8407,18.7339,4.625868,4.611956,2.8702,1.0396,0.1236,0.00052329,33.61783213703794,39.941833,-70.884
AR92,8,15,2025-08-16 04:59:35+00:00,24.7823,24.7884,232.61075,238.003,18.4032,18.3999,34.4908,34.4977,1024.9307,1024.9368,34.145,18.4091,18.4058,4.572282,4.57276,2.8682,1.1027,0.1271,0.00037378,33.88075976449433,39.941833,-70.884
AR92,8,16,2025-08-16 05:01:54+00:00,23.478,23.4776,205.55663,196.745,25.1107,25.109,35.2256,35.2244,1023.5655,1023.5652,20.627,25.1152,25.1135,5.350488,5.350142,2.7182,0.0836,0.0746,0.00042361,20.46804331796674,39.941833,-70.884
AR92,8,17,2025-08-16 05:04:18+00:00,22.8279,22.8289,208.98088,202.086,24.5488,24.5501,34.1408,34.1425,1022.8357,1022.8366,1.82,24.5492,24.5505,5.145137,5.145494,2.7434,0.1358,0.0946,0.00034886,1.8060570183921192,39.941833,-70.884
AR92,8,18,2025-08-16 05:04:47+00:00,22.8291,22.8295,209.00746,202.591,24.5418,24.5446,34.1396,34.1412,1022.8366,1022.837,1.761,24.5422,24.545,5.144247,5.144756,2.7536,0.1446,0.0824,0.0002741,1.747509266256524,39.941833,-70.884
AR92,8,19,2025-08-16 05:05:00+00:00,22.8269,22.8278,208.99744,202.355,24.5453,24.5458,34.138,34.1395,1022.8341,1022.8351,1.707,24.5456,24.5462,5.144384,5.144638,2.7488,0.1402,0.0842,0.00049837,1.6939231733420415,39.941833,-70.884
AR92,8,20,2025-08-16 05:05:14+00:00,22.8271,22.8281,208.99975,202.359,24.5446,24.5464,34.138,34.1401,1022.8351,1022.8361,1.894,24.545,24.5468,5.144327,5.144788,2.744,0.1455,0.087,0.00044853,1.8794897685655652,39.941833,-70.884
AR92,8,21,2025-08-16 05:05:27+00:00,22.8277,22.8284,208.9964,203.444,24.5451,24.5479,34.1391,34.1411,1022.8351,1022.8358,1.73,24.5455,24.5483,5.14452,5.145076,2.7506,0.1415,0.0831,0.00042361,1.7167468812997246,39.941833,-70.884
AR92,8,22,2025-08-16 05:05:39+00:00,22.8286,22.8311,208.98789,203.613,24.5469,24.5482,34.1409,34.1447,1022.8355,1022.838,1.635,24.5472,24.5485,5.144933,5.145578,2.7564,0.1411,0.0868,0.00059804,1.6224750276179816,39.941833,-70.884
AR92,8,23,2025-08-16 05:05:50+00:00,22.8293,22.8306,208.97795,201.822,24.549,24.5517,34.1427,34.1455,1022.8371,1022.8384,1.837,24.5494,24.5521,5.145399,5.146046,2.7493,0.1324,0.0857,0.00059804,1.8229267065753387,39.941833,-70.884
AR92,8,24,2025-08-16 05:06:02+00:00,22.8298,22.8311,208.99198,202.438,24.5453,24.5429,34.1419,34.1427,1022.837,1022.8383,1.689,24.5457,24.5432,5.144913,5.144769,2.749,0.1509,0.0884,0.00037378,1.6760611392508225,39.941833,-70.884
AR92,9,1,2025-08-16 08:28:43+00:00,25.2421,25.2406,259.50386,251.212,13.1669,13.0817,33.5573,33.5333,1025.415,1025.4135,38.865,13.1722,13.087,3.962648,3.952149,2.7217,1.7947,0.1648,0.00049837,38.56438026068646,39.773667,-70.775
AR92,9,2,2025-08-16 08:28:51+00:00,25.2785,25.2431,259.67292,250.745,13.1233,13.0604,33.593,33.5311,1025.451,1025.4157,38.786,13.1286,13.0657,3.962344,3.949921,2.7117,1.8027,0.1486,0.00072263,38.48599869434838,39.773667,-70.775
AR92,9,3,2025-08-16 08:29:01+00:00,25.2485,25.2537,260.10011,250.614,13.0621,13.0502,33.5386,33.5423,1025.4225,1025.4277,39.1,13.0674,13.0555,3.950877,3.950163,2.7044,1.8303,0.1891,0.00047345,38.79754043881287,39.773667,-70.775
AR92,9,4,2025-08-16 08:29:10+00:00,25.2299,25.2398,259.2444,251.639,13.2164,13.1624,33.5543,33.5532,1025.4026,1025.4126,38.847,13.2217,13.1677,3.966962,3.961791,2.7216,1.9223,0.1511,0.00044853,38.54652117226235,39.773667,-70.775
AR92,9,5,2025-08-16 08:29:17+00:00,25.2187,25.2265,259.38281,253.449,13.1971,13.1723,33.5348,33.5386,1025.3919,1025.3997,38.944,13.2024,13.1776,3.963094,3.961177,2.7311,1.7331,0.1489,0.0005482,38.64276179701013,39.773667,-70.775
AR92,9,6,2025-08-16 08:29:25+00:00,25.2385,25.2327,259.99763,251.684,13.0836,13.0844,33.5312,33.5239,1025.4135,1025.4076,39.314,13.0889,13.0898,3.952125,3.95143,2.728,1.8652,0.1527,0.00044853,39.009864795505315,39.773667,-70.775
AR92,9,7,2025-08-16 08:29:35+00:00,25.256,25.2293,260.17331,251.451,13.0466,13.117,33.5443,33.5279,1025.4297,1025.4029,39.018,13.0518,13.1223,3.950027,3.95488,2.7182,1.8458,0.1573,0.0005482,38.71618244937948,39.773667,-70.775
AR92,9,8,2025-08-16 08:29:49+00:00,25.2645,25.2751,261.6801,251.423,12.7866,12.7652,33.489,33.4973,1025.4392,1025.4499,39.225,12.7919,12.7704,3.919959,3.91883,2.7062,2.1077,0.165,0.00057312,38.921561701949706,39.773667,-70.775
AR92,9,9,2025-08-16 08:30:01+00:00,25.2384,25.2832,260.57824,251.028,12.9844,12.7949,33.5056,33.5152,1025.4125,1025.4575,39.115,12.9897,12.8001,3.940145,3.923474,2.7105,2.3499,0.1613,0.00049837,38.81242299435687,39.773667,-70.775
AR92,9,10,2025-08-16 08:30:08+00:00,25.2444,25.2628,261.1561,250.0,12.8836,12.8397,33.4877,33.5002,1025.4182,1025.4366,39.02,12.8888,12.8449,3.92885,3.926074,2.6982,2.0369,0.1728,0.00072263,38.71816679096991,39.773667,-70.775
AR92,9,11,2025-08-16 08:33:09+00:00,23.8,23.8004,213.22579,215.425,23.0976,23.1033,34.861,34.8637,1023.9031,1023.9035,24.114,23.1025,23.1082,5.092856,5.093802,2.836,0.1838,0.0689,0.00044853,23.928334635434936,39.773667,-70.775
AR92,9,12,2025-08-16 08:33:18+00:00,23.785,23.7881,213.01203,215.974,23.1548,23.1321,34.863,34.8585,1023.8874,1023.8906,23.979,23.1597,23.1371,5.099006,5.096085,2.844,0.1891,0.0698,0.00059804,23.79438185515954,39.773667,-70.775
AR92,9,13,2025-08-16 08:36:13+00:00,22.6407,22.6402,209.52206,202.97,24.498,24.4993,33.8731,33.8729,1022.6527,1022.6522,2.814,24.4986,24.4999,5.104115,5.104221,2.7404,0.112,0.0688,0.00062296,2.792477905705693,39.773667,-70.775
AR92,9,14,2025-08-16 08:36:20+00:00,22.6308,22.6381,209.56333,201.91,24.4922,24.4961,33.8577,33.8688,1022.6434,1022.6507,2.957,24.4928,24.4968,5.101476,5.103363,2.7316,0.0983,0.0689,0.00059804,2.9343831921874686,39.773667,-70.775
AR92,9,15,2025-08-16 08:36:26+00:00,22.6343,22.6341,209.55374,202.168,24.4931,24.4931,33.8626,33.8624,1022.6466,1022.6464,2.9,24.4937,24.4937,5.102215,5.102189,2.7332,0.1049,0.0729,0.0006728,2.877819558326753,39.773667,-70.775
AR92,9,16,2025-08-16 08:36:35+00:00,22.6306,22.6322,209.5739,201.758,24.4897,24.491,33.8564,33.859,1022.6436,1022.6452,3.04,24.4904,24.4916,5.101055,5.101534,2.7306,0.0967,0.0791,0.00052329,3.016747753873272,39.773667,-70.775
AR92,9,17,2025-08-16 08:36:41+00:00,22.6292,22.6305,209.59846,202.099,24.4844,24.4865,33.8524,33.855,1022.6408,1022.6421,2.74,24.485,24.4871,5.099961,5.100512,2.7421,0.0881,0.0692,0.00052329,2.7190443621589404,39.773667,-70.775
AR92,9,18,2025-08-16 08:36:49+00:00,22.6275,22.6296,209.60069,201.584,24.4845,24.4861,33.8503,33.8536,1022.641,1022.6431,3.162,24.4852,24.4867,5.099711,5.100319,2.7285,0.0968,0.0693,0.00049837,3.137813675907686,39.773667,-70.775
AR92,9,19,2025-08-16 08:36:55+00:00,22.6302,22.6311,209.60378,202.202,24.4826,24.4845,33.8531,33.855,1022.6425,1022.6434,2.88,24.4832,24.4851,5.099878,5.100328,2.7343,0.0977,0.0764,0.0005482,2.857972665545807,39.773667,-70.775
AR92,9,20,2025-08-16 08:37:02+00:00,22.6293,22.6296,209.6033,201.678,24.4831,24.4844,33.8521,33.853,1022.6423,1022.6427,3.057,24.4838,24.4851,5.099801,5.100069,2.7358,0.0991,0.0782,0.00064788,3.03361759976497,39.773667,-70.775
AR92,9,21,2025-08-16 08:37:08+00:00,22.6271,22.6276,209.59953,202.272,24.4849,24.4872,33.8499,33.8514,1022.6409,1022.6413,3.224,24.4856,24.4878,5.099713,5.100131,2.7351,0.0995,0.0731,0.00037378,3.1993389530875547,39.773667,-70.775
AR92,9,22,2025-08-16 08:37:16+00:00,22.6266,22.6279,209.59277,201.357,24.4868,24.4881,33.8499,33.8522,1022.6402,1022.6416,3.212,24.4875,24.4887,5.099904,5.100332,2.7323,0.1086,0.0702,0.00057312,3.187430836367987,39.773667,-70.775
AR92,9,23,2025-08-16 08:37:22+00:00,22.6269,22.6292,209.59836,201.767,24.4853,24.4854,33.8497,33.8528,1022.6407,1022.643,3.257,24.486,24.4861,5.099727,5.100144,2.7285,0.1052,0.0844,0.00032394,3.2320862704917843,39.773667,-70.775
AR92,9,24,2025-08-16 08:37:31+00:00,22.6274,22.629,209.60083,201.677,24.4845,24.4853,33.8501,33.8525,1022.6411,1022.6426,3.206,24.4852,24.486,5.099692,5.100094,2.7355,0.1281,0.0678,0.00047345,3.1814767777482325,39.773667,-70.775
AR92,10,1,2025-08-16 10:20:23+00:00,26.0367,26.038,245.72586,206.094,15.3123,15.3123,35.1736,35.1754,1026.2595,1026.2609,50.7,15.32,15.3201,4.344686,4.344889,2.4268,0.9413,0.0837,0.00049837,50.306390578506836,39.774333,-70.9925
AR92,10,2,2025-08-16 10:22:43+00:00,25.2763,25.2794,242.31586,238.195,16.2723,16.3123,34.4685,34.4845,1025.4328,1025.4358,35.682,16.278,16.3179,4.359587,4.365309,2.7575,1.1621,0.135,0.00057312,35.40627175938375,39.774333,-70.9925
AR92,10,3,2025-08-16 10:25:04+00:00,24.2172,24.2082,223.25582,230.601,20.63,20.677,34.5054,34.5102,1024.3239,1024.3149,24.738,20.6346,20.6816,4.796268,4.801601,2.8869,0.2864,0.0729,0.00059804,24.54749153034939,39.774333,-70.9925
AR92,10,4,2025-08-16 10:25:15+00:00,24.1772,24.2032,222.46797,229.333,20.8206,20.6562,34.5202,34.4962,1024.2828,1024.3088,24.505,20.8253,20.6609,4.817324,4.79777,2.8849,0.2822,0.0804,0.00049837,24.31629961258427,39.774333,-70.9925
AR92,10,5,2025-08-16 10:28:35+00:00,22.5913,22.5899,208.24806,199.836,24.8328,24.8358,33.9406,33.94,1022.6026,1022.6012,2.647,24.8333,24.8364,5.147141,5.147374,2.7274,0.0935,0.0767,0.00049837,2.626756064008013,39.774333,-70.9925
AR92,10,6,2025-08-16 10:28:44+00:00,22.5911,22.5878,208.24776,200.32,24.8329,24.8391,33.9403,33.9385,1022.6026,1022.5994,2.723,24.8335,24.8397,5.147129,5.147507,2.7303,0.0873,0.0688,0.00049837,2.702174327024964,39.774333,-70.9925
AR92,11,1,2025-08-16 12:17:50+00:00,27.5553,27.5571,299.51196,198.425,6.1338,6.1316,35.0251,35.027,1029.8684,1029.8701,506.317,6.1792,6.177,3.478137,3.478101,1.9211,0.0096,0.0592,0.0006728,501.833957084516,39.7725,-70.8835
AR92,11,2,2025-08-16 12:18:06+00:00,27.5558,27.5567,299.5378,199.108,6.1301,6.132,35.0251,35.0266,1029.8703,1029.8713,506.647,6.1755,6.1774,3.47781,3.478114,1.9207,0.017,0.0568,0.00049837,502.16063665639666,39.7725,-70.8835
AR92,11,3,2025-08-16 12:28:20+00:00,26.6553,26.6571,246.13683,149.914,14.9759,14.9636,35.879,35.8779,1027.0964,1027.0982,100.366,14.9911,14.9788,4.39156,4.390203,1.8931,0.039,0.0611,0.00087214,99.57484274477062,39.7725,-70.8835
AR92,11,4,2025-08-16 12:30:48+00:00,26.466,26.467,250.52701,171.123,14.251,14.2512,35.4297,35.4311,1026.7984,1026.7995,75.349,14.262,14.2622,4.269035,4.269198,2.0633,0.2709,0.0675,0.00062296,74.75957489185944,39.7725,-70.8835
AR92,11,5,2025-08-16 12:33:07+00:00,25.8949,25.8921,233.89959,187.449,17.6725,17.665,35.7077,35.7016,1026.1128,1026.11,50.077,17.681,17.6735,4.642206,4.640741,2.338,0.8137,0.0853,0.0006728,49.688310533625206,39.7725,-70.8835
AR92,11,6,2025-08-16 12:33:19+00:00,25.8969,25.8976,233.84375,185.207,17.6829,17.6811,35.7136,35.7139,1026.1158,1026.1165,50.315,17.6915,17.6897,4.643972,4.643822,2.3246,0.7802,0.0781,0.00059804,49.92443441689008,39.7725,-70.8835
AR92,11,7,2025-08-16 12:33:31+00:00,25.88,25.886,233.85949,185.611,17.6868,17.7039,35.6928,35.7062,1026.0977,1026.1037,50.04,17.6953,17.7124,4.641946,4.645231,2.3203,0.7539,0.0757,0.0006728,49.65160217437307,39.7725,-70.8835
AR92,11,8,2025-08-16 12:35:22+00:00,25.3285,25.3272,266.25288,246.466,11.997,12.0262,33.3761,33.3815,1025.508,1025.5066,40.116,12.0021,12.0313,3.835021,3.838278,2.621,3.3419,0.2708,0.00084722,39.80558730389706,39.7725,-70.8835
AR92,11,9,2025-08-16 12:35:34+00:00,25.3292,25.3295,266.20117,246.864,12.0052,12.0071,33.379,33.3798,1025.5097,1025.51,40.35,12.0103,12.0123,3.836091,3.83636,2.6221,3.0706,0.2283,0.00069771,40.03775392840579,39.7725,-70.8835
AR92,11,10,2025-08-16 12:35:53+00:00,25.3269,25.3275,266.08496,247.158,12.0253,12.0248,33.3808,33.3814,1025.5071,1025.5077,40.297,12.0304,12.03,3.838133,3.838158,2.6227,2.9954,0.224,0.00082231,39.98516920318615,39.7725,-70.8835
AR92,11,11,2025-08-16 12:36:11+00:00,25.325,25.3273,266.16519,246.384,12.0128,12.0135,33.3753,33.3784,1025.5043,1025.5066,40.101,12.018,12.0186,3.836406,3.836783,2.6201,3.2606,0.2167,0.00084722,39.79070481898612,39.7725,-70.8835
AR92,11,12,2025-08-16 12:36:30+00:00,25.3273,25.3291,266.2292,247.184,12.0013,12.005,33.3755,33.3787,1025.5085,1025.5103,40.511,12.0065,12.0101,3.835389,3.836052,2.6252,3.0375,0.2157,0.00077247,40.1974923504734,39.7725,-70.8835
AR92,11,13,2025-08-16 12:38:32+00:00,24.5862,24.6139,235.65756,246.572,17.8671,17.696,34.0619,34.0438,1024.7132,1024.741,29.138,17.872,17.7009,4.468591,4.449718,2.9127,0.3827,0.0802,0.00074755,28.913303260261987,39.7725,-70.8835
AR92,11,14,2025-08-16 12:38:49+00:00,24.6024,24.6047,236.09694,245.983,17.7721,17.7593,34.0529,34.0518,1024.73,1024.7323,29.273,17.777,17.7642,4.458241,4.456857,2.9084,0.371,0.0804,0.00062296,29.047252704060853,39.7725,-70.8835
AR92,11,15,2025-08-16 12:40:41+00:00,23.8136,23.8175,216.69376,220.056,22.281,22.2713,34.5718,34.5734,1023.9126,1023.9165,23.095,22.2856,22.2759,4.971801,4.971017,2.8471,0.1616,0.0742,0.00084722,22.91723946476997,39.7725,-70.8835
AR92,11,16,2025-08-16 12:40:58+00:00,23.8141,23.8146,216.70966,219.277,22.277,22.2773,34.571,34.5717,1023.9145,1023.915,23.411,22.2817,22.282,4.971315,4.971439,2.8369,0.1547,0.0776,0.00092198,23.230789434530895,39.7725,-70.8835
AR92,11,17,2025-08-16 12:41:13+00:00,23.8117,23.8113,216.67284,219.889,22.2866,22.2878,34.5714,34.5713,1023.9117,1023.9113,23.322,22.2912,22.2924,4.972329,4.972445,2.8443,0.1521,0.0702,0.00079739,23.142479523295787,39.7725,-70.8835
AR92,11,18,2025-08-16 12:43:30+00:00,23.0022,23.0033,207.62378,198.633,24.8069,24.8092,34.474,34.4764,1023.0154,1023.0165,3.095,24.8076,24.8099,5.216441,5.216995,2.7219,0.0944,0.0743,0.00069771,3.071326987249105,39.7725,-70.8835
AR92,11,19,2025-08-16 12:43:43+00:00,22.9979,23.0012,207.6208,198.937,24.8096,24.81,34.4693,34.474,1023.0117,1023.0151,3.252,24.8103,24.8107,5.216089,5.216764,2.7186,0.0808,0.0714,0.00084722,3.227124897795977,39.7725,-70.8835
AR92,11,20,2025-08-16 12:43:55+00:00,23.0047,23.008,207.62335,199.106,24.8059,24.8053,34.477,34.4811,1023.0185,1023.0218,3.237,24.8066,24.806,5.21674,5.217233,2.7163,0.0853,0.0717,0.00074755,3.2122397522339714,39.7725,-70.8835
AR92,11,21,2025-08-16 12:44:07+00:00,23.0071,23.0094,207.80781,198.826,24.7592,24.7583,34.4615,34.4641,1023.0206,1023.0229,3.176,24.7599,24.759,5.209841,5.210106,2.7128,0.0784,0.0782,0.00062296,3.1517068157890376,39.7725,-70.8835
AR92,11,22,2025-08-16 12:44:20+00:00,23.005,23.0031,207.71751,199.727,24.7825,24.7846,34.468,34.4663,1023.0186,1023.0167,3.201,24.7832,24.7853,5.213112,5.213107,2.7269,0.0829,0.0728,0.0006728,3.1765153984656718,39.7725,-70.8835
AR92,11,23,2025-08-16 12:44:31+00:00,22.9983,23.0027,207.72094,199.526,24.7846,24.7887,34.4599,34.4674,1023.0116,1023.016,3.124,24.7852,24.7894,5.212245,5.213679,2.7192,0.0801,0.0692,0.00079739,3.1001049541834833,39.7725,-70.8835
AR92,11,24,2025-08-16 12:44:43+00:00,23.0098,23.0082,207.6898,198.873,24.7872,24.7884,34.4762,34.4746,1023.0239,1023.0224,3.326,24.7879,24.7891,5.214716,5.214623,2.7188,0.0922,0.0973,0.00069771,3.300558266715221,39.7725,-70.8835
AR92,12,1,2025-08-17 01:09:37+00:00,26.0959,26.0971,270.6115,196.971,10.9809,10.9824,34.1228,34.1247,1026.4878,1026.489,87.367,10.9915,10.993,3.819268,3.819601,2.1599,0.1478,0.3357,0.00034886,86.67637979773397,40.363833,-70.884333
AR92,12,2,2025-08-17 01:09:57+00:00,26.0947,26.0964,270.61002,197.895,10.9816,10.9826,34.1215,34.1239,1026.4861,1026.4878,87.248,10.9921,10.9932,3.819195,3.819524,2.1624,0.1666,0.32,0.00047345,86.55834542142439,40.363833,-70.884333
AR92,12,3,2025-08-17 01:18:57+00:00,25.7007,25.7,271.94054,226.437,10.9268,10.9045,33.603,33.597,1025.9867,1025.986,63.659,10.9344,10.9121,3.760713,3.758063,2.3963,0.7807,0.1344,0.00057312,63.159414900455346,40.363833,-70.884333
AR92,12,4,2025-08-17 01:19:19+00:00,25.7091,25.6972,270.97192,225.798,11.0779,10.9468,33.6484,33.603,1025.9953,1025.9836,63.749,11.0856,10.9544,3.779236,3.762564,2.4003,0.7062,0.1188,0.00052329,63.248694801602426,40.363833,-70.884333
AR92,12,5,2025-08-17 01:19:27+00:00,25.6905,25.6921,272.41032,226.51,10.8562,10.8597,33.5737,33.5765,1025.9761,1025.9777,63.552,10.8638,10.8673,3.751275,3.751878,2.3947,0.7161,0.1291,0.00047345,63.05327096733331,40.363833,-70.884333
AR92,12,6,2025-08-17 01:19:35+00:00,25.6924,25.6916,272.31656,225.25,10.8703,10.8625,33.5794,33.5766,1025.9784,1025.9776,63.641,10.8779,10.8701,3.753147,3.752155,2.3925,0.7651,0.1262,0.00037378,63.14155891555504,40.363833,-70.884333
AR92,12,7,2025-08-17 01:21:30+00:00,25.4932,25.495,268.41504,245.894,11.5771,11.577,33.4874,33.4898,1025.7063,1025.7081,47.56,11.583,11.5829,3.808097,3.808329,2.5959,1.6876,0.116,0.00057312,47.188598268829544,40.363833,-70.884333
AR92,12,8,2025-08-17 01:21:41+00:00,25.4972,25.5001,268.56042,245.307,11.5519,11.5448,33.4866,33.4886,1025.7108,1025.7137,47.68,11.5578,11.5507,3.805692,3.805239,2.5928,1.7164,0.1133,0.00042361,47.30764741413163,40.363833,-70.884333
AR92,12,9,2025-08-17 01:21:50+00:00,25.4936,25.4964,268.45851,244.815,11.5699,11.5628,33.4863,33.4882,1025.7066,1025.7093,47.535,11.5758,11.5688,3.807313,3.806852,2.5896,1.7016,0.1135,0.0002741,47.163796354844266,40.363833,-70.884333
AR92,12,10,2025-08-17 01:21:57+00:00,25.4929,25.4953,268.43937,245.562,11.5733,11.5656,33.4862,33.4874,1025.7056,1025.7079,47.461,11.5792,11.5715,3.807612,3.807026,2.5908,1.7779,0.1137,0.00049837,47.0903826718371,40.363833,-70.884333
AR92,12,11,2025-08-17 01:22:06+00:00,25.4957,25.4976,268.55775,245.851,11.553,11.5503,33.4849,33.4867,1025.7088,1025.7107,47.572,11.5589,11.5562,3.805612,3.805551,2.5947,1.7223,0.1117,0.0005482,47.20050318647516,40.363833,-70.884333
AR92,12,12,2025-08-17 01:23:36+00:00,25.1296,25.1412,253.29524,262.281,14.2997,14.2719,33.7127,33.7202,1025.3048,1025.3165,39.607,14.3054,14.2776,4.086025,4.084219,2.8754,1.2566,0.1041,0.00047345,39.29846181291715,40.363833,-70.884333
AR92,12,13,2025-08-17 01:25:32+00:00,24.4077,24.4143,240.94567,256.05,16.8963,16.8831,33.5262,33.5308,1024.5407,1024.5473,30.368,16.9012,16.888,4.312321,4.311583,2.9488,0.4843,0.0913,0.0006728,30.132108474832705,40.363833,-70.884333
AR92,12,14,2025-08-17 01:25:40+00:00,24.4066,24.407,240.78151,256.683,16.9286,16.9109,33.5346,33.5298,1024.5398,1024.5403,30.434,16.9336,16.9158,4.316397,4.314132,2.9509,0.4858,0.0863,0.00057312,30.197590969885223,40.363833,-70.884333
AR92,12,15,2025-08-17 01:25:47+00:00,24.387,24.3921,240.35163,256.01,17.0204,16.9866,33.5372,33.5335,1024.5201,1024.5252,30.41,17.0254,16.9915,4.32551,4.321827,2.9475,0.4848,0.0815,0.00069771,30.173779155926812,40.363833,-70.884333
AR92,12,16,2025-08-17 01:25:54+00:00,24.4019,24.4091,240.67586,255.562,16.9511,16.9242,33.5354,33.5365,1024.5358,1024.543,30.596,16.9561,16.9291,4.318652,4.316193,2.9429,0.4387,0.0842,0.00044853,30.358320641634972,40.363833,-70.884333
AR92,12,17,2025-08-17 01:28:08+00:00,22.9139,22.9125,210.55009,203.543,24.1286,24.1301,34.0892,34.0877,1022.9192,1022.9177,1.236,24.1289,24.1303,5.095411,5.095368,2.7441,0.1192,0.081,0.0006728,1.2264856912877948,40.363833,-70.884333
AR92,12,18,2025-08-17 01:28:15+00:00,22.9179,22.9215,210.58736,204.305,24.1179,24.111,34.0902,34.0923,1022.9233,1022.9269,1.26,24.1181,24.1112,5.094453,5.094038,2.7552,0.1328,0.0821,0.00042361,1.250300874636764,40.363833,-70.884333
AR92,12,19,2025-08-17 01:28:23+00:00,22.9327,22.9324,210.71384,204.654,24.0808,24.0805,34.0952,34.0948,1022.9382,1022.9379,1.28,24.081,24.0808,5.091357,5.091276,2.7515,0.1136,0.0826,0.00044853,1.2701468586426305,40.363833,-70.884333
AR92,12,20,2025-08-17 01:28:30+00:00,22.9428,22.9326,210.79777,204.039,24.0561,24.0773,34.0989,34.0938,1022.948,1022.9378,1.214,24.0563,24.0776,5.089333,5.090811,2.7507,0.1143,0.0799,0.00059804,1.2046551041152218,40.363833,-70.884333
AR92,12,21,2025-08-17 01:28:38+00:00,22.9253,22.9232,210.65385,203.063,24.0986,24.1028,34.0924,34.0913,1022.9301,1022.928,1.135,24.0988,24.103,5.092777,5.093065,2.7427,0.1107,0.0805,0.00047345,1.1262634309708148,40.363833,-70.884333
AR92,12,22,2025-08-17 01:28:45+00:00,22.9242,22.9247,210.64588,204.52,24.1009,24.0994,34.0919,34.092,1022.9295,1022.9301,1.254,24.1012,24.0997,5.09296,5.092824,2.7584,0.1131,0.0811,0.00062296,1.244347079059492,40.363833,-70.884333
AR92,12,23,2025-08-17 01:28:53+00:00,22.9282,22.9268,210.68012,203.647,24.0909,24.094,34.0932,34.0926,1022.9334,1022.9321,1.24,24.0912,24.0943,5.092116,5.092353,2.7424,0.1091,0.0842,0.00059804,1.2304548887051938,40.363833,-70.884333
AR92,12,24,2025-08-17 01:29:01+00:00,22.9254,22.9222,210.65557,204.704,24.0981,24.1057,34.0923,34.0911,1022.9305,1022.9273,1.198,24.0983,24.106,5.092725,5.093343,2.7542,0.1,0.0783,0.00069771,1.1887783119807225,40.363833,-70.884333
AR92,13,1,2025-08-17 03:54:56+00:00,25.4739,25.475,260.49667,236.908,12.9034,12.9043,33.789,33.7907,1025.6745,1025.6756,45.061,12.9094,12.9104,3.962728,3.962995,2.5885,1.2057,0.1037,0.00024918,44.709405117879065,40.358667,-70.664
AR92,13,2,2025-08-17 03:55:06+00:00,25.4719,25.4715,260.39516,236.811,12.9215,12.9258,33.791,33.7916,1025.6723,1025.6719,45.03,12.9276,12.9318,3.964643,3.965105,2.5811,1.3184,0.1038,0.00032394,44.678650357157764,40.358667,-70.664
AR92,13,3,2025-08-17 03:57:26+00:00,24.7175,24.7176,234.39191,247.987,18.0672,18.0682,34.2974,34.2979,1024.8603,1024.8604,32.795,18.0728,18.0738,4.51613,4.516278,2.9438,0.7741,0.0755,0.00029902,32.54007993378651,40.358667,-70.664
AR92,13,4,2025-08-17 03:57:38+00:00,24.7311,24.7191,234.50326,249.303,18.039,18.0632,34.3061,34.2983,1024.8739,1024.8619,32.798,18.0446,18.0688,4.514365,4.515826,2.9448,0.8509,0.0885,0.00029902,32.54305637766766,40.358667,-70.664
AR92,13,5,2025-08-17 03:59:43+00:00,24.3299,24.3294,234.58809,248.756,18.1903,18.1857,33.8307,33.8286,1024.4509,1024.4504,27.786,18.1951,18.1905,4.472898,4.472201,2.9378,0.3593,0.0815,0.00034886,27.57035042178816,40.358667,-70.664
AR92,13,6,2025-08-17 03:59:51+00:00,24.3289,24.3322,234.61049,250.886,18.1863,18.1987,33.828,33.8363,1024.4494,1024.4527,27.68,18.191,18.2034,4.472176,4.474374,2.9575,0.3923,0.0838,0.00037378,27.46518015621851,40.358667,-70.664
AR92,13,7,2025-08-17 04:01:28+00:00,23.5507,23.5527,213.41492,211.857,23.1616,23.1584,34.5565,34.5579,1023.6386,1023.6406,20.574,23.1658,23.1626,5.059575,5.059426,2.7969,0.0801,0.0788,0.00042361,20.414680399018057,40.358667,-70.664
AR92,13,8,2025-08-17 04:01:36+00:00,23.5509,23.5559,213.40926,210.737,23.1629,23.1459,34.5572,34.5574,1023.6385,1023.6436,20.512,23.1671,23.1501,5.059799,5.058085,2.7852,0.0938,0.0801,0.00037378,20.353163570719143,40.358667,-70.664
AR92,13,9,2025-08-17 04:04:03+00:00,22.9722,22.9731,210.75004,204.07,24.0547,24.0542,34.1372,34.1383,1022.9793,1022.9803,1.673,24.0551,24.0545,5.094312,5.094401,2.7451,0.1136,0.0831,0.00049837,1.6601208346612055,40.358667,-70.664
AR92,13,10,2025-08-17 04:04:09+00:00,22.9724,22.9726,210.75478,204.297,24.0534,24.0554,34.1371,34.1381,1022.9794,1022.9795,1.622,24.0538,24.0557,5.094164,5.094493,2.7498,0.1073,0.0837,0.00029902,1.6095136443242188,40.358667,-70.664
AR92,14,1,2025-08-17 04:58:55+00:00,25.2413,25.2413,256.06748,255.512,13.7631,13.764,33.7126,33.7128,1025.4368,1025.4367,44.071,13.7693,13.7702,4.035529,4.035635,2.8001,1.7655,0.1047,0.00029902,43.727219407304496,40.3625,-70.7745
AR92,14,2,2025-08-17 04:59:03+00:00,25.2402,25.2401,256.30131,254.24,13.7226,13.7212,33.7003,33.6999,1025.4353,1025.4352,43.988,13.7287,13.7274,4.030387,4.030211,2.7857,1.7558,0.1136,0.00037378,43.64487563897554,40.3625,-70.7745
AR92,14,3,2025-08-17 05:01:45+00:00,23.9146,23.9273,219.48666,223.442,21.5987,21.514,34.4542,34.4401,1024.0347,1024.0474,27.933,21.6042,21.5194,4.887882,4.877523,2.8513,0.1805,0.0801,0.00037378,27.71618998842552,40.3625,-70.7745
AR92,14,4,2025-08-17 05:01:55+00:00,23.9257,23.922,219.74114,224.316,21.5365,21.5095,34.4462,34.4316,1024.0454,1024.0417,27.845,21.5419,21.5149,4.880574,4.875989,2.8532,0.1922,0.0835,0.00044853,27.6288789210714,40.3625,-70.7745
AR92,14,5,2025-08-17 05:03:35+00:00,23.6712,23.6708,211.75938,208.397,23.5031,23.5037,34.8465,34.8462,1023.7688,1023.7684,22.858,23.5079,23.5084,5.132723,5.132737,2.7713,0.1233,0.0759,0.00049837,22.680860169666758,40.3625,-70.7745
AR92,14,6,2025-08-17 05:03:45+00:00,23.6713,23.6711,211.76279,209.06,23.5023,23.5039,34.8463,34.8466,1023.7685,1023.7683,22.775,23.507,23.5086,5.132605,5.132804,2.7762,0.1194,0.0796,0.00052329,22.598507932954615,40.3625,-70.7745
AR92,14,7,2025-08-17 05:06:07+00:00,22.9511,22.9563,211.04409,203.954,23.9928,23.9847,34.0852,34.0889,1022.9582,1022.9634,1.673,23.9932,23.985,5.081116,5.080779,2.7453,0.0956,0.0809,0.00037378,1.6601202551869494,40.3625,-70.7745
AR92,14,8,2025-08-17 05:06:16+00:00,22.9511,22.9525,211.03921,204.753,23.994,23.995,34.0857,34.0879,1022.9584,1022.9597,1.709,23.9943,23.9953,5.081299,5.081693,2.7447,0.1007,0.077,0.00029902,1.6958429577695102,40.3625,-70.7745
AR92,14,9,2025-08-17 05:06:22+00:00,22.9552,22.9564,211.07489,205.47,23.9836,23.985,34.087,34.0892,1022.9622,1022.9634,1.656,23.9839,23.9853,5.08042,5.080845,2.7499,0.0935,0.0775,0.00044853,1.6432511990208307,40.3625,-70.7745
AR92,14,10,2025-08-17 05:06:29+00:00,22.9583,22.9587,211.10093,205.316,23.976,23.9795,34.0881,34.0901,1022.9654,1022.9659,1.682,23.9763,23.9799,5.079794,5.08042,2.7436,0.0896,0.0761,0.00042361,1.669050931417515,40.3625,-70.7745
AR92,14,11,2025-08-17 05:06:35+00:00,22.9541,22.9522,211.06413,203.303,23.9867,23.9955,34.0868,34.0878,1022.961,1022.9591,1.608,23.987,23.9959,5.080701,5.081733,2.7417,0.0881,0.0761,0.00059804,1.5956209152769205,40.3625,-70.7745
AR92,14,12,2025-08-17 05:06:44+00:00,22.9521,22.9532,211.04696,204.941,23.9917,23.9939,34.0862,34.0884,1022.9592,1022.9602,1.644,23.992,23.9942,5.081125,5.081641,2.7447,0.1,0.0839,0.00049837,1.6313436291247223,40.3625,-70.7745
AR92,15,1,2025-08-17 06:29:02+00:00,25.3159,25.3173,267.15616,257.827,11.8533,11.8573,33.3252,33.3279,1025.5047,1025.506,42.165,11.8586,11.8626,3.816643,3.817294,2.7042,3.1825,0.1452,0.00019935,41.836280662938364,40.3625,-70.9935
AR92,15,2,2025-08-17 06:29:12+00:00,25.3154,25.3161,267.12201,259.334,11.8591,11.8686,33.3259,33.3291,1025.5041,1025.5048,42.158,11.8644,11.874,3.817254,3.818459,2.7274,2.9954,0.1441,9.9673e-05,41.82933594490394,40.3625,-70.9935
AR92,15,3,2025-08-17 06:31:06+00:00,24.5491,24.5596,241.5353,255.89,16.7236,16.6976,33.6579,33.6637,1024.6801,1024.6906,29.895,16.7284,16.7024,4.310821,4.308973,2.9412,0.4615,0.1083,0.00017443,29.662820247956066,40.3625,-70.9935
AR92,15,4,2025-08-17 06:31:16+00:00,24.5659,24.5678,241.78688,256.92,16.6681,16.6545,33.663,33.6613,1024.6973,1024.6991,29.965,16.6729,16.6593,4.30606,4.304563,2.9434,0.4905,0.0851,0.00022427,29.732271546094967,40.3625,-70.9935
AR92,15,5,2025-08-17 06:33:42+00:00,23.4445,23.443,216.69536,215.439,22.4399,22.4443,34.1446,34.1442,1023.5425,1023.541,22.873,22.4445,22.4489,4.933051,4.93344,2.7992,0.1506,0.0854,0.00012459,22.695743100476076,40.3625,-70.9935
AR92,15,6,2025-08-17 06:33:53+00:00,23.4349,23.4323,216.69917,215.092,22.4432,22.4464,34.1332,34.1309,1023.5332,1023.5306,22.937,22.4478,22.4509,4.93191,4.931935,2.7972,0.1309,0.089,0.00012459,22.759243593099782,40.3625,-70.9935
AR92,15,7,2025-08-17 06:36:17+00:00,22.9878,22.9883,210.37198,203.444,24.1395,24.1403,34.1911,34.192,1022.9943,1022.9948,1.523,24.1398,24.1406,5.110099,5.110293,2.7426,0.0689,0.0751,0.00017443,1.5112755939347322,40.3625,-70.9935
AR92,15,8,2025-08-17 06:36:24+00:00,22.988,22.9886,210.37396,202.142,24.1389,24.1398,34.191,34.1923,1022.9951,1022.9958,1.682,24.1393,24.1402,5.110045,5.110304,2.7321,0.0808,0.0776,9.9673e-05,1.669050931417515,40.3625,-70.9935
AR92,16,1,2025-08-17 07:55:54+00:00,25.2924,25.285,266.85595,259.228,11.912,11.9559,33.309,33.3101,1025.4755,1025.4681,40.921,11.9172,11.9611,3.820317,3.824475,2.7226,2.3902,0.1293,0.0002741,40.60210197567722,40.362333,-71.100667
AR92,16,2,2025-08-17 07:56:03+00:00,25.2919,25.2885,266.6593,258.274,11.9445,11.9924,33.3162,33.3234,1025.4753,1025.4718,40.975,11.9497,11.9976,3.824059,3.82921,2.7225,2.1637,0.1356,0.00037378,40.65567583071607,40.362333,-71.100667
AR92,16,3,2025-08-17 07:58:54+00:00,23.855,23.8571,214.19412,213.526,22.8438,22.8288,34.8372,34.8343,1023.9905,1023.9926,31.679,22.8502,22.8352,5.064128,5.06221,2.806,0.0965,0.0745,0.00042361,31.432829312970984,40.362333,-71.100667
AR92,16,4,2025-08-17 07:59:02+00:00,23.8587,23.8581,214.2476,215.279,22.8297,22.8237,34.8367,34.8337,1023.994,1023.9934,31.632,22.8361,22.8301,5.062605,5.061598,2.8149,0.0997,0.0713,0.00034886,31.38619811646016,40.362333,-71.100667
AR92,16,5,2025-08-17 08:01:57+00:00,23.6132,23.6135,210.36926,203.127,23.8628,23.8641,34.9092,34.9102,1023.7221,1023.7224,25.554,23.8682,23.8695,5.178349,5.178614,2.736,0.0798,0.0713,0.00034886,25.35580193219625,40.362333,-71.100667
AR92,16,6,2025-08-17 08:02:04+00:00,23.6145,23.6145,210.35984,203.556,23.8645,23.8655,34.9117,34.912,1023.7238,1023.7237,25.63,23.8699,23.8708,5.178854,5.178995,2.7443,0.0777,0.0728,0.00042361,25.431207785865837,40.362333,-71.100667
AR92,16,7,2025-08-17 08:05:29+00:00,22.8724,22.8742,211.9449,204.58,23.8103,23.8117,33.9104,33.9132,1022.8793,1022.8811,1.616,23.8106,23.812,5.039455,5.039972,2.7361,0.0871,0.1796,0.00047345,1.6035593210583707,40.362333,-71.100667
AR92,16,8,2025-08-17 08:05:39+00:00,22.8703,22.873,211.96332,205.45,23.8069,23.8091,33.9062,33.9107,1022.8757,1022.8784,1.261,23.8071,23.8094,5.038539,5.039355,2.7433,0.0745,0.1025,0.00037378,1.2512933448104515,40.362333,-71.100667
AR92,17,1,2025-08-17 11:30:59+00:00,26.682,26.6833,259.30062,155.624,12.6137,12.6158,35.2735,35.2757,1027.2716,1027.2729,132.728,12.6316,12.6337,4.095167,4.095605,1.862,0.0282,0.2316,7.4755e-05,131.66688376982455,40.152167,-70.884667
AR92,17,2,2025-08-17 11:31:20+00:00,26.6823,26.6849,259.29996,155.324,12.6137,12.613,35.2739,35.277,1027.2715,1027.274,132.627,12.6316,12.6309,4.095205,4.095453,1.8603,0.0246,0.2386,2.4918e-05,131.56672339391991,40.152167,-70.884667
AR92,17,3,2025-08-17 11:36:37+00:00,26.4207,26.4224,263.27149,182.059,12.0505,12.0525,34.7957,34.7983,1026.8815,1026.8832,103.345,12.0639,12.066,3.989706,3.990173,2.0761,0.0813,0.0866,9.9673e-05,102.52608412629694,40.152167,-70.884667
AR92,17,4,2025-08-17 11:42:17+00:00,25.7443,25.7455,259.64141,219.577,12.94,12.9333,34.1474,34.1473,1025.9925,1025.9937,55.805,12.9475,12.9408,4.004467,4.00381,2.4375,0.6949,0.1127,0.00019935,55.36917221807845,40.152167,-70.884667
AR92,17,5,2025-08-17 11:42:30+00:00,25.7381,25.7396,259.45222,220.809,12.9749,12.9734,34.1484,34.1499,1025.9857,1025.9872,55.67,12.9825,12.981,4.007873,4.007896,2.4403,0.8254,0.1097,0.0002741,55.23524461766906,40.152167,-70.884667
AR92,17,6,2025-08-17 11:42:46+00:00,25.7365,25.7411,259.40173,219.193,12.9843,12.9666,34.1486,34.1501,1025.9829,1025.9876,55.415,12.9918,12.9741,4.008774,4.007255,2.4413,0.753,0.1087,9.9673e-05,54.98227002232737,40.152167,-70.884667
AR92,17,7,2025-08-17 11:43:04+00:00,25.7313,25.7355,259.26802,219.807,13.0092,12.9923,34.1484,34.1495,1025.9794,1025.9836,55.789,13.0168,12.9999,4.011143,4.009648,2.4388,0.8628,0.1102,0.00017443,55.353299321865144,40.152167,-70.884667
AR92,17,8,2025-08-17 11:45:27+00:00,25.3868,25.3874,256.91078,239.427,13.5572,13.5577,33.8462,33.8471,1025.5759,1025.5765,42.623,13.5631,13.5636,4.030277,4.030421,2.6391,1.0051,0.0989,0.00012459,42.2914726878102,40.152167,-70.884667
AR92,17,9,2025-08-17 11:45:40+00:00,25.385,25.3852,256.93115,239.561,13.5543,13.5547,33.8431,33.8434,1025.5739,1025.5741,42.568,13.5603,13.5606,4.029678,4.029745,2.6356,0.9622,0.0998,0.0002741,42.236906116363336,40.152167,-70.884667
AR92,17,10,2025-08-17 11:45:53+00:00,25.3841,25.3849,256.93376,239.205,13.5542,13.5576,33.8419,33.8439,1025.5729,1025.5738,42.548,13.5602,13.5635,4.029544,4.030073,2.6368,0.9756,0.1049,0.00014951,42.21706372313991,40.152167,-70.884667
AR92,17,11,2025-08-17 11:46:06+00:00,25.3821,25.3831,256.90993,239.367,13.5592,13.5622,33.8407,33.8428,1025.5697,1025.5707,42.272,13.5651,13.5681,4.029868,4.030376,2.6373,1.0134,0.1064,0.00029902,41.94323850023687,40.152167,-70.884667
AR92,17,12,2025-08-17 11:46:19+00:00,25.3784,25.3795,256.93285,239.883,13.5566,13.5579,33.8352,33.8369,1025.5688,1025.5699,42.908,13.5626,13.5639,4.029074,4.029376,2.6396,0.9172,0.1062,0.00014951,42.57422650688051,40.152167,-70.884667
AR92,17,13,2025-08-17 11:48:19+00:00,25.1,25.1011,249.0047,250.388,15.0895,15.0925,33.8942,33.8965,1025.2536,1025.2548,34.855,15.0947,15.0977,4.180853,4.181395,2.8093,0.967,0.1002,0.00024918,34.58454449914492,40.152167,-70.884667
AR92,17,14,2025-08-17 11:48:33+00:00,25.0864,25.0906,248.52197,250.179,15.1839,15.1735,33.9035,33.9059,1025.239,1025.2432,34.626,15.1891,15.1787,4.190896,4.190179,2.811,0.9278,0.3919,0.00017443,34.35734048747578,40.152167,-70.884667
AR92,17,15,2025-08-17 11:48:47+00:00,25.074,25.0848,248.07819,249.7,15.2708,15.2231,33.9122,33.9125,1025.2264,1025.2372,34.594,15.276,15.2283,4.200193,4.195657,2.8138,0.8297,0.0965,0.00014951,34.3255914351924,40.152167,-70.884667
AR92,17,16,2025-08-17 11:57:31+00:00,23.7305,23.7291,212.05176,210.014,23.4067,23.4138,34.8876,34.8884,1023.8435,1023.8421,26.472,23.4122,23.4192,5.128374,5.129214,2.7857,0.1224,0.0711,9.9673e-05,26.267125825864884,40.152167,-70.884667
AR92,17,17,2025-08-17 11:57:47+00:00,23.7285,23.727,212.00085,210.246,23.4198,23.4287,34.8899,34.8914,1023.8413,1023.8398,26.432,23.4252,23.4342,5.130029,5.131147,2.7824,0.1215,0.0718,0.0002741,26.22743794083651,40.152167,-70.884667
AR92,17,18,2025-08-17 11:58:00+00:00,23.7434,23.7438,212.29739,210.2,23.3424,23.3492,34.8799,34.8831,1023.858,1023.8584,26.828,23.3479,23.3547,5.120749,5.121865,2.792,0.1207,0.0739,0.0002741,26.62034766351467,40.152167,-70.884667
AR92,17,19,2025-08-17 12:00:50+00:00,22.9928,22.9944,209.9352,202.107,24.2432,24.2448,34.2384,34.2411,1023.0053,1023.0069,2.925,24.2439,24.2454,5.127068,5.127582,2.7385,0.0875,0.0855,0.0002741,2.902528363997003,40.152167,-70.884667
AR92,17,20,2025-08-17 12:01:03+00:00,22.9928,22.9943,209.93739,200.874,24.2427,24.2441,34.2382,34.2406,1023.0054,1023.0068,2.941,24.2433,24.2447,5.126987,5.127447,2.722,0.0771,0.074,0.00019935,2.9184053289575047,40.152167,-70.884667
AR92,17,21,2025-08-17 12:01:13+00:00,22.9944,22.9949,209.94234,201.109,24.2409,24.2427,34.2395,34.2409,1023.0057,1023.0062,2.651,24.2414,24.2433,5.12696,5.127329,2.7247,0.0834,0.0817,0.00029902,2.630635147782818,40.152167,-70.884667
AR92,17,22,2025-08-17 12:01:25+00:00,22.9945,22.995,209.94868,200.765,24.2393,24.2407,34.2391,34.2402,1023.005,1023.0055,2.47,24.2398,24.2413,5.126727,5.127023,2.7179,0.0833,0.0757,0.00014951,2.451026657085194,40.152167,-70.884667
AR92,17,23,2025-08-17 12:01:39+00:00,22.9934,22.9945,209.94664,200.933,24.2403,24.2428,34.2379,34.2404,1023.005,1023.0061,2.717,24.2408,24.2434,5.126691,5.127288,2.7215,0.0914,0.0798,0.00032394,2.696127707360459,40.152167,-70.884667
AR92,17,24,2025-08-17 12:01:51+00:00,22.9934,22.9949,209.948,202.378,24.2399,24.2417,34.2378,34.2405,1023.0055,1023.007,2.842,24.2405,24.2423,5.126642,5.127185,2.7327,0.0934,0.0757,0.00032394,2.8201665884855633,40.152167,-70.884667
AR92,18,1,2025-08-18 03:17:31+00:00,25.39,25.3916,252.72278,242.18,14.2969,14.2975,34.0493,34.0515,1025.5544,1025.556,37.17,14.3023,14.3029,4.122136,4.122436,2.7024,1.4657,0.1031,0.00017443,36.88173152495492,40.045667,-70.774833
AR92,18,2,2025-08-18 03:17:39+00:00,25.3908,25.3925,252.76898,242.611,14.2883,14.2901,34.0479,34.0506,1025.5551,1025.5568,37.15,14.2937,14.2955,4.121169,4.12163,2.7003,1.5206,0.0984,9.9673e-05,36.86188842041329,40.045667,-70.774833
AR92,18,3,2025-08-18 03:18:59+00:00,24.2674,24.2881,232.79963,254.611,18.5814,18.4839,33.8758,33.871,1024.3894,1024.4101,28.052,18.5863,18.4888,4.516485,4.506375,3.0253,0.3945,0.0823,0.00019935,27.835060665756387,40.045667,-70.774833
AR92,18,4,2025-08-18 03:19:06+00:00,24.2757,24.2684,232.95398,254.99,18.5462,18.5715,33.8752,33.8738,1024.398,1024.3907,28.121,18.5511,18.5763,4.512973,4.515286,3.0254,0.3749,0.0823,9.9673e-05,27.903522387818562,40.045667,-70.774833
AR92,18,5,2025-08-18 03:20:26+00:00,23.0874,23.0845,210.80637,210.203,23.9876,23.9906,34.2633,34.2607,1023.168,1023.1651,18.902,23.9916,23.9946,5.105316,5.105275,2.8076,0.1309,0.0795,0.00012459,18.75623808549571,40.045667,-70.774833
AR92,18,6,2025-08-18 03:20:34+00:00,23.0984,23.108,210.91009,210.217,23.9577,23.9304,34.2662,34.2682,1023.1797,1023.1892,19.052,23.9617,23.9344,5.102658,5.100137,2.8055,0.1358,0.0796,0.00019935,18.905074490298816,40.045667,-70.774833
AR92,18,7,2025-08-18 03:22:32+00:00,22.7248,22.7243,207.65385,200.327,24.9214,24.9231,34.1527,34.1527,1022.7319,1022.7314,1.664,24.9218,24.9235,5.184768,5.184939,2.7395,0.0931,0.0744,0.00014951,1.6512371765542946,40.045667,-70.774833
AR92,18,8,2025-08-18 03:22:40+00:00,22.7247,22.7246,207.65137,199.692,24.9221,24.9227,34.1528,34.1529,1022.7322,1022.7321,1.766,24.9225,24.9231,5.184856,5.184927,2.7369,0.0974,0.0914,0.0002741,1.7524544064051113,40.045667,-70.774833
AR92,19,1,2025-08-18 04:54:58+00:00,25.1224,25.1217,244.12357,246.483,15.991,15.9918,34.1846,34.1839,1025.2786,1025.278,35.582,15.9966,15.9974,4.300141,4.30014,2.823,1.1536,0.0963,0.00017443,35.30618999083453,40.0435,-70.991
AR92,19,2,2025-08-18 04:55:15+00:00,25.1214,25.1215,244.09322,246.102,15.9972,15.9983,34.1851,34.1855,1025.2778,1025.2778,35.621,16.0028,16.0039,4.3008,4.30095,2.8211,1.126,0.0952,0.0002741,35.344884344638025,40.0435,-70.991
AR92,19,3,2025-08-18 04:57:02+00:00,24.1468,24.1485,221.82905,229.542,20.9748,20.9607,34.5351,34.5323,1024.2607,1024.2625,26.452,20.9798,20.9657,4.834858,4.833079,2.8981,0.2459,0.0806,0.00017443,26.247541219681494,40.0435,-70.991
AR92,19,4,2025-08-18 04:57:10+00:00,24.1397,24.1461,221.63218,230.454,21.0216,20.9616,34.5424,34.5294,1024.2537,1024.2601,26.478,21.0266,20.9667,4.840502,4.832818,2.8979,0.2417,0.0814,0.00022427,26.27333859821073,40.0435,-70.991
AR92,19,5,2025-08-18 04:59:00+00:00,23.4576,23.4574,206.10172,196.925,24.9831,24.9829,35.1472,35.1468,1023.5402,1023.5399,19.442,24.9873,24.9871,5.326444,5.326375,2.7181,0.0657,0.0721,0.00014951,19.29205243600945,40.0435,-70.991
AR92,19,6,2025-08-18 04:59:07+00:00,23.4473,23.4476,206.07088,197.387,24.9954,24.9947,35.1385,35.1386,1023.5297,1023.53,19.398,24.9996,24.9989,5.326554,5.3265,2.7173,0.0726,0.0743,0.00024918,19.24839384246098,40.0435,-70.991
AR92,19,7,2025-08-18 05:02:04+00:00,23.3365,23.3369,206.11253,197.55,25.0371,25.0387,35.0086,35.0098,1023.3433,1023.3438,1.617,25.0374,25.039,5.312243,5.312572,2.7273,0.0623,0.0765,0.00019935,1.6045981639577334,40.0435,-70.991
AR92,19,8,2025-08-18 05:02:11+00:00,23.3375,23.3385,206.12275,197.507,25.0341,25.0335,35.0088,35.0098,1023.3435,1023.3444,1.401,25.0344,25.0338,5.311941,5.312011,2.7262,0.0737,0.1013,0.00014951,1.390255538423519,40.0435,-70.991
AR92,20,1,2025-08-18 06:38:22+00:00,26.9112,26.9138,261.66012,135.947,12.1134,12.1089,35.4426,35.4449,1027.815,1027.8176,203.212,12.1403,12.1358,4.067984,4.067776,1.6629,0.0086,0.15,0.00037378,201.55497555133786,40.0455,-70.883167
AR92,20,2,2025-08-18 06:38:42+00:00,26.912,26.9136,261.66913,135.218,12.1116,12.1117,35.4433,35.4454,1027.8161,1027.8176,203.262,12.1384,12.1386,4.067871,4.068103,1.6624,0.0102,0.1473,0.00034886,201.6045434743896,40.0455,-70.883167
AR92,20,3,2025-08-18 06:38:56+00:00,26.9125,26.9139,261.68153,135.226,12.1093,12.1109,35.4433,35.4455,1027.8164,1027.8177,203.228,12.1362,12.1378,4.067651,4.068033,1.662,0.0126,0.1513,0.00042361,201.57083728801624,40.0455,-70.883167
AR92,20,4,2025-08-18 06:45:04+00:00,26.3789,26.3806,266.42615,185.452,11.5455,11.5481,34.6191,34.622,1026.8275,1026.8292,100.354,11.5582,11.5608,3.923324,3.923862,2.0814,0.0811,0.1004,0.00049837,99.56047181629272,40.0455,-70.883167
AR92,20,5,2025-08-18 06:45:19+00:00,26.3784,26.3799,266.45468,186.378,11.5411,11.541,34.6175,34.6193,1026.8267,1026.8282,100.291,11.5537,11.5537,3.922725,3.922914,2.085,0.0838,0.0989,0.00037378,99.49798515585917,40.0455,-70.883167
AR92,20,6,2025-08-18 06:48:23+00:00,25.844,25.8456,262.74372,215.559,12.3735,12.3866,34.1328,34.1381,1026.1107,1026.1123,59.825,12.3814,12.3945,3.949546,3.951332,2.375,0.7342,0.1134,0.00042361,59.357774083848874,40.0455,-70.883167
AR92,20,7,2025-08-18 06:48:40+00:00,25.8453,25.8486,262.3083,214.798,12.4462,12.4516,34.1525,34.1582,1026.1124,1026.1157,59.928,12.4541,12.4595,3.958475,3.959574,2.3739,0.6926,0.1086,0.00059804,59.459954824633584,40.0455,-70.883167
AR92,20,8,2025-08-18 06:48:54+00:00,25.8459,25.8492,262.50677,214.735,12.4126,12.435,34.1449,34.1548,1026.1122,1026.1155,59.742,12.4205,12.4429,3.954497,3.95764,2.3743,0.6385,0.1027,0.00042361,59.275434226506206,40.0455,-70.883167
AR92,20,9,2025-08-18 06:51:28+00:00,25.7072,25.709,264.22333,227.385,12.1823,12.1656,33.9091,33.9074,1025.9069,1025.9088,44.725,12.1881,12.1714,3.907551,3.905802,2.4636,1.0172,0.1061,0.00032394,44.37732733207154,40.0455,-70.883167
AR92,20,10,2025-08-18 06:51:41+00:00,25.711,25.7269,264.67426,225.581,12.1058,12.0846,33.8952,33.9106,1025.9107,1025.9266,44.704,12.1116,12.0904,3.898946,3.898546,2.4468,1.144,0.109,0.00049837,44.35649283487809,40.0455,-70.883167
AR92,20,11,2025-08-18 06:51:55+00:00,25.7184,25.7261,264.75209,225.557,12.09,12.0386,33.9009,33.8982,1025.9179,1025.9256,44.661,12.0957,12.0443,3.898039,3.892955,2.446,1.0632,0.1024,0.00037378,44.313831714961026,40.0455,-70.883167
AR92,20,12,2025-08-18 06:55:40+00:00,24.983,24.9834,245.64886,264.263,15.7603,15.7656,33.9355,33.9376,1025.1438,1025.1443,36.59,15.766,15.7713,4.249939,4.250692,2.9762,1.0112,0.094,0.00044853,36.30628126331372,40.0455,-70.883167
AR92,20,13,2025-08-18 06:55:54+00:00,24.9824,24.9829,245.6337,264.172,15.7634,15.7628,33.9357,33.9362,1025.1433,1025.1438,36.596,15.7691,15.7685,4.250256,4.250256,2.9753,0.9729,0.0984,0.00057312,36.312234211128086,40.0455,-70.883167
AR92,20,14,2025-08-18 06:58:41+00:00,23.558,23.5582,221.97259,235.818,21.1952,21.194,33.8399,33.8397,1023.6593,1023.6595,23.518,21.1997,21.1985,4.769697,4.76955,2.9556,0.2448,0.0888,0.00044853,23.336381140198096,40.0455,-70.883167
AR92,20,15,2025-08-18 06:58:55+00:00,23.5581,23.5587,221.97894,234.865,21.1938,21.1917,33.8394,33.8394,1023.6594,1023.6599,23.515,21.1983,21.1962,4.769501,4.769294,2.9568,0.2516,0.0816,0.00059804,23.333404477583453,40.0455,-70.883167
AR92,20,16,2025-08-18 06:59:12+00:00,23.5616,23.5619,222.03517,235.812,21.1798,21.1801,33.839,33.8395,1023.6628,1023.6631,23.506,21.1843,21.1846,4.768059,4.768154,2.9473,0.2559,0.0817,0.00037378,23.32447448947972,40.0455,-70.883167
AR92,20,17,2025-08-18 07:01:45+00:00,22.7523,22.752,208.43047,200.676,24.7174,24.7196,34.1077,34.1082,1022.7589,1022.7586,1.537,24.7177,24.7199,5.157858,5.158151,2.7358,0.0968,0.0759,0.00044853,1.525211755276213,40.0455,-70.883167
AR92,20,18,2025-08-18 07:02:01+00:00,22.7523,22.7524,208.43033,200.587,24.7174,24.7188,34.1077,34.1084,1022.7583,1022.7584,1.414,24.7177,24.7191,5.157857,5.158088,2.7316,0.0914,0.0807,0.00042361,1.4031555403089597,40.0455,-70.883167
AR92,20,19,2025-08-18 07:02:15+00:00,22.7518,22.7518,208.42644,200.275,24.7186,24.72,34.1075,34.108,1022.7588,1022.7588,1.658,24.7189,24.7204,5.157955,5.158176,2.7273,0.1023,0.0921,0.00052329,1.64528324527186,40.0455,-70.883167
AR92,20,20,2025-08-18 07:02:36+00:00,22.7534,22.7538,208.44411,200.52,24.7136,24.7149,34.1077,34.1087,1022.7595,1022.7599,1.417,24.7139,24.7152,5.157452,5.157736,2.7318,0.0965,0.0761,0.00032394,1.406132522028408,40.0455,-70.883167
AR92,20,21,2025-08-18 07:02:50+00:00,22.7523,22.7534,208.42994,200.373,24.7176,24.7166,34.1077,34.1089,1022.7577,1022.7589,1.277,24.7178,24.7169,5.157865,5.157916,2.7277,0.1013,0.0721,0.00047345,1.267206662284148,40.0455,-70.883167
AR92,21,1,2025-08-18 10:34:22+00:00,26.5894,26.5914,261.12112,160.855,12.3433,12.3465,35.0857,35.089,1027.1017,1027.1037,115.135,12.3586,12.3618,4.048453,4.049106,1.8977,0.0524,0.4633,0.00032394,114.21829325937875,40.2585,-70.8935
AR92,21,2,2025-08-18 10:34:41+00:00,26.5869,26.5896,261.18437,160.199,12.3336,12.3401,35.0801,35.0852,1027.0987,1027.1013,114.989,12.3489,12.3553,4.04693,4.048074,1.8954,0.0463,0.4645,0.00034886,114.07349603676786,40.2585,-70.8935
AR92,21,3,2025-08-18 10:34:57+00:00,26.587,26.5891,261.15628,161.636,12.3383,12.3409,35.0814,35.0847,1027.0991,1027.1011,115.064,12.3536,12.3562,4.047524,4.048117,1.9035,0.0458,0.431,0.00039869,114.14787818444613,40.2585,-70.8935
AR92,21,4,2025-08-18 10:35:14+00:00,26.5877,26.5905,261.13502,160.256,12.3416,12.3456,35.0831,35.0877,1027.1001,1027.1029,115.148,12.3569,12.3608,4.048025,4.048874,1.898,0.0602,0.4668,0.0002741,114.23118615780288,40.2585,-70.8935
AR92,21,5,2025-08-18 10:39:25+00:00,26.2225,26.224,252.52406,186.922,13.989,13.9956,35.0428,35.0466,1026.6045,1026.606,86.435,14.0014,14.008,4.202337,4.203392,2.191,0.1354,0.0849,0.00039869,85.75276299178559,40.2585,-70.8935
AR92,21,6,2025-08-18 10:39:59+00:00,26.2228,26.2243,252.59817,187.043,13.9755,13.9761,35.0395,35.0415,1026.6067,1026.6081,86.841,13.988,13.9886,4.200702,4.200968,2.1937,0.1405,0.088,0.00037378,86.15547367797264,40.2585,-70.8935
AR92,21,7,2025-08-18 10:43:37+00:00,25.5579,25.561,282.67865,238.936,9.3274,9.3188,33.0734,33.0757,1025.8057,1025.8089,54.701,9.3333,9.3247,3.562593,3.562038,2.4246,1.0147,0.1556,0.00052329,54.27341442531004,40.2585,-70.8935
AR92,21,8,2025-08-18 10:43:50+00:00,25.5564,25.5588,282.45629,239.927,9.3613,9.3575,33.0785,33.0808,1025.8044,1025.8068,54.733,9.3672,9.3634,3.56612,3.566014,2.4358,1.025,0.1575,0.00044853,54.30516007673686,40.2585,-70.8935
AR92,21,9,2025-08-18 10:44:09+00:00,25.5392,25.5382,280.72073,240.84,9.6292,9.6596,33.1119,33.1171,1025.7848,1025.7838,54.292,9.6351,9.6655,3.593424,3.596661,2.4553,1.1411,0.1606,0.0002741,53.8676648845127,40.2585,-70.8935
AR92,21,10,2025-08-18 10:44:26+00:00,25.5238,25.5263,279.00424,241.797,9.896,9.8953,33.1486,33.1517,1025.7687,1025.7712,54.202,9.9021,9.9014,3.621061,3.621298,2.4791,1.2554,0.1647,0.00047345,53.77838003654684,40.2585,-70.8935
AR92,21,11,2025-08-18 10:47:42+00:00,25.4798,25.4805,271.82552,248.618,11.034,11.0325,33.3437,33.3442,1025.6782,1025.6789,44.168,11.0394,11.0379,3.743401,3.743316,2.5858,2.1576,0.1777,0.00042361,43.82386736869916,40.2585,-70.8935
AR92,21,12,2025-08-18 10:47:55+00:00,25.4807,25.4816,272.04136,247.597,10.9993,10.9986,33.3369,33.3379,1025.6798,1025.6806,44.291,11.0046,11.0039,3.739546,3.739577,2.5824,1.9576,0.1803,0.00052329,43.945895917880556,40.2585,-70.8935
AR92,21,13,2025-08-18 10:48:10+00:00,25.4805,25.4823,272.06513,248.356,10.9956,10.996,33.3358,33.3383,1025.6801,1025.6819,44.404,11.0009,11.0014,3.739101,3.739386,2.5856,2.1348,0.1881,0.00039869,44.0580033826902,40.2585,-70.8935
AR92,21,14,2025-08-18 10:48:22+00:00,25.4807,25.4819,272.13477,247.559,10.9844,10.9898,33.3335,33.3363,1025.6822,1025.6834,44.841,10.9898,10.9952,3.737865,3.73864,2.5824,2.0833,0.1817,0.00052329,44.49155114222469,40.2585,-70.8935
AR92,21,15,2025-08-18 10:48:38+00:00,25.4797,25.4816,272.03003,247.897,11.0015,11.0006,33.3362,33.3383,1025.6782,1025.68,44.158,11.0068,11.0059,3.739664,3.739795,2.5823,2.1242,0.1758,0.00044853,43.81394634524303,40.2585,-70.8935
AR92,21,16,2025-08-18 10:52:27+00:00,24.0153,24.12,224.45007,233.541,20.4542,20.2211,34.1787,34.2349,1024.1323,1024.237,27.093,20.4593,20.2261,4.738365,4.722016,2.8985,0.2568,0.0852,0.0005482,26.883019173440903,40.2585,-70.8935
AR92,21,17,2025-08-18 10:52:40+00:00,24.1358,24.1044,225.58079,233.904,20.1576,20.1856,34.2336,34.2022,1024.2534,1024.222,27.213,20.1626,20.1907,4.715536,4.714472,2.8935,0.2726,0.0845,0.00044853,27.00208127198095,40.2585,-70.8935
AR92,21,18,2025-08-18 10:56:40+00:00,23.0461,23.0451,210.13536,201.797,24.1712,24.1762,34.2806,34.2812,1023.0592,1023.0582,3.067,24.1719,24.1769,5.125344,5.125941,2.7318,0.0944,0.0789,0.00049837,3.0434069413949505,40.2585,-70.8935
AR92,21,19,2025-08-18 10:56:51+00:00,23.0473,23.0448,210.13962,202.786,24.1696,24.1761,34.2815,34.2808,1023.0616,1023.0591,3.355,24.1703,24.1768,5.125324,5.125879,2.7379,0.0865,0.0822,0.00032394,3.329189160437605,40.2585,-70.8935
AR92,21,20,2025-08-18 10:57:04+00:00,23.0431,23.0431,210.11821,202.027,24.1767,24.1795,34.2787,34.2798,1023.0565,1023.0566,3.156,24.1774,24.1802,5.125659,5.126099,2.7317,0.0875,0.0741,0.00049837,3.131721628104806,40.2585,-70.8935
AR92,21,21,2025-08-18 10:57:16+00:00,23.0491,23.0503,210.13613,202.811,24.1697,24.1705,34.2839,34.2857,1023.0632,1023.0643,3.294,24.1704,24.1712,5.125647,5.125969,2.7409,0.1113,0.0788,0.00047345,3.2686589320953146,40.2585,-70.8935
AR92,21,22,2025-08-18 10:57:29+00:00,23.0493,23.05,210.13848,203.052,24.169,24.1706,34.2839,34.2854,1023.064,1023.0647,3.448,24.1697,24.1713,5.125586,5.125938,2.7359,0.1,0.0847,0.00042361,3.4214729167158238,40.2585,-70.8935
AR92,21,23,2025-08-18 10:57:47+00:00,23.0512,23.053,210.15002,201.839,24.1655,24.166,34.285,34.2876,1023.0647,1023.0665,3.18,24.1661,24.1667,5.125344,5.125746,2.7346,0.1141,0.078,0.00047345,3.1555368179931027,40.2585,-70.8935
AR92,21,24,2025-08-18 10:57:59+00:00,23.0502,23.0509,210.13775,202.857,24.1689,24.1703,34.285,34.2866,1023.0641,1023.0649,3.28,24.1695,24.171,5.125699,5.126058,2.7355,0.0995,0.0771,0.0005482,3.254766746013985,40.2585,-70.8935
AR92,22,1,2025-08-19 00:41:58+00:00,25.1516,25.1536,274.93845,199.868,10.6706,10.6738,32.8401,32.8433,1025.3727,1025.3747,49.093,10.6763,10.6795,3.66003,3.660643,2.1691,0.5981,0.5361,0.00014951,48.70723458135369,40.861667,-70.884167
AR92,22,2,2025-08-19 00:42:15+00:00,25.1531,25.1552,274.9615,201.222,10.6664,10.6687,32.841,32.8442,1025.3749,1025.3771,49.264,10.6721,10.6744,3.659752,3.660288,2.1755,0.6391,0.5963,4.9837e-05,48.87687063071737,40.861667,-70.884167
AR92,22,3,2025-08-19 00:42:25+00:00,25.1531,25.1544,274.96056,200.349,10.6665,10.6705,32.841,32.8436,1025.3744,1025.3757,49.142,10.6723,10.6763,3.659765,3.660385,2.1711,0.6578,0.5591,0.00022427,48.755843756066625,40.861667,-70.884167
AR92,22,4,2025-08-19 00:46:03+00:00,24.882,24.8967,269.5923,239.561,11.6285,11.5859,32.713,32.7219,1025.0641,1025.0789,40.611,11.6335,11.5909,3.733177,3.730242,2.5384,3.6251,0.3859,0.00017443,40.292713294259954,40.861667,-70.884167
AR92,22,5,2025-08-19 00:46:12+00:00,24.8862,24.9011,269.65141,242.062,11.6172,11.5654,32.7158,32.7228,1025.0681,1025.083,40.546,11.6222,11.5704,3.732447,3.72847,2.5466,3.5483,0.3896,0.00012459,40.22822906742194,40.861667,-70.884167
AR92,22,6,2025-08-19 00:46:20+00:00,24.8883,24.9047,269.71385,239.462,11.6063,11.5564,32.7159,32.7252,1025.0697,1025.0861,40.446,11.6113,11.5613,3.731466,3.727904,2.5221,3.5214,0.3966,0.00012459,40.12902252492416,40.861667,-70.884167
AR92,22,7,2025-08-19 00:46:27+00:00,24.9088,24.9262,270.22896,234.554,11.5151,11.4817,32.7208,32.7355,1025.0917,1025.1092,40.776,11.5201,11.4867,3.723735,3.722211,2.5026,3.1967,0.4001,0.00024918,40.45640393268479,40.861667,-70.884167
AR92,22,8,2025-08-19 00:46:37+00:00,24.9744,24.9497,271.60336,227.403,11.2686,11.3698,32.748,32.7397,1025.1579,1025.1331,40.839,11.2736,11.3748,3.704245,3.712537,2.4799,2.5455,0.4135,0.00014951,40.51890396009442,40.861667,-70.884167
AR92,22,9,2025-08-19 00:48:11+00:00,24.7419,24.7454,268.28096,276.654,11.8977,11.8925,32.5964,32.5998,1024.893,1024.8966,33.735,11.9019,11.8968,3.745162,3.745043,2.8595,3.4584,0.4565,0.00029902,33.47116155569036,40.861667,-70.884167
AR92,22,10,2025-08-19 00:48:28+00:00,24.7495,24.7527,268.34722,274.649,11.8839,11.8797,32.603,32.606,1024.9004,1024.9036,33.681,11.8881,11.8839,3.744584,3.74452,2.8502,4.2169,0.4679,0.00017443,33.41758826000099,40.861667,-70.884167
AR92,22,11,2025-08-19 00:48:38+00:00,24.7514,24.7496,268.35794,272.546,11.8813,11.8839,32.6048,32.6031,1024.9038,1024.902,34.013,11.8856,11.8882,3.744558,3.744622,2.8354,4.6736,0.4705,0.00014951,33.74696459673764,40.861667,-70.884167
AR92,22,12,2025-08-19 00:50:39+00:00,24.4137,24.4133,258.82071,275.908,13.619,13.6266,32.6038,32.6052,1024.5271,1024.5266,25.485,13.6225,13.6301,3.902083,3.902929,2.9494,0.8894,0.147,0.00019935,25.28618987846297,40.861667,-70.884167
AR92,22,13,2025-08-19 00:50:48+00:00,24.4205,24.4165,259.25696,274.958,13.5408,13.5758,32.5922,32.5961,1024.5348,1024.5308,25.7,13.5444,13.5793,3.893694,3.897309,2.9453,0.882,0.1439,4.9837e-05,25.49949935584627,40.861667,-70.884167
AR92,22,14,2025-08-19 00:50:56+00:00,24.4364,24.4304,259.56629,276.688,13.4811,13.5409,32.5971,32.6049,1024.5516,1024.5455,25.892,13.4847,13.5445,3.888773,3.895079,2.9435,0.8983,0.1541,0.00019935,25.689989491875853,40.861667,-70.884167
AR92,22,15,2025-08-19 00:51:05+00:00,24.4302,24.4243,259.41496,278.185,13.5097,13.5581,32.5966,32.6016,1024.5431,1024.5372,25.393,13.5132,13.5616,3.891303,3.896261,2.9539,0.9158,0.1384,0.00019935,25.19491319694956,40.861667,-70.884167
AR92,22,16,2025-08-19 00:53:12+00:00,23.1251,23.1247,217.00487,213.225,22.51,22.509,33.7498,33.7488,1023.1342,1023.1338,2.117,22.5105,22.5094,4.887893,4.887666,2.7684,0.1811,0.0897,0.00014951,2.1006041945764067,40.861667,-70.884167
AR92,22,17,2025-08-19 00:53:20+00:00,23.1288,23.1268,217.05714,211.443,22.4963,22.5011,33.7496,33.7486,1023.1386,1023.1365,2.272,22.4968,22.5015,4.886511,4.886862,2.7605,0.1801,0.0845,0.00014951,2.254402898253643,40.861667,-70.884167
AR92,22,18,2025-08-19 00:53:28+00:00,23.1291,23.1263,217.05627,212.122,22.4965,22.5028,33.75,33.7486,1023.1381,1023.1353,2.102,22.4969,22.5032,4.886565,4.887018,2.763,0.1702,0.0836,0.00019935,2.085720442921526,40.861667,-70.884167
AR92,22,19,2025-08-19 00:53:35+00:00,23.128,23.1259,217.03964,210.474,22.5008,22.5042,33.7502,33.7487,1023.1368,1023.1347,2.037,22.5012,22.5046,4.887015,4.887162,2.7555,0.1756,0.0861,0.0002741,2.021224173234194,40.861667,-70.884167
AR92,22,20,2025-08-19 00:53:43+00:00,23.1281,23.1263,217.03956,211.707,22.5008,22.5054,33.7502,33.7496,1023.1366,1023.1348,1.99,22.5012,22.5058,4.887021,4.887399,2.7597,0.1787,0.0863,0.00014951,1.9745883963284956,40.861667,-70.884167
AR92,22,21,2025-08-19 00:53:52+00:00,23.1258,23.1252,217.00658,211.862,22.5094,22.5098,33.7504,33.7498,1023.1348,1023.1342,2.092,22.5098,22.5102,4.887908,4.887874,2.763,0.1623,0.0873,0.00029902,2.075797941216533,40.861667,-70.884167
AR92,22,22,2025-08-19 00:54:09+00:00,23.1264,23.1253,217.01206,211.063,22.5078,22.5098,33.7506,33.75,1023.1367,1023.1356,2.401,22.5083,22.5103,4.887797,4.887915,2.7653,0.1696,0.1857,0.00019935,2.382403021520295,40.861667,-70.884167
AR92,23,1,2025-08-19 02:41:23+00:00,22.549,22.5495,222.70116,218.562,21.469,21.4694,32.6103,32.6112,1022.5592,1022.5598,2.378,21.4695,21.4699,4.639789,4.639943,2.7766,0.3073,0.1068,0.00012459,2.359543469320591,41.037167,-70.886833
AR92,23,2,2025-08-19 02:41:36+00:00,22.5504,22.552,222.71157,219.084,21.466,21.4637,32.6111,32.6124,1022.5621,1022.5637,2.72,21.4666,21.4642,4.639624,4.639557,2.7755,0.3021,0.1069,0.00019935,2.6988868427768637,41.037167,-70.886833
AR92,24,1,2025-08-19 03:35:59+00:00,24.7351,24.7381,267.2824,251.789,12.0637,12.0647,32.6276,32.6317,1024.8899,1024.8929,34.572,12.068,12.0691,3.763442,3.76397,2.6795,10.4683,0.7337,7.4755e-05,34.30099119568301,41.038667,-70.773
AR92,24,2,2025-08-19 03:36:08+00:00,24.7184,24.7156,266.97511,257.804,12.1208,12.1445,32.6198,32.6219,1024.8723,1024.8695,34.399,12.1252,12.1489,3.767804,3.77017,2.7185,10.1245,0.6916,0.00012459,34.129361652017096,41.038667,-70.773
AR92,24,3,2025-08-19 03:38:08+00:00,22.7021,22.7016,223.37536,220.48,21.2543,21.2562,32.7352,32.7351,1022.7125,1022.7119,2.397,21.2548,21.2566,4.634916,4.635085,2.7878,0.3182,0.1004,0.00012459,2.3783955676642456,41.038667,-70.773
AR92,24,4,2025-08-19 03:38:15+00:00,22.7008,22.6999,223.35621,220.222,21.2591,21.2625,32.7351,32.7352,1022.7125,1022.7116,2.705,21.2596,21.263,4.635383,4.635718,2.7852,0.3294,0.1006,7.4755e-05,2.684003005329847,41.038667,-70.773
AR92,25,1,2025-08-19 04:52:00+00:00,24.3709,24.3802,262.0996,235.564,13.0742,13.0547,32.4079,32.415,1024.4941,1024.5034,27.616,13.0779,13.0584,3.831628,3.830604,2.5571,12.7156,0.9563,0.00012459,27.399977410003725,41.040167,-70.994333
AR92,25,2,2025-08-19 04:52:10+00:00,24.379,24.3849,262.28016,231.955,13.0404,13.0365,32.4098,32.4164,1024.502,1024.5079,27.577,13.0441,13.0402,3.828753,3.829102,2.5319,10.9077,1.0123,2.4918e-05,27.36128506987123,41.040167,-70.994333
AR92,25,3,2025-08-19 04:55:10+00:00,23.3277,23.3263,235.26847,242.476,18.4737,18.4845,32.6115,32.6132,1023.4014,1023.4001,16.921,18.4766,18.4874,4.354653,4.355885,2.8858,0.667,0.152,0.00014951,16.789073082055214,41.040167,-70.994333
AR92,25,4,2025-08-19 04:55:18+00:00,23.2715,23.2905,234.46803,242.757,18.6598,18.5983,32.5983,32.6031,1023.3443,1023.3632,16.695,18.6627,18.6012,4.370689,4.365444,2.8926,0.6002,0.1194,7.4755e-05,16.564844201367134,41.040167,-70.994333
AR92,25,5,2025-08-19 04:57:16+00:00,22.5277,22.5282,227.03065,225.674,20.5325,20.5337,32.2521,32.2531,1022.5401,1022.5405,2.843,20.533,20.5342,4.505103,4.505341,2.8007,0.4014,0.1081,9.9673e-05,2.820930478240963,41.040167,-70.994333
AR92,25,6,2025-08-19 04:57:24+00:00,22.5257,22.5279,227.08277,226.349,20.5222,20.5275,32.2458,32.2505,1022.5368,1022.5389,2.562,20.5227,20.528,4.503326,4.504411,2.8049,0.4483,0.1147,0.00017443,2.542113546121474,41.040167,-70.994333
AR92,26,1,2025-08-19 08:37:21+00:00,22.6035,22.6052,233.80852,220.561,19.0759,19.0773,31.8594,31.8621,1022.6539,1022.6556,11.579,19.0779,19.0793,4.320294,4.320763,2.6829,2.9711,0.8203,0.00039869,11.488576138462166,41.321333,-70.565833
AR92,26,2,2025-08-19 08:37:41+00:00,22.6036,22.6055,233.81069,222.043,19.0754,19.0762,31.8593,31.8621,1022.6537,1022.6556,11.501,19.0774,19.0783,4.320243,4.320662,2.6872,2.564,0.9845,0.00014951,11.411187422485485,41.321333,-70.565833
AR92,26,3,2025-08-19 08:38:02+00:00,22.6035,22.6052,233.80957,221.422,19.0756,19.0773,31.8592,31.862,1022.655,1022.6568,11.844,19.0777,19.0793,4.32027,4.320766,2.6856,2.6137,0.8236,0.00014951,11.751499121468258,41.321333,-70.565833
AR92,26,4,2025-08-19 08:40:58+00:00,22.6032,22.6051,233.80738,220.967,19.0776,19.0789,31.8595,31.8625,1022.6148,1022.6167,2.667,19.0781,19.0794,4.31997,4.320446,2.6835,2.6007,0.6399,0.00032394,2.6462298045655297,41.321333,-70.565833
AR92,26,5,2025-08-19 08:41:17+00:00,22.6043,22.6059,233.82341,220.551,19.0739,19.0765,31.8597,31.8627,1022.6167,1022.6183,2.863,19.0744,19.077,4.319652,4.32026,2.6787,2.817,0.7431,0.00022427,2.8407020353935115,41.321333,-70.565833
AR92,26,6,2025-08-19 08:41:29+00:00,22.6039,22.6054,233.81753,220.81,19.0752,19.0776,31.8596,31.8624,1022.6171,1022.6186,3.047,19.0757,19.0781,4.319777,4.320329,2.6863,2.5719,0.6467,0.00032394,3.0232676348262832,41.321333,-70.565833
AR92,26,7,2025-08-19 08:41:42+00:00,22.6034,22.605,233.81272,220.769,19.0765,19.0782,31.8594,31.8621,1022.6141,1022.6158,2.466,19.0769,19.0787,4.319837,4.320331,2.6867,2.554,0.6274,0.00032394,2.446796355384592,41.321333,-70.565833
