cruise,cast,niskin,date,sal00,sal11,sigma_t00,sigma_t11,oxsatmm_kg,sbox0mm_kg,sbox1mm_kg,potemp090c,potemp190c,svcm,svcm1,scan,timej,times,prdm,depsm,t090c,t190c,t2_t190c,c0s_m,c1s_m,v0,cstarat0,v1,fleco_afl,v2,altm,v3,v4,sbeox0v,v5,sbeox1v,v6,par,cpar,v7,spar,latitude,longitude
EN695,001,1,2023-01-11 19:59:59+00:00,32.4981,32.4968,25.5353,25.5345,304.0183,295.513,298.291,6.3272,6.3262,1473.17,1473.17,11133.0,11.83332,463.833,17.167,17.032,6.3286,6.3276,-0.001,3.243309,3.243105,4.0928,0.9491,0.2967,1.4202,0.1965,3.93,1.7744,2.3789,2.379,2.1801,2.1801,0.2989,5.7073,0.40014,0.0,1426.3,41.19792,-70.88524
EN695,001,2,2023-01-11 20:00:08+00:00,32.4969,32.4946,25.5386,25.5368,304.26234,296.518,299.024,6.2935,6.2934,1473.04,1473.04,11335.0,11.833417,472.25,17.261,17.126,6.2949,6.2948,-0.0001,3.2403,3.240094,4.0961,0.9459,0.2796,1.3175,0.2026,4.05,1.771,2.3791,2.3792,2.1785,2.1785,0.3058,5.6621,0.39115,0.0,1447.6,41.19793,-70.88527
EN695,001,3,2023-01-11 20:00:19+00:00,32.4954,32.493,25.5412,25.5386,304.47661,295.883,298.955,6.264,6.2696,1472.92,1472.94,11602.0,11.833546,483.375,17.131,16.997,6.2654,6.271,0.0056,3.237635,3.237897,4.0975,0.9445,0.2983,1.4297,0.2067,4.13,1.7886,2.3779,2.3779,2.1783,2.1783,0.2975,5.9,0.40328,0.0,1463.0,41.19794,-70.88532
EN695,001,4,2023-01-11 20:00:30+00:00,32.4945,32.4934,25.5392,25.5375,304.4122,295.944,298.872,6.2733,6.2806,1472.95,1472.98,11860.0,11.83367,494.125,17.092,16.958,6.2747,6.282,0.0073,3.238344,3.238871,4.0885,0.9534,0.3008,1.4447,0.2123,4.25,1.7903,2.3778,2.3778,2.1784,2.1784,0.2932,5.923,0.40725,0.0,1454.4,41.19794,-70.88534
EN695,001,5,2023-01-11 20:00:38+00:00,32.496,32.493,25.5376,25.537,304.24439,295.939,298.761,6.2963,6.2825,1473.05,1472.99,12060.0,11.833767,502.458,17.132,16.998,6.2977,6.2839,-0.0138,3.240455,3.239006,4.0952,0.9467,0.289,1.3737,0.2084,4.17,1.7903,2.3771,2.3771,2.1783,2.1783,0.2971,5.9229,0.4114,0.0,1439.7,41.19794,-70.88536
EN695,001,6,2023-01-11 20:00:47+00:00,32.4953,32.4932,25.5409,25.5391,304.47157,296.036,298.81,6.2648,6.2665,1472.92,1472.93,12278.0,11.833872,511.542,17.123,16.989,6.2662,6.2679,0.0017,3.237683,3.237648,4.0982,0.9438,0.2769,1.3017,0.2064,4.13,1.795,2.377,2.377,2.1782,2.1782,0.2941,5.9899,0.41707,0.0,1436.2,41.19794,-70.88537
EN695,001,7,2023-01-11 20:02:29+00:00,32.5065,32.5042,25.5309,25.5292,303.37172,295.513,298.422,6.4156,6.4149,1473.45,1473.45,14728.0,11.835054,613.625,12.476,12.379,6.4166,6.4159,-0.0007,3.251436,3.251166,4.0744,0.9674,0.2563,1.1777,0.4406,8.81,2.1772,2.3823,2.3823,2.1831,2.1831,0.3007,14.579,1.4219,0.0,1034.0,41.19804,-70.88574
EN695,001,8,2023-01-11 20:02:37+00:00,32.5049,32.5023,25.5335,25.53,303.59275,295.715,298.404,6.3851,6.3957,1473.33,1473.37,14922.0,11.835147,621.708,12.487,12.389,6.3861,6.3968,0.0106,3.248662,3.249342,4.0769,0.9649,0.2696,1.2577,0.4535,9.07,2.1672,2.3813,2.3813,2.1825,2.1825,0.3161,14.246,1.2246,0.0,1165.4,41.19804,-70.88574
EN695,001,9,2023-01-11 20:02:45+00:00,32.5057,32.5012,25.5283,25.5285,303.26876,295.489,298.067,6.4303,6.4014,1473.51,1473.39,15110.0,11.835238,629.542,12.38,12.284,6.4314,6.4024,-0.0289,3.252621,3.249728,4.0763,0.9655,0.2668,1.2405,0.457,9.14,2.1771,2.3812,2.3812,2.182,2.182,0.3077,14.575,1.1032,0.0,1321.2,41.19804,-70.88577
EN695,001,10,2023-01-11 20:02:57+00:00,32.5061,32.5038,25.5296,25.5289,303.32146,295.535,298.013,6.4228,6.4142,1473.48,1473.44,15399.0,11.835377,641.583,12.402,12.305,6.4238,6.4152,-0.0086,3.252012,3.25106,4.0745,0.9673,0.2592,1.1954,0.4445,8.89,2.1891,2.3821,2.3821,2.1826,2.1827,0.307,14.988,1.1845,0.0,1265.3,41.19804,-70.88578
EN695,001,11,2023-01-11 20:03:06+00:00,32.5117,32.5059,25.5244,25.5201,302.77463,295.551,299.405,6.498,6.4962,1473.78,1473.77,15621.0,11.835484,650.833,12.404,12.307,6.499,6.4973,-0.0017,3.258992,3.258324,4.0632,0.9786,0.254,1.1638,0.4325,8.65,2.1831,2.3844,2.3845,2.1844,2.1844,0.3035,14.778,1.2719,0.0,1161.9,41.19804,-70.88578
EN695,001,12,2023-01-11 20:03:15+00:00,32.5052,32.502,25.5355,25.5321,303.69108,295.455,297.743,6.3712,6.3779,1473.27,1473.3,15827.0,11.835584,659.417,12.331,12.235,6.3722,6.379,0.0067,3.247489,3.24778,4.0693,0.9725,0.2699,1.2596,0.4387,8.77,2.1847,2.3804,2.3805,2.1828,2.1829,0.2847,14.835,1.3489,0.0,1099.8,41.19806,-70.88584
EN695,001,13,2023-01-11 20:03:22+00:00,32.5116,32.5092,25.5225,25.5208,302.6722,295.42,298.458,6.5124,6.5112,1473.84,1473.83,16008.0,11.835671,666.958,12.369,12.273,6.5135,6.5123,-0.0012,3.260229,3.259912,4.0625,0.9793,0.2721,1.2723,0.4415,8.83,2.1758,2.3853,2.3854,2.1862,2.1863,0.3278,14.531,1.3535,0.0,1073.7,41.19806,-70.88588
EN695,001,14,2023-01-11 20:05:34+00:00,32.5142,32.512,25.5202,25.5182,302.42453,294.166,298.346,6.5474,6.5499,1473.83,1473.83,19166.0,11.837194,798.542,3.036,3.012,6.5476,6.5502,0.0026,3.263001,3.263028,4.0536,0.9882,0.2613,1.2076,0.944,18.88,3.2266,2.3869,2.387,2.1905,2.1905,0.3253,164.79,29.827,0.0,559.16,41.1982,-70.8863
EN695,001,15,2023-01-11 20:05:42+00:00,32.513,32.511,25.5211,25.5195,302.52819,295.23,298.207,6.5331,6.5336,1473.77,1473.77,19360.0,11.837287,806.625,3.13,3.106,6.5334,6.5338,0.0004,3.261666,3.261527,4.0517,0.9901,0.2765,1.2991,0.9424,18.85,3.229,2.386,2.3861,2.1903,2.1903,0.3162,166.02,32.796,0.0,506.24,41.19821,-70.88632
EN695,001,16,2023-01-11 20:05:50+00:00,32.5141,32.5116,25.5182,25.517,302.31766,295.44,298.269,6.5625,6.5568,1473.89,1473.86,19546.0,11.837377,814.375,3.008,2.984,6.5628,6.5571,-0.0057,3.264295,3.263586,4.0459,0.9959,0.2741,1.2846,0.936,18.72,3.2027,2.3929,2.3929,2.1905,2.1905,0.3011,155.83,31.112,0.0,500.88,41.19822,-70.88636
EN695,001,17,2023-01-11 20:05:58+00:00,32.5128,32.5109,25.5211,25.5198,302.53764,295.243,298.365,6.5318,6.5302,1473.76,1473.76,19741.0,11.837471,822.5,3.066,3.043,6.5321,6.5305,-0.0016,3.261539,3.261226,4.0561,0.9857,0.2673,1.2437,0.94,18.8,3.2216,2.3865,2.3866,2.1898,2.1898,0.3178,163.01,32.471,0.0,502.08,41.19824,-70.8864
EN695,001,18,2023-01-11 20:06:06+00:00,32.513,32.5108,25.5204,25.5185,302.48846,294.798,298.119,6.5387,6.5395,1473.79,1473.79,19924.0,11.837559,830.125,3.071,3.046,6.539,6.5398,0.0008,3.262148,3.262018,4.0503,0.9915,0.2546,1.1672,0.9313,18.63,3.2211,2.3883,2.3883,2.1894,2.1894,0.3231,162.98,33.143,0.0,491.77,41.19824,-70.88638
EN695,001,19,2023-01-11 20:06:15+00:00,32.5139,32.5118,25.5203,25.5178,302.44018,295.917,298.414,6.5452,6.5513,1473.82,1473.84,20140.0,11.837663,839.125,2.991,2.968,6.5455,6.5515,0.006,3.262793,3.263115,4.051,0.9907,0.2598,1.1988,0.9342,18.68,3.2547,2.3892,2.3893,2.1903,2.1903,0.3113,183.11,37.119,0.0,494.22,41.19826,-70.88642
EN695,001,20,2023-01-11 20:06:22+00:00,32.5137,32.5117,25.5198,25.5182,302.4237,295.042,298.228,6.5476,6.5479,1473.83,1473.82,20308.0,11.837745,846.125,3.002,2.979,6.5479,6.5482,0.0003,3.26298,3.262822,4.0514,0.9904,0.2768,1.3006,0.9386,18.77,3.224,2.388,2.388,2.1902,2.1902,0.3219,163.8,33.759,0.0,485.19,41.19828,-70.88644
EN695,001,21,2023-01-11 20:06:28+00:00,32.5145,32.5122,25.5185,25.5166,302.31227,295.06,298.506,6.5631,6.5632,1473.89,1473.89,20466.0,11.837821,852.708,3.1,3.076,6.5634,6.5635,0.0001,3.264393,3.264188,4.0533,0.9884,0.2572,1.1829,0.942,18.84,3.2016,2.3883,2.3883,2.191,2.191,0.3082,155.3,30.51,0.0,510.93,41.19828,-70.88648
EN695,001,22,2023-01-11 20:06:38+00:00,32.5146,32.5123,25.5188,25.5169,302.32692,295.823,298.303,6.561,6.5613,1473.88,1473.88,20691.0,11.837929,862.083,3.118,3.094,6.5613,6.5615,0.0002,3.264222,3.264027,4.0496,0.9922,0.2544,1.1666,0.9484,18.97,3.199,2.3916,2.3917,2.1905,2.1905,0.3043,154.34,29.056,0.0,541.28,41.1983,-70.8865
EN695,001,23,2023-01-11 20:06:47+00:00,32.5141,32.512,25.5185,25.5168,302.33377,294.829,298.269,6.5602,6.5608,1473.88,1473.88,20909.0,11.838034,871.167,3.028,3.005,6.5605,6.561,0.0006,3.2641,3.263962,4.0503,0.9915,0.266,1.2362,0.9427,18.85,3.2328,2.3885,2.3885,2.1906,2.1907,0.323,166.97,35.634,0.0,468.56,41.19832,-70.88655
EN695,001,24,2023-01-11 20:06:53+00:00,32.514,32.5117,25.5191,25.5172,302.37009,295.064,298.286,6.5551,6.5555,1473.86,1473.85,21059.0,11.838107,877.417,3.018,2.994,6.5554,6.5558,0.0004,3.26365,3.263475,4.0539,0.9879,0.2542,1.1655,0.9549,19.1,3.2391,2.388,2.388,2.1905,2.1905,0.3133,171.97,36.928,0.0,465.77,41.19834,-70.88656
EN695,002,1,2023-01-12 03:35:27+00:00,35.3001,35.2951,26.188,26.185,246.73305,186.585,188.877,15.0565,15.0527,1508.69,1508.67,10083.0,12.149607,420.083,87.14,86.451,15.0697,15.0659,-0.0038,4.335433,4.334505,4.1597,0.8833,0.0759,0.0954,0.3532,7.06,0.0049,1.9598,1.9599,1.8081,1.8081,0.5113,1e-12,2.6998e-11,0.0,3.704,40.36504,-70.88506
EN695,002,2,2023-01-12 03:39:11+00:00,34.8745,34.8723,26.0754,26.0743,252.46828,206.115,208.464,14.0605,14.0578,1504.63,1504.62,15458.0,12.1522,644.042,65.154,64.642,14.0699,14.0672,-0.0027,4.190007,4.189511,4.3083,0.741,0.0847,0.1479,1.4437,28.88,0.0047,2.0878,2.088,1.9214,1.9215,0.482,1e-12,2.6998e-11,0.0,3.704,40.36576,-70.88616
EN695,002,3,2023-01-12 03:40:34+00:00,34.6756,34.6713,26.0368,26.035,255.6805,210.968,212.994,13.5092,13.5021,1502.35,1502.32,17450.0,12.15316,727.042,50.415,50.021,13.5162,13.5091,-0.0071,4.114425,4.113287,4.3278,0.7227,0.0898,0.1791,2.1882,43.76,0.004,2.1041,2.1043,1.9339,1.9341,0.4874,1e-12,2.6998e-11,0.0,3.704,40.36601,-70.88648
EN695,002,4,2023-01-12 03:40:48+00:00,34.6988,34.6981,26.0414,26.041,255.29967,210.144,212.368,13.5741,13.5731,1502.6,1502.59,17806.0,12.153332,741.875,50.755,50.359,13.5813,13.5802,-0.0011,4.123185,4.123007,4.3167,0.7331,0.0994,0.2364,2.1692,43.38,0.004,2.1037,2.104,1.9342,1.9344,0.5021,1e-12,2.6998e-11,0.0,3.704,40.36606,-70.88654
EN695,002,5,2023-01-12 03:40:57+00:00,34.7208,34.7288,26.0455,26.0477,254.93436,209.125,212.498,13.6368,13.6559,1502.83,1502.9,18023.0,12.153437,750.917,50.746,50.35,13.6439,13.663,0.0191,4.131589,4.134284,4.3149,0.7348,0.0989,0.2334,2.1699,43.4,0.0041,2.1024,2.1027,1.935,1.9352,0.4963,1e-12,2.6998e-11,0.0,3.704,40.36608,-70.88656
EN695,002,6,2023-01-12 03:41:11+00:00,34.6932,34.6966,26.04,26.0418,255.38307,210.128,212.415,13.5601,13.5641,1502.54,1502.56,18339.0,12.153589,764.083,50.671,50.275,13.5672,13.5712,0.004,4.121229,4.121977,4.3231,0.727,0.0909,0.1853,2.1667,43.33,0.004,2.1003,2.1006,1.9328,1.9331,0.4879,1e-12,2.6998e-11,0.0,3.704,40.36612,-70.8866
EN695,002,7,2023-01-12 03:41:23+00:00,34.7188,34.7179,26.0448,26.0433,254.96031,209.706,212.157,13.6325,13.6367,1502.81,1502.82,18637.0,12.153733,776.5,50.67,50.274,13.6396,13.6438,0.0042,4.13095,4.131266,4.3237,0.7265,0.0935,0.2008,2.1718,43.43,0.004,2.1005,2.1008,1.934,1.9342,0.5018,1e-12,2.6998e-11,0.0,3.704,40.36616,-70.88663
EN695,002,8,2023-01-12 03:43:54+00:00,33.9523,33.9539,25.8617,25.8643,267.7921,241.998,243.875,11.5339,11.5262,1494.58,1494.56,22249.0,12.155475,927.0,36.321,36.038,11.5384,11.5308,-0.0077,3.85084,3.850281,4.354,0.6982,0.2117,0.9099,2.8783,57.57,0.0037,2.2617,2.262,2.0747,2.075,0.4439,1e-12,2.6998e-11,0.0,3.704,40.36669,-70.88696
EN695,002,9,2023-01-12 03:44:01+00:00,33.9375,33.934,25.8601,25.859,268.12897,243.288,245.483,11.4797,11.4713,1494.38,1494.35,22428.0,12.155561,934.458,36.502,36.217,11.4842,11.4758,-0.0084,3.844278,3.84314,4.3575,0.695,0.1693,0.6559,2.876,57.52,0.0037,2.2635,2.2638,2.0746,2.0749,0.4384,1e-12,2.6998e-11,0.0,3.704,40.36672,-70.88698
EN695,002,10,2023-01-12 03:46:33+00:00,33.5869,33.5859,25.7772,25.7766,275.01719,267.894,270.259,10.416,10.415,1490.03,1490.02,26088.0,12.157326,1086.958,25.386,25.189,10.419,10.4179,-0.001,3.710071,3.709882,4.3722,0.6813,0.2885,1.3709,3.4245,68.49,0.0037,2.3937,2.394,2.1937,2.194,0.3581,1e-12,2.6998e-11,0.0,3.704,40.36731,-70.88732
EN695,002,11,2023-01-12 03:46:43+00:00,33.5866,33.5858,25.7769,25.7764,275.01771,267.933,270.485,10.416,10.4155,1490.03,1490.03,26326.0,12.157441,1096.875,25.382,25.185,10.419,10.4185,-0.0005,3.710045,3.709923,4.3746,0.679,0.3319,1.6315,3.425,68.5,0.0037,2.3944,2.3947,2.1938,2.1941,0.3711,1e-12,2.6998e-11,0.0,3.704,40.36735,-70.88732
EN695,002,12,2023-01-12 03:46:51+00:00,33.5868,33.586,25.7769,25.7764,275.00857,267.961,270.383,10.4175,10.4167,1490.04,1490.03,26514.0,12.157531,1104.708,25.474,25.276,10.4204,10.4197,-0.0007,3.710205,3.710053,4.3729,0.6806,0.2955,1.4132,3.4125,68.25,0.0037,2.3951,2.3954,2.1937,2.194,0.3877,1e-12,2.6998e-11,0.0,3.704,40.36738,-70.88734
EN695,002,13,2023-01-12 03:46:58+00:00,33.587,33.5858,25.7769,25.7762,275.00548,267.791,270.214,10.4179,10.417,1490.04,1490.04,26666.0,12.157605,1111.042,25.69,25.491,10.4209,10.4199,-0.0009,3.710274,3.71007,4.3746,0.679,0.2635,1.2211,3.4052,68.1,0.0037,2.3945,2.3948,2.1936,2.1939,0.3854,1e-12,2.6998e-11,0.0,3.704,40.3674,-70.88735
EN695,002,14,2023-01-12 03:47:06+00:00,33.5886,33.5871,25.7773,25.7765,274.97208,268.095,270.223,10.423,10.4208,1490.06,1490.05,26879.0,12.157707,1119.917,25.572,25.373,10.4259,10.4238,-0.0021,3.710895,3.710545,4.3739,0.6797,0.2653,1.232,3.418,68.36,0.0037,2.3948,2.3951,2.1929,2.1932,0.348,1e-12,2.6998e-11,0.0,3.704,40.36743,-70.88736
EN695,002,15,2023-01-12 03:47:13+00:00,33.588,33.5875,25.7772,25.7767,274.9871,267.497,270.273,10.4207,10.4218,1490.05,1490.05,27038.0,12.157784,1126.542,25.329,25.132,10.4236,10.4247,0.0011,3.710609,3.710661,4.3753,0.6784,0.2867,1.3604,3.4221,68.44,0.0037,2.394,2.3943,2.1929,2.1932,0.3818,1e-12,2.6998e-11,0.0,3.704,40.36746,-70.88738
EN695,002,16,2023-01-12 03:47:21+00:00,33.5964,33.5963,25.7789,25.7782,274.80076,266.159,269.426,10.4492,10.4528,1490.16,1490.17,27236.0,12.15788,1134.792,25.431,25.233,10.4521,10.4557,0.0036,3.714061,3.714382,4.3705,0.6829,0.2925,1.3949,3.4117,68.23,0.0037,2.3899,2.3902,2.1923,2.1926,0.3883,1e-12,2.6998e-11,0.0,3.704,40.36748,-70.8874
EN695,002,17,2023-01-12 03:49:58+00:00,33.5874,33.5862,25.7774,25.7766,275.0093,267.47,270.181,10.4198,10.4192,1489.67,1489.67,31003.0,12.159696,1291.75,3.285,3.26,10.4201,10.4195,-0.0006,3.709258,3.709089,4.373,0.6806,0.2827,1.3362,4.5259,90.52,1.4753,2.3977,2.3981,2.1977,2.198,0.3984,2.8819,77.803,0.0,3.704,40.3681,-70.88768
EN695,002,18,2023-01-12 03:50:05+00:00,33.5872,33.5862,25.7768,25.7762,274.99712,267.888,270.324,10.4219,10.4212,1489.67,1489.67,31158.0,12.159771,1298.208,2.929,2.907,10.4223,10.4215,-0.0008,3.709413,3.709243,4.3722,0.6813,0.2796,1.3175,4.542,90.84,1.6092,2.3997,2.4,2.1978,2.1981,0.4028,4.0875,110.35,0.0,3.704,40.36812,-70.88768
EN695,002,19,2023-01-12 03:50:12+00:00,33.5875,33.5864,25.7772,25.7763,275.00054,267.341,270.095,10.4212,10.4212,1489.67,1489.67,31323.0,12.159851,1305.083,3.163,3.139,10.4216,10.4216,0.0,3.709397,3.709286,4.3705,0.6829,0.2798,1.3191,4.5423,90.85,1.4936,2.3972,2.3976,2.1976,2.1979,0.3896,2.9613,79.947,0.0,3.704,40.36816,-70.8877
EN695,002,20,2023-01-12 03:50:20+00:00,33.5872,33.5861,25.7781,25.7772,275.04133,267.833,270.187,10.4145,10.415,1489.65,1489.65,31518.0,12.159945,1313.208,3.204,3.179,10.4148,10.4154,0.0005,3.708747,3.70869,4.3687,0.6845,0.3334,1.6403,4.5451,90.9,1.46,2.3979,2.3983,2.1978,2.1981,0.3737,2.7484,74.202,0.0,3.704,40.36818,-70.88772
EN695,002,21,2023-01-12 03:50:27+00:00,33.5866,33.5855,25.7793,25.7786,275.1007,267.659,270.347,10.4047,10.4042,1489.62,1489.61,31684.0,12.160025,1320.125,3.313,3.287,10.4051,10.4046,-0.0005,3.707801,3.707651,4.3735,0.6801,0.2673,1.2441,4.5323,90.65,1.4896,2.3987,2.399,2.1978,2.1981,0.3949,2.9548,79.772,0.0,3.704,40.36822,-70.88773
EN695,002,22,2023-01-12 03:50:34+00:00,33.5862,33.5851,25.7789,25.778,275.0939,267.133,270.227,10.406,10.4057,1489.62,1489.61,31856.0,12.160108,1327.292,3.101,3.077,10.4063,10.4061,-0.0002,3.707872,3.707737,4.3726,0.6809,0.2733,1.2795,4.2367,84.73,1.4834,2.3983,2.3986,2.1979,2.1982,0.394,2.8981,78.243,0.0,3.704,40.36824,-70.88774
EN695,002,23,2023-01-12 03:50:41+00:00,33.5863,33.5852,25.7789,25.7781,275.09413,267.109,270.41,10.4059,10.4055,1489.62,1489.61,32021.0,12.160187,1334.167,3.149,3.124,10.4063,10.4058,-0.0005,3.707873,3.707722,4.376,0.6778,0.2933,1.3997,4.5478,90.96,1.5047,2.3956,2.3959,2.1981,2.1984,0.3577,3.0658,82.77,0.0,3.704,40.36827,-70.88774
EN695,002,24,2023-01-12 03:50:48+00:00,33.5863,33.585,25.7786,25.7777,275.08617,267.603,270.356,10.4073,10.407,1489.62,1489.62,32188.0,12.160268,1341.125,3.084,3.06,10.4076,10.4074,-0.0003,3.70799,3.707839,4.372,0.6815,0.2798,1.3189,4.5375,90.75,1.496,2.3978,2.3981,2.1978,2.1981,0.3808,3.0028,81.069,0.0,3.704,40.3683,-70.88776
EN695,003,1,2023-01-12 06:52:03+00:00,35.8084,35.8074,26.8039,26.8031,250.99912,144.916,146.645,14.0096,14.0096,1507.86,1507.86,13538.0,12.286135,564.042,199.726,198.099,14.0387,14.0388,0.0001,4.29313,4.293023,4.5218,0.5449,0.0609,0.0051,0.2775,5.55,0.0049,1.6021,1.6018,1.4835,1.4833,0.8507,1e-12,2.6998e-11,0.0,3.704,40.04774,-70.88109
EN695,003,2,2023-01-12 06:52:13+00:00,35.8082,35.8072,26.8047,26.8038,251.01992,144.681,146.633,14.0056,14.0058,1507.84,1507.84,13782.0,12.286252,574.208,199.688,198.061,14.0347,14.0349,0.0003,4.292705,4.292617,4.5218,0.5449,0.06,0.0003,0.2829,5.66,0.0049,1.6014,1.6012,1.4835,1.4833,0.8729,1e-12,2.6998e-11,0.0,3.704,40.04776,-70.88109
EN695,003,3,2023-01-12 06:56:52+00:00,35.8426,35.8417,26.6749,26.674,247.33581,151.918,153.735,14.7336,14.7344,1509.74,1509.74,20490.0,12.289487,853.708,171.379,169.995,14.7594,14.7602,0.0008,4.367546,4.367523,4.5718,0.5003,0.0602,0.0011,1.687,33.74,0.0046,1.6768,1.677,1.5525,1.5526,0.7788,1e-12,2.6998e-11,0.0,3.704,40.04838,-70.8813
EN695,003,4,2023-01-12 06:57:01+00:00,35.8421,35.8412,26.675,26.6741,247.34876,151.792,153.787,14.7312,14.7323,1509.72,1509.73,20704.0,12.289591,862.625,171.228,169.844,14.757,14.7581,0.0011,4.367233,4.367249,4.5718,0.5003,0.0596,-0.0024,1.6912,33.82,0.0046,1.676,1.6762,1.552,1.5522,0.7681,1e-12,2.6998e-11,0.0,3.704,40.0484,-70.8813
EN695,003,5,2023-01-12 07:00:13+00:00,36.0631,36.0621,26.4712,26.4705,239.09872,168.758,171.06,16.3837,16.3834,1514.61,1514.6,25305.0,12.291809,1054.333,141.277,140.146,16.4066,16.4063,-0.0003,4.557056,4.556908,4.5522,0.5178,0.061,0.0059,3.1358,62.72,0.0037,1.8604,1.8609,1.7195,1.7199,0.5994,1e-12,2.6998e-11,0.0,3.704,40.04882,-70.88124
EN695,003,6,2023-01-12 07:00:24+00:00,36.0637,36.0629,26.4723,26.4713,239.11123,168.877,171.058,16.3808,16.3827,1514.6,1514.6,25583.0,12.291943,1065.917,141.254,140.123,16.4037,16.4056,0.0019,4.556823,4.556933,4.5518,0.5182,0.0612,0.0075,3.1351,62.7,0.0037,1.8602,1.8607,1.7193,1.7197,0.5946,1e-12,2.6998e-11,0.0,3.704,40.04884,-70.88124
EN695,003,7,2023-01-12 07:00:33+00:00,36.064,36.0624,26.4725,26.4713,239.10855,168.569,170.967,16.3813,16.381,1514.6,1514.59,25797.0,12.292047,1074.833,141.149,140.019,16.4042,16.4038,-0.0003,4.556901,4.556688,4.5519,0.5181,0.0614,0.0079,3.1388,62.78,0.0037,1.8603,1.8608,1.7192,1.7196,0.5943,1e-12,2.6998e-11,0.0,3.704,40.04886,-70.88124
EN695,003,8,2023-01-12 07:03:54+00:00,35.553,35.5508,26.1767,26.1758,241.90988,213.457,216.538,15.9695,15.9663,1511.94,1511.93,30613.0,12.294369,1275.5,93.79,93.05,15.9844,15.9811,-0.0032,4.454967,4.454397,4.5529,0.5171,0.0686,0.0518,0.5836,11.67,0.0051,2.2122,2.213,2.039,2.0397,0.3754,1e-12,2.6998e-11,0.0,3.704,40.04926,-70.8812
EN695,003,9,2023-01-12 07:04:00+00:00,35.5539,35.5523,26.1767,26.1761,241.89421,213.795,216.442,15.9725,15.9698,1511.95,1511.94,30765.0,12.294443,1281.833,93.91,93.169,15.9874,15.9846,-0.0027,4.455376,4.454926,4.5538,0.5164,0.0677,0.0462,0.026,0.52,0.0055,2.2151,2.216,2.0393,2.04,0.369,1e-12,2.6998e-11,0.0,3.704,40.04928,-70.8812
EN695,003,10,2023-01-12 07:04:09+00:00,35.5557,35.5541,26.1771,26.1763,241.86951,214.015,216.55,15.9771,15.9748,1511.97,1511.96,30984.0,12.294548,1290.958,93.94,93.199,15.992,15.9897,-0.0023,4.456042,4.455633,4.5529,0.5172,0.0682,0.0489,0.0275,0.55,0.0055,2.215,2.2159,2.0391,2.0398,0.3787,1e-12,2.6998e-11,0.0,3.704,40.0493,-70.8812
EN695,003,11,2023-01-12 07:06:12+00:00,35.1141,35.1128,26.1508,26.1505,249.45586,230.194,233.336,14.5725,14.5691,1506.74,1506.72,33931.0,12.295969,1413.75,75.547,74.954,14.5837,14.5802,-0.0035,4.266639,4.266156,4.5003,0.5643,0.1648,0.6287,0.0215,0.43,0.0056,2.2939,2.2948,2.1099,2.1107,0.3603,1e-12,2.6998e-11,0.0,3.704,40.04956,-70.88112
EN695,003,12,2023-01-12 07:06:19+00:00,35.1157,35.1136,26.1512,26.1505,249.43653,230.226,233.229,14.5758,14.5719,1506.75,1506.73,34101.0,12.296051,1420.833,75.54,74.947,14.587,14.5831,-0.004,4.267135,4.266514,4.5025,0.5623,0.1563,0.5777,0.6298,12.6,0.0052,2.2942,2.2951,2.1096,2.1104,0.3638,1e-12,2.6998e-11,0.0,3.704,40.04958,-70.88112
EN695,003,13,2023-01-12 07:06:40+00:00,35.1055,35.1036,26.1494,26.1481,249.59356,230.72,233.984,14.548,14.5474,1506.65,1506.64,34608.0,12.296296,1441.958,75.528,74.936,14.5591,14.5586,-0.0006,4.263287,4.26303,4.5042,0.5607,0.1586,0.5918,1.8105,36.21,0.0046,2.2961,2.297,2.1104,2.1112,0.3704,1e-12,2.6998e-11,0.0,3.704,40.04962,-70.88108
EN695,003,14,2023-01-12 07:09:18+00:00,34.9533,34.9517,26.1522,26.1515,252.71677,237.488,240.106,13.9886,13.9864,1504.06,1504.05,38385.0,12.298117,1599.333,39.991,39.681,13.9944,13.9921,-0.0023,4.189989,4.189598,4.4743,0.5877,0.1692,0.6552,0.6353,12.71,0.0053,2.3317,2.3326,2.1425,2.1433,0.34,1e-12,2.6998e-11,0.0,3.704,40.04998,-70.881
EN695,003,15,2023-01-12 07:09:26+00:00,34.9562,34.9564,26.1516,26.152,252.64194,237.071,240.018,14.0022,14.0012,1504.11,1504.11,38574.0,12.298208,1607.208,40.106,39.795,14.008,14.0069,-0.0011,4.191632,4.191547,4.474,0.5881,0.1656,0.6335,0.623,12.46,0.0052,2.3305,2.3314,2.1417,2.1425,0.3145,1e-12,2.6998e-11,0.0,3.704,40.05,-70.88098
EN695,003,16,2023-01-12 07:09:33+00:00,34.9538,34.9534,26.1521,26.1514,252.70273,236.706,239.945,13.9912,13.9926,1504.07,1504.08,38752.0,12.298294,1614.625,40.065,39.754,13.997,13.9984,0.0014,4.190295,4.190387,4.4749,0.5872,0.1731,0.6786,0.6237,12.47,0.0052,2.3292,2.3301,2.1416,2.1424,0.3636,1e-12,2.6998e-11,0.0,3.704,40.05002,-70.88098
EN695,003,17,2023-01-12 07:11:30+00:00,34.8861,34.8865,26.145,26.1451,253.93657,239.611,242.17,13.7774,13.7784,1502.96,1502.96,41559.0,12.299648,1731.583,19.839,19.686,13.7802,13.7812,0.001,4.161037,4.161181,4.466,0.5953,0.1805,0.723,0.0197,0.39,0.0056,2.3456,2.3465,2.154,2.1548,0.3276,1e-12,2.6998e-11,0.0,3.704,40.05026,-70.8809
EN695,003,18,2023-01-12 07:11:37+00:00,34.8818,34.8827,26.1454,26.1446,254.03343,239.9,242.32,13.7601,13.7668,1502.9,1502.92,41721.0,12.299726,1738.333,20.043,19.888,13.7629,13.7697,0.0068,4.158912,4.159662,4.47,0.5916,0.2045,0.8669,1.133,22.66,0.0051,2.3451,2.346,2.1535,2.1543,0.3589,1e-12,2.81e-11,0.0,3.6284,40.05028,-70.8809
EN695,003,19,2023-01-12 07:11:46+00:00,34.8536,34.8607,26.1446,26.1466,254.60786,241.56,244.429,13.6588,13.6753,1502.53,1502.6,41930.0,12.299827,1747.042,20.016,19.862,13.6616,13.6782,0.0166,4.14607,4.148432,4.4581,0.6024,0.2084,0.8905,1.0618,21.24,0.005,2.3484,2.3492,2.1583,2.1591,0.3263,1e-12,2.6998e-11,0.0,3.704,40.0503,-70.8809
EN695,003,20,2023-01-12 07:11:54+00:00,34.8662,34.858,26.1431,26.1427,254.30568,240.518,243.801,13.7128,13.6843,1502.72,1502.62,42123.0,12.29992,1755.083,20.028,19.873,13.7156,13.6871,-0.0285,4.152654,4.149015,4.4656,0.5956,0.1858,0.755,1.1299,22.6,0.005,2.3477,2.3485,2.1581,2.1589,0.3407,1e-12,2.6998e-11,0.0,3.704,40.05032,-70.8809
EN695,003,21,2023-01-12 07:13:56+00:00,34.8463,34.8459,26.1438,26.1434,254.74439,240.293,244.117,13.6373,13.6383,1502.18,1502.18,45069.0,12.301341,1877.833,3.77,3.741,13.6378,13.6389,0.001,4.142258,4.142319,4.4611,0.5997,0.1867,0.7605,0.015,0.3,0.1869,2.3502,2.351,2.1626,2.1633,0.3451,0.059086,1.5952,0.0,3.704,40.05058,-70.88078
EN695,003,22,2023-01-12 07:14:03+00:00,34.8447,34.8447,26.1449,26.144,254.80449,241.211,244.205,13.6263,13.6307,1502.13,1502.15,45220.0,12.301413,1884.125,3.469,3.442,13.6268,13.6312,0.0044,4.141008,4.141427,4.4609,0.5999,0.1782,0.7091,0.0137,0.27,0.1938,2.3542,2.355,2.1625,2.1632,0.3364,0.057525,1.553,0.0,3.704,40.0506,-70.88076
EN695,003,23,2023-01-12 07:14:09+00:00,34.8422,34.8423,26.1452,26.1445,254.86591,241.491,244.096,13.6153,13.6194,1502.1,1502.11,45378.0,12.30149,1890.708,3.678,3.649,13.6159,13.6199,0.0041,4.139685,4.140093,4.4607,0.6001,0.1802,0.7213,0.6331,12.66,0.1053,2.3516,2.3524,2.1621,2.1628,0.3515,0.028529,0.77022,0.0,3.704,40.05062,-70.88076
EN695,003,24,2023-01-12 07:14:16+00:00,34.8431,34.8426,26.1447,26.1443,254.83256,241.436,244.291,13.6215,13.6212,1502.12,1502.12,45548.0,12.301572,1897.792,3.486,3.459,13.622,13.6217,-0.0003,4.140366,4.140286,4.4585,0.6021,0.1776,0.7053,0.1664,3.33,0.2051,2.3559,2.3567,2.1627,2.1634,0.317,0.06284,1.6966,0.0,3.704,40.05063,-70.88074
EN695,004,1,2023-01-12 09:31:03+00:00,35.1227,35.1216,27.4501,27.4494,290.55136,170.804,172.717,7.4172,7.4164,1487.64,1487.63,19186.0,12.396555,799.375,429.248,425.52,7.4597,7.4588,-0.0008,3.601664,3.601488,4.5223,0.5444,0.061,0.0059,0.4243,8.49,0.0049,1.5774,1.5777,1.4595,1.4597,1.1765,1e-12,2.6998e-11,0.0,3.704,39.94512,-70.8775
EN695,004,2,2023-01-12 09:31:11+00:00,35.123,35.122,27.4493,27.4486,290.49966,170.643,172.58,7.4249,7.4239,1487.67,1487.66,19388.0,12.396653,807.792,429.167,425.439,7.4673,7.4664,-0.0009,3.602405,3.602225,4.5234,0.5435,0.06,0.0003,0.4174,8.35,0.0049,1.5767,1.577,1.459,1.4592,1.1927,1e-12,2.6998e-11,0.0,3.704,39.94514,-70.87748
EN695,004,3,2023-01-12 09:36:53+00:00,35.4109,35.4085,27.1085,27.1065,268.5139,133.38,134.821,10.892,10.8923,1498.63,1498.63,27595.0,12.400611,1149.75,303.819,301.272,10.9297,10.93,0.0003,3.952061,3.951848,4.5654,0.506,0.06,0.0003,1.2278,24.56,0.0048,1.4297,1.4301,1.3266,1.327,1.166,1e-12,2.6998e-11,0.0,3.704,39.94606,-70.8771
EN695,004,4,2023-01-12 09:37:01+00:00,35.4107,35.4084,27.1086,27.1067,268.52096,133.349,134.769,10.8909,10.891,1498.63,1498.63,27781.0,12.4007,1157.5,303.76,301.212,10.9285,10.9286,0.0001,3.951928,3.951703,4.5663,0.5052,0.0598,-0.0012,0.1461,2.92,0.0052,1.4294,1.4298,1.3262,1.3266,1.1422,1e-12,2.6998e-11,0.0,3.704,39.94608,-70.87708
EN695,004,5,2023-01-12 09:44:37+00:00,35.9207,35.9189,26.3466,26.3453,239.03181,177.362,180.43,16.4482,16.4476,1514.65,1514.64,38719.0,12.405975,1613.25,141.763,140.629,16.4712,16.4706,-0.0006,4.547592,4.547321,4.5674,0.5042,0.0624,0.0142,1.3671,27.34,0.0049,1.9338,1.9351,1.7872,1.7883,0.5578,1e-12,2.6998e-11,0.0,3.704,39.94738,-70.87638
EN695,004,6,2023-01-12 09:44:43+00:00,35.9185,35.915,26.346,26.3439,239.05918,178.147,180.604,16.4431,16.4407,1514.62,1514.61,38875.0,12.40605,1619.75,141.466,140.335,16.4661,16.4636,-0.0025,4.546801,4.54616,4.5675,0.5041,0.0626,0.0154,0.0231,0.46,0.0055,1.9375,1.9387,1.7891,1.7902,0.5725,1e-12,2.6998e-11,0.0,3.704,39.9474,-70.87638
EN695,004,7,2023-01-12 09:47:18+00:00,35.6956,35.6939,26.1628,26.162,239.18814,216.246,219.122,16.4978,16.4954,1514.1,1514.09,42584.0,12.407839,1774.292,116.321,115.398,16.5167,16.5143,-0.0024,4.52563,4.52519,4.5549,0.5154,0.0944,0.2065,0.6208,12.42,0.0051,2.2458,2.2473,2.0705,2.0718,0.4095,1e-12,2.6998e-11,0.0,3.704,39.94782,-70.87602
EN695,004,8,2023-01-12 09:47:25+00:00,35.6987,35.6957,26.1628,26.1619,239.13602,215.584,219.038,16.508,16.5019,1514.14,1514.11,42751.0,12.40792,1781.25,116.294,115.37,16.5269,16.5207,-0.0062,4.527003,4.526043,4.5521,0.5179,0.0815,0.1287,0.0225,0.45,0.0056,2.2483,2.2498,2.0708,2.0722,0.4011,1e-12,2.6998e-11,0.0,3.704,39.94781,-70.87602
EN695,004,9,2023-01-12 09:51:45+00:00,35.5642,35.5634,26.1591,26.1583,241.35403,221.181,223.816,16.0823,16.0832,1512.42,1512.42,48996.0,12.410931,2041.458,100.78,99.984,16.0984,16.0993,0.0009,4.467991,4.467984,4.5302,0.5374,0.1012,0.2472,0.6342,12.68,0.0051,2.2771,2.2785,2.0949,2.0963,0.3781,1e-12,2.6998e-11,0.0,3.704,39.94848,-70.87538
EN695,004,10,2023-01-12 09:51:53+00:00,35.5556,35.5564,26.1581,26.1578,241.48265,221.287,223.779,16.058,16.0621,1512.33,1512.34,49181.0,12.41102,2049.167,100.608,99.814,16.074,16.0781,0.0041,4.464574,4.465072,4.5373,0.531,0.1103,0.3014,0.6255,12.51,0.005,2.2749,2.2764,2.0916,2.0929,0.4001,1e-12,2.6998e-11,0.0,3.704,39.9485,-70.87536
EN695,004,11,2023-01-12 09:56:06+00:00,35.3452,35.3443,26.1521,26.1516,245.11039,228.679,231.902,15.3765,15.3758,1509.46,1509.46,55266.0,12.413955,2302.708,70.73,70.176,15.3874,15.3867,-0.0006,4.3712,4.371038,4.5079,0.5575,0.1585,0.5907,0.0211,0.42,0.0054,2.3155,2.3169,2.1306,2.1319,0.3113,1e-12,2.7549e-11,0.0,3.6662,39.94924,-70.87474
EN695,004,12,2023-01-12 09:56:13+00:00,35.3448,35.3444,26.152,26.1515,245.1143,228.692,231.74,15.3758,15.3764,1509.46,1509.47,55435.0,12.414036,2309.75,70.818,70.264,15.3867,15.3873,0.0007,4.371094,4.371118,4.5049,0.5601,0.2131,0.9188,0.9779,19.56,0.0051,2.3155,2.3169,2.1294,2.1307,0.3741,1e-12,2.6998e-11,0.0,3.704,39.94926,-70.87472
EN695,004,13,2023-01-12 09:56:26+00:00,35.3452,35.345,26.1518,26.1513,245.10243,229.19,231.812,15.3781,15.3792,1509.47,1509.47,55733.0,12.41418,2322.167,70.491,69.94,15.389,15.39,0.001,4.371355,4.371433,4.5127,0.5531,0.168,0.6478,1.7296,34.59,0.0048,2.3184,2.3198,2.1298,2.1311,0.3636,1e-12,2.6998e-11,0.0,3.704,39.94928,-70.8747
EN695,004,14,2023-01-12 09:56:34+00:00,35.3459,35.3444,26.1521,26.1514,245.09719,228.628,231.893,15.379,15.3767,1509.47,1509.46,55941.0,12.41428,2330.833,70.539,69.987,15.3898,15.3875,-0.0023,4.371515,4.371119,4.5152,0.5509,0.1524,0.5543,0.6249,12.5,0.0052,2.3155,2.3169,2.1307,2.1319,0.3776,1e-12,2.6998e-11,0.0,3.704,39.94932,-70.87468
EN695,004,15,2023-01-12 09:59:41+00:00,35.3417,35.3406,26.154,26.1535,245.21531,229.263,232.086,15.3623,15.3606,1508.73,1508.73,60425.0,12.416443,2517.667,30.646,30.409,15.367,15.3654,-0.0016,4.366992,4.366717,4.5059,0.5593,0.169,0.6541,1.2431,24.86,0.0048,2.3272,2.3285,2.1403,2.1415,0.3511,1e-12,2.8651e-11,0.0,3.5906,39.94986,-70.87426
EN695,004,16,2023-01-12 09:59:48+00:00,35.3419,35.3411,26.1541,26.1541,245.21481,228.789,232.179,15.3624,15.36,1508.72,1508.72,60588.0,12.416522,2524.458,30.097,29.865,15.367,15.3646,-0.0024,4.366995,4.366666,4.495,0.5692,0.1928,0.797,0.0218,0.44,0.0056,2.3257,2.327,2.1404,2.1416,0.3674,1e-12,2.6998e-11,0.0,3.704,39.94988,-70.87423
EN695,004,17,2023-01-12 09:59:59+00:00,35.3417,35.3412,26.154,26.1537,245.21554,229.572,232.339,15.3622,15.3618,1508.73,1508.73,60843.0,12.416644,2535.083,30.357,30.122,15.3669,15.3665,-0.0004,4.36698,4.366873,4.4968,0.5674,0.1774,0.7042,0.6381,12.76,0.0053,2.3288,2.3301,2.14,2.1412,0.3696,1e-12,2.6998e-11,0.0,3.704,39.9499,-70.8742
EN695,004,18,2023-01-12 10:00:03+00:00,35.3415,35.3407,26.1539,26.1533,245.21718,228.748,232.268,15.362,15.362,1508.73,1508.73,60959.0,12.4167,2539.917,30.531,30.295,15.3667,15.3667,0.0,4.366934,4.366854,4.5078,0.5575,0.2394,1.076,1.3013,26.03,0.0048,2.327,2.3283,2.1405,2.1417,0.3534,1e-12,2.6998e-11,0.0,3.704,39.94992,-70.8742
EN695,004,19,2023-01-12 10:02:49+00:00,35.3429,35.3419,26.1603,26.1591,245.33139,229.616,232.641,15.3421,15.3443,1508.2,1508.21,64924.0,12.418613,2705.125,3.279,3.254,15.3427,15.3448,0.0021,4.363476,4.363576,4.5079,0.5574,0.173,0.6782,0.7788,15.57,1.4339,2.3348,2.3359,2.1473,2.1484,0.3703,2.5852,69.794,0.0,3.704,39.95044,-70.8737
EN695,004,20,2023-01-12 10:02:55+00:00,35.3428,35.342,26.1609,26.1601,245.34399,229.59,232.354,15.3396,15.3401,1508.19,1508.19,65074.0,12.418685,2711.375,2.933,2.911,15.3401,15.3406,0.0005,4.363198,4.36316,4.5118,0.5539,0.1527,0.5563,0.0209,0.42,1.587,2.3353,2.3364,2.1476,2.1487,0.3842,3.8701,104.48,0.0,3.704,39.95044,-70.87368
EN695,004,21,2023-01-12 10:03:03+00:00,35.3427,35.3418,26.1589,26.1585,245.30413,229.514,232.485,15.3479,15.3466,1508.21,1508.21,65271.0,12.41878,2719.583,2.751,2.73,15.3483,15.3471,-0.0013,4.363998,4.363772,4.501,0.5636,0.1288,0.413,0.0246,0.49,1.6631,2.3339,2.3351,2.1478,2.1489,0.3713,4.5513,122.87,0.0,3.704,39.95047,-70.87366
EN695,004,22,2023-01-12 10:03:11+00:00,35.3428,35.3423,26.157,26.1566,245.26076,228.692,232.361,15.3568,15.3567,1508.24,1508.24,65457.0,12.41887,2727.333,2.936,2.913,15.3572,15.3572,-0.0001,4.364907,4.36484,4.5076,0.5577,0.1841,0.7446,0.6211,12.42,1.5586,2.3326,2.3338,2.1466,2.1477,0.3601,3.6236,97.828,0.0,3.704,39.9505,-70.87363
EN695,004,23,2023-01-12 10:03:18+00:00,35.343,35.3424,26.1565,26.156,245.24455,229.504,232.282,15.36,15.3597,1508.26,1508.25,65624.0,12.41895,2734.292,3.003,2.98,15.3605,15.3601,-0.0004,4.36526,4.365147,4.5086,0.5568,0.2049,0.8694,0.0185,0.37,1.6259,2.3359,2.337,2.1465,2.1476,0.3622,4.1658,115.5,0.0,3.6662,39.95052,-70.87362
EN695,004,24,2023-01-12 10:03:27+00:00,35.3432,35.3424,26.1569,26.1565,245.25075,229.263,232.41,15.3587,15.3578,1508.25,1508.25,65837.0,12.419053,2743.167,2.995,2.972,15.3592,15.3582,-0.001,4.365142,4.364965,4.4971,0.5671,0.18,0.7201,0.0174,0.35,1.5341,2.3345,2.3356,2.1468,2.1479,0.3691,3.4501,93.143,0.0,3.704,39.95054,-70.87358
EN695,005,1,2023-01-12 12:35:39+00:00,35.0828,35.0815,27.5563,27.5554,297.34376,190.19,192.207,6.4254,6.4246,1485.02,1485.02,18070.0,12.524755,752.875,505.714,501.237,6.4719,6.4711,-0.0008,3.510133,3.509951,4.5802,0.4929,0.0599,-0.0004,0.6231,12.46,0.0049,1.6564,1.6571,1.5311,1.5318,1.1679,1e-12,1.8814e-13,0.0,531.53,39.779,-70.8871
EN695,005,2,2023-01-12 12:35:47+00:00,35.0828,35.0815,27.5566,27.5556,297.3575,190.068,192.25,6.4234,6.423,1485.01,1485.01,18247.0,12.524841,760.25,505.688,501.211,6.4699,6.4695,-0.0004,3.509951,3.509799,4.5804,0.4927,0.0589,-0.0064,0.6298,12.59,0.0048,1.6567,1.6575,1.5311,1.5318,1.1895,1e-12,1.887e-13,0.0,529.94,39.77902,-70.88706
EN695,005,3,2023-01-12 12:41:43+00:00,35.3233,35.3206,27.1501,27.1478,272.2704,129.633,131.057,10.2773,10.2785,1496.34,1496.34,26800.0,12.528966,1116.625,303.232,300.694,10.3136,10.3147,0.0011,3.884201,3.884044,4.5811,0.4922,0.0608,0.0048,0.7942,15.89,0.0051,1.391,1.3915,1.2912,1.2917,1.2562,1e-12,1.6802e-13,0.0,595.18,39.77996,-70.88642
EN695,005,4,2023-01-12 12:45:38+00:00,36.1059,36.1009,26.4159,26.4131,237.31338,168.548,171.173,16.7582,16.7539,1515.65,1515.63,32433.0,12.531682,1351.333,133.401,132.339,16.7801,16.7759,-0.0042,4.59966,4.598661,4.573,0.4993,0.0601,0.0006,0.6259,12.52,0.005,1.8721,1.8733,1.7313,1.7324,0.6378,1e-12,1.3627e-13,0.0,733.85,39.78061,-70.88588
EN695,005,5,2023-01-12 12:48:06+00:00,35.7679,35.7584,26.1988,26.1954,238.68715,208.67,210.992,16.585,16.5685,1514.02,1513.96,35988.0,12.533397,1499.458,91.187,90.47,16.5998,16.5834,-0.0165,4.541093,4.53835,4.5639,0.5074,0.0653,0.032,0.9784,19.57,0.005,2.1945,2.1959,2.0195,2.0209,0.464,1e-12,1.2557e-13,0.0,796.37,39.781,-70.88545
EN695,005,6,2023-01-12 12:48:24+00:00,35.7553,35.7514,26.1969,26.1948,238.85913,208.832,211.525,16.5521,16.5483,1513.9,1513.89,36427.0,12.533608,1517.75,91.077,90.361,16.567,16.5631,-0.0039,4.536335,4.535502,4.5634,0.5078,0.0669,0.0413,0.63,12.6,0.0051,2.1978,2.1992,2.0244,2.0257,0.4175,1e-12,1.2498e-13,0.0,800.11,39.78106,-70.8854
EN695,005,7,2023-01-12 12:49:45+00:00,35.4642,35.4625,26.1273,26.1261,242.44732,221.334,224.48,15.8899,15.8895,1511.29,1511.29,38371.0,12.534546,1598.75,76.226,75.63,15.9019,15.9016,-0.0003,4.435994,4.435777,4.5294,0.5381,0.1491,0.5347,0.0152,0.3,0.0054,2.276,2.2775,2.0965,2.0978,0.4095,1e-12,1.2124e-13,0.0,824.87,39.78126,-70.8852
EN695,005,8,2023-01-12 12:49:52+00:00,35.4271,35.4331,26.1272,26.1263,243.10081,222.461,225.004,15.7654,15.7894,1510.86,1510.94,38527.0,12.534621,1605.25,75.822,75.229,15.7773,15.8013,0.0239,4.419389,4.422447,4.522,0.5447,0.1187,0.3521,0.5547,11.09,0.0051,2.2794,2.2809,2.096,2.0973,0.4185,1e-12,1.2052e-13,0.0,829.74,39.78128,-70.88518
EN695,005,9,2023-01-12 12:51:54+00:00,35.081,35.0806,26.0981,26.0973,248.8897,235.867,238.818,14.7011,14.7033,1506.69,1506.7,41472.0,12.536041,1727.958,50.942,50.546,14.7087,14.7109,0.0023,4.274225,4.274405,4.4696,0.592,0.2321,1.0325,0.0276,0.55,0.6959,2.3449,2.3464,2.1563,2.1576,0.3502,0.38556,0.043666,0.0,883.03,39.78161,-70.8849
EN695,005,10,2023-01-12 12:52:02+00:00,35.0731,35.0758,26.0977,26.0976,249.0342,235.541,238.82,14.6749,14.6852,1506.59,1506.62,41642.0,12.536123,1735.042,50.324,49.934,14.6824,14.6927,0.0103,4.27075,4.272063,4.4757,0.5865,0.1735,0.6813,0.0159,0.32,0.7248,2.3457,2.3471,2.1563,2.1576,0.3338,0.41886,0.046818,0.0,894.68,39.78161,-70.88491
EN695,005,11,2023-01-12 12:52:11+00:00,35.0737,35.0724,26.0977,26.0968,249.02228,235.784,238.943,14.6771,14.6765,1506.59,1506.59,41875.0,12.536236,1744.75,50.39,49.999,14.6846,14.684,-0.0005,4.271034,4.270846,4.4675,0.5939,0.2066,0.8795,0.4339,8.68,0.7214,2.347,2.3484,2.1564,2.1577,0.3381,0.41486,0.04581,0.0,905.64,39.78165,-70.88486
EN695,005,12,2023-01-12 12:54:03+00:00,35.0592,35.0576,26.0969,26.0961,249.28567,237.032,239.611,14.633,14.6309,1506.01,1506.0,44563.0,12.537532,1856.75,25.054,24.861,14.6368,14.6346,-0.0022,4.263631,4.263241,4.4643,0.5968,0.1903,0.7817,0.0185,0.37,1.8488,2.3577,2.3591,2.1647,2.1659,0.3517,6.7922,0.73725,0.0,921.28,39.78196,-70.88472
EN695,005,13,2023-01-12 12:54:11+00:00,35.0596,35.0584,26.0969,26.0961,249.27885,237.127,239.575,14.6343,14.6338,1506.01,1506.01,44749.0,12.537622,1864.5,25.168,24.974,14.638,14.6375,-0.0005,4.263797,4.263624,4.4725,0.5894,0.2285,1.0109,0.6373,12.75,1.8449,2.3583,2.3596,2.1648,2.1661,0.3477,6.7298,0.72696,0.0,925.75,39.78198,-70.88472
EN695,005,14,2023-01-12 12:54:18+00:00,35.0596,35.0582,26.0967,26.0959,249.27352,236.748,239.469,14.6353,14.6339,1506.01,1506.01,44926.0,12.537707,1871.875,25.087,24.894,14.639,14.6376,-0.0015,4.263903,4.263602,4.4689,0.5926,0.1871,0.7628,0.5635,11.27,1.8438,2.3563,2.3577,2.1646,2.1658,0.3524,6.713,0.72526,0.0,925.59,39.78201,-70.88472
EN695,005,15,2023-01-12 12:54:25+00:00,35.0595,35.0585,26.0964,26.0957,249.26819,236.331,239.407,14.6365,14.6363,1506.02,1506.01,45093.0,12.537787,1878.833,24.942,24.75,14.6402,14.64,-0.0001,4.263993,4.263873,4.46,0.6007,0.1797,0.718,0.5835,11.67,1.8703,2.3554,2.3568,2.1644,2.1656,0.3613,7.1418,0.76904,0.0,928.69,39.78204,-70.88472
EN695,005,16,2023-01-12 12:54:34+00:00,35.0596,35.0586,26.0964,26.0956,249.26734,236.755,239.541,14.6366,14.6368,1506.01,1506.01,45296.0,12.537885,1887.292,24.878,24.686,14.6403,14.6405,0.0002,4.26401,4.263918,4.459,0.6017,0.2722,1.2734,0.6342,12.68,1.8759,2.3529,2.3543,2.1648,2.166,0.3255,7.2372,0.76635,0.0,944.38,39.78206,-70.8847
EN695,005,17,2023-01-12 12:54:44+00:00,35.058,35.0567,26.0965,26.0957,249.30026,236.844,239.454,14.6305,14.6297,1506.0,1505.99,45539.0,12.538003,1897.417,25.011,24.819,14.6343,14.6334,-0.0008,4.263252,4.263022,4.4654,0.5958,0.3184,1.5503,0.018,0.36,1.8666,2.3571,2.3585,2.1638,2.165,0.3464,7.08,0.74617,0.0,948.84,39.78208,-70.8847
EN695,005,18,2023-01-12 12:58:02+00:00,35.0547,35.0541,26.101,26.1006,249.46774,236.941,239.863,14.6014,14.6008,1505.53,1505.53,50290.0,12.540294,2095.375,3.298,3.273,14.6019,14.6013,-0.0006,4.258747,4.258624,4.4676,0.5938,0.17,0.6602,0.0126,0.25,3.5694,2.3629,2.3641,2.171,2.172,0.355,467.59,51.713,0.0,906.01,39.78262,-70.88456
EN695,005,19,2023-01-12 12:58:09+00:00,35.055,35.0541,26.1004,26.0998,249.4484,237.136,240.291,14.6052,14.6044,1505.54,1505.54,50461.0,12.540376,2102.5,3.197,3.172,14.6057,14.6049,-0.0008,4.259141,4.258962,4.4677,0.5937,0.1442,0.5052,0.0138,0.27,3.3226,2.3624,2.3636,2.1734,2.1744,0.3503,208.1,22.641,0.0,919.09,39.78266,-70.88456
EN695,005,20,2023-01-12 12:58:16+00:00,35.0532,35.0526,26.0988,26.0982,249.44544,236.5,240.103,14.6063,14.6064,1505.55,1505.55,50625.0,12.540455,2109.333,3.485,3.458,14.6069,14.6069,0.0,4.25908,4.259011,4.4661,0.5951,0.1548,0.5686,0.0217,0.43,3.3272,2.3615,2.3627,2.1721,2.1732,0.3559,213.98,22.91,0.0,933.98,39.78267,-70.88456
EN695,005,21,2023-01-12 12:58:38+00:00,35.0537,35.0526,26.1002,26.099,249.46951,237.159,239.949,14.6014,14.6029,1505.53,1505.53,51145.0,12.540706,2131.0,3.405,3.378,14.6019,14.6034,0.0015,4.258641,4.258669,4.4672,0.5942,0.1457,0.5145,0.02,0.4,3.3705,2.3633,2.3645,2.1712,2.1723,0.3458,231.78,23.7,0.0,977.9,39.78274,-70.88456
EN695,005,22,2023-01-12 12:58:45+00:00,35.0532,35.0524,26.098,26.0977,249.42946,236.94,239.994,14.6096,14.6081,1505.56,1505.55,51313.0,12.540787,2138.0,3.41,3.384,14.6101,14.6086,-0.0015,4.25939,4.259154,4.4624,0.5986,0.1699,0.6597,0.0172,0.34,3.3825,2.3637,2.3648,2.1722,2.1732,0.3663,238.51,23.96,0.0,995.32,39.78276,-70.88456
EN695,005,23,2023-01-12 12:58:52+00:00,35.0533,35.0522,26.0983,26.0975,249.4343,237.283,239.904,14.6086,14.6085,1505.55,1505.55,51483.0,12.540869,2145.083,3.404,3.377,14.6091,14.609,-0.0001,4.259299,4.259172,4.4722,0.5897,0.1861,0.7564,0.1589,3.18,3.3662,2.3641,2.3652,2.171,2.1721,0.3223,238.27,23.457,0.0,1015.7,39.78278,-70.88455
EN695,005,24,2023-01-12 12:58:58+00:00,35.0536,35.0524,26.0988,26.0979,249.44101,237.109,240.095,14.6071,14.6072,1505.55,1505.55,51633.0,12.540941,2151.333,3.369,3.344,14.6076,14.6077,0.0001,4.259187,4.259075,4.468,0.5934,0.1928,0.7966,0.018,0.36,3.3543,2.3637,2.3648,2.1722,2.1732,0.35,224.82,21.929,0.0,1025.1,39.7828,-70.88452
EN695,006,1,2023-01-12 20:27:40+00:00,36.0085,36.0071,26.5624,26.5612,241.87715,158.043,159.901,15.8112,15.8117,1512.61,1512.61,9390.0,12.852537,391.208,130.902,129.856,15.8319,15.8324,0.0005,4.492068,4.491955,4.3151,0.7346,0.0632,0.0193,0.4101,8.2,0.0049,1.7609,1.7607,1.6275,1.6274,0.6771,1e-12,6.7494e-13,0.0,148.16,40.15186,-70.88115
EN695,006,2,2023-01-12 20:27:51+00:00,36.0087,36.007,26.5611,26.5604,241.84705,158.059,160.005,15.8175,15.815,1512.63,1512.62,9656.0,12.852665,402.292,130.941,129.895,15.8382,15.8357,-0.0025,4.492728,4.492284,4.3166,0.7332,0.0643,0.0255,0.4043,8.09,0.0049,1.7608,1.7607,1.6274,1.6273,0.695,1e-12,6.779e-13,0.0,147.52,40.1519,-70.8811
EN695,006,3,2023-01-12 20:30:20+00:00,36.0065,36.0051,26.3851,26.384,238.35641,174.085,176.494,16.5703,16.5705,1514.5,1514.5,13248.0,12.854398,551.958,105.998,105.157,16.5875,16.5878,0.0002,4.567511,4.567378,4.3162,0.7335,0.0653,0.032,1.6494,32.99,0.0046,1.9166,1.9167,1.7695,1.7696,0.5617,1e-12,7.4993e-13,0.0,133.35,40.1522,-70.8806
EN695,006,4,2023-01-12 20:32:36+00:00,35.708,35.7075,26.2801,26.2742,241.32706,186.068,188.146,16.0388,16.0622,1512.34,1512.41,16489.0,12.855961,687.0,94.148,93.404,16.0538,16.0771,0.0234,4.479307,4.481603,4.3624,0.6904,0.066,0.0359,2.2317,44.63,0.0041,1.9981,1.9983,1.8425,1.8427,0.4947,1e-12,7.1994e-13,0.0,138.9,40.15232,-70.8799
EN695,006,5,2023-01-12 20:32:44+00:00,35.7094,35.7151,26.2767,26.2772,241.23383,187.813,190.313,16.0581,16.0748,1512.4,1512.45,16697.0,12.856061,695.667,94.087,93.343,16.0731,16.0898,0.0167,4.481413,4.483734,4.3704,0.683,0.0691,0.0544,2.2467,44.93,0.004,1.9982,1.9984,1.8426,1.8428,0.5181,1e-12,7.1994e-13,0.0,138.9,40.15232,-70.87986
EN695,006,6,2023-01-12 20:34:53+00:00,35.4847,35.4837,26.1743,26.1739,243.06494,219.529,221.998,15.7537,15.752,1510.8,1510.8,19797.0,12.857556,824.833,70.838,70.283,15.7648,15.7631,-0.0016,4.424319,4.424041,4.5438,0.5253,0.0682,0.0492,3.3833,67.67,0.0037,2.2568,2.2572,2.0747,2.0751,0.384,1e-12,6.7843e-13,0.0,147.4,40.1522,-70.879
EN695,006,7,2023-01-12 20:36:53+00:00,35.1183,35.1172,26.1089,26.1082,248.41442,229.421,232.169,14.7839,14.7832,1506.99,1506.98,22666.0,12.85894,944.375,50.417,50.023,14.7915,14.7907,-0.0007,4.286418,4.286225,4.5266,0.5406,0.0807,0.1244,4.3959,87.92,0.3487,2.3022,2.3027,2.1146,2.115,0.3887,0.11891,0.081271,0.0,146.31,40.15222,-70.87846
EN695,006,8,2023-01-12 20:37:02+00:00,35.1182,35.117,26.1088,26.1081,248.41511,229.819,232.003,14.7838,14.7831,1506.99,1506.98,22889.0,12.859047,953.667,50.396,50.003,14.7914,14.7906,-0.0008,4.286392,4.28619,4.5259,0.5412,0.0797,0.1184,4.3862,87.72,0.3563,2.3049,2.3054,2.1137,2.1141,0.3712,0.12271,0.083873,0.0,146.31,40.15223,-70.87842
EN695,006,9,2023-01-12 20:37:09+00:00,35.1193,35.1179,26.1082,26.1075,248.38149,229.239,231.852,14.7903,14.789,1507.0,1507.0,23062.0,12.85913,960.875,50.195,49.803,14.7978,14.7965,-0.0012,4.287133,4.286865,4.5243,0.5426,0.0793,0.1157,4.4027,88.05,0.3553,2.3019,2.3024,2.1124,2.1128,0.3864,0.12218,0.08351,0.0,146.31,40.15224,-70.8784
EN695,006,10,2023-01-12 20:37:17+00:00,35.1201,35.119,26.1082,26.1075,248.36348,229.266,231.648,14.7936,14.7929,1507.02,1507.01,23236.0,12.859214,968.125,50.223,49.832,14.8011,14.8005,-0.0006,4.287558,4.28737,4.5285,0.5389,0.0814,0.1283,4.4019,88.04,0.3645,2.2994,2.2999,2.1121,2.1125,0.3629,0.12693,0.086753,0.0,146.31,40.15228,-70.87834
EN695,006,11,2023-01-12 20:38:51+00:00,34.4331,34.4239,25.9612,25.9647,259.04585,246.116,249.103,12.9577,12.9042,1499.95,1499.76,25499.0,12.860306,1062.417,33.769,33.507,12.9623,12.9088,-0.0536,4.034896,4.028812,4.4572,0.6033,0.1398,0.4787,0.0237,0.47,0.8623,2.3538,2.3543,2.1602,2.1606,0.3698,0.6119,0.41055,0.0,149.03,40.15236,-70.87778
EN695,006,12,2023-01-12 20:39:06+00:00,34.4322,34.4234,25.9632,25.9604,259.12036,245.356,248.146,12.9442,12.9238,1499.9,1499.83,25861.0,12.86048,1077.5,33.602,33.341,12.9487,12.9284,-0.0203,4.033493,4.030628,4.4603,0.6004,0.144,0.5039,0.0223,0.45,0.8895,2.3453,2.3458,2.1549,2.1553,0.3699,0.65777,0.43848,0.0,150.01,40.15238,-70.87771
EN695,006,13,2023-01-12 20:40:51+00:00,33.8949,33.8911,25.8692,25.8687,269.53068,263.924,266.448,11.2511,11.2378,1493.26,1493.21,28388.0,12.861699,1182.792,20.527,20.368,11.2536,11.2404,-0.0133,3.817783,3.816161,4.3266,0.7237,0.2746,1.2877,0.5752,11.51,1.5383,2.4046,2.405,2.2072,2.2077,0.3318,3.2721,2.2364,0.0,146.31,40.15244,-70.87712
EN695,006,14,2023-01-12 20:41:00+00:00,33.9024,33.9001,25.8702,25.8693,269.36394,262.746,265.605,11.2777,11.2732,1493.36,1493.35,28586.0,12.861794,1191.042,20.435,20.277,11.2802,11.2757,-0.0045,3.820997,3.820353,4.3334,0.7174,0.2866,1.3594,1.8486,36.97,1.5486,2.4019,2.4024,2.2044,2.2048,0.3394,3.3529,2.2917,0.0,146.31,40.15244,-70.87708
EN695,006,15,2023-01-12 20:41:09+00:00,33.8895,33.8914,25.8695,25.8692,269.68369,262.795,266.345,11.2264,11.2363,1493.17,1493.21,28803.0,12.861899,1200.083,20.368,20.21,11.2289,11.2388,0.0099,3.814923,3.816037,4.3219,0.7282,0.2977,1.4263,1.3039,26.08,1.5537,2.4007,2.4011,2.2022,2.2026,0.3475,3.3937,2.3238,0.0,146.05,40.15244,-70.87702
EN695,006,16,2023-01-12 20:41:17+00:00,33.8878,33.887,25.8691,25.8685,269.71568,263.746,266.593,11.2214,11.2212,1493.15,1493.15,28994.0,12.861991,1208.042,20.519,20.36,11.2239,11.2237,-0.0001,3.814295,3.814199,4.3253,0.7251,0.2985,1.4313,0.778,15.56,1.5316,2.406,2.4064,2.2069,2.2074,0.3574,3.2207,2.2295,0.0,144.46,40.15244,-70.87699
EN695,006,17,2023-01-12 20:41:25+00:00,33.8913,33.8898,25.869,25.8683,269.61729,263.284,266.694,11.2373,11.2341,1493.21,1493.2,29202.0,12.862092,1216.708,20.326,20.169,11.2398,11.2366,-0.0032,3.816123,3.815667,4.3251,0.7252,0.2823,1.334,0.6289,12.58,1.5426,2.4056,2.406,2.2073,2.2078,0.3075,3.3061,2.2887,0.0,144.46,40.15244,-70.87694
EN695,006,18,2023-01-12 20:42:47+00:00,33.8938,33.893,25.8696,25.8691,269.5717,263.087,266.271,11.2461,11.2452,1493.0,1493.0,31172.0,12.863042,1298.792,6.151,6.104,11.2469,11.246,-0.0009,3.816409,3.816236,4.3252,0.7251,0.2965,1.4193,0.0148,0.3,2.5379,2.4077,2.4082,2.2101,2.2105,0.3506,33.641,23.913,0.0,140.67,40.15252,-70.87658
EN695,006,19,2023-01-12 20:42:55+00:00,33.8939,33.893,25.8692,25.8688,269.55847,263.229,266.515,11.2485,11.2471,1493.0,1493.0,31352.0,12.863128,1306.292,5.615,5.572,11.2492,11.2478,-0.0014,3.816601,3.816385,4.327,0.7234,0.2796,1.3175,0.0126,0.25,2.5588,2.4065,2.4069,2.2094,2.2098,0.3324,35.25,25.044,0.0,140.75,40.15252,-70.87656
EN695,006,20,2023-01-12 20:43:03+00:00,33.8939,33.8929,25.8693,25.8686,269.56032,263.597,266.424,11.2481,11.2478,1493.01,1493.0,31558.0,12.863228,1314.875,5.928,5.882,11.2488,11.2485,-0.0003,3.816591,3.816452,4.3261,0.7242,0.2833,1.3395,0.021,0.42,2.5134,2.4073,2.4077,2.2098,2.2102,0.3654,31.769,22.571,0.0,140.75,40.15252,-70.87651
EN695,006,21,2023-01-12 20:43:12+00:00,33.8937,33.8927,25.8692,25.8684,269.56041,263.385,266.736,11.2482,11.2476,1493.01,1493.0,31771.0,12.86333,1323.75,5.862,5.817,11.2489,11.2483,-0.0006,3.816572,3.816413,4.3256,0.7247,0.2821,1.3326,0.0104,0.21,2.493,2.4084,2.4089,2.2099,2.2103,0.364,30.278,21.512,0.0,140.75,40.15252,-70.87649
EN695,006,22,2023-01-12 20:43:20+00:00,33.8939,33.8929,25.8693,25.8687,269.56106,263.884,266.431,11.248,11.2473,1493.0,1493.0,31946.0,12.863415,1331.042,5.68,5.636,11.2487,11.248,-0.0007,3.816563,3.816404,4.3251,0.7252,0.2768,1.3007,0.1659,3.32,2.5756,2.409,2.4095,2.2099,2.2103,0.3713,36.74,25.992,0.0,141.36,40.1525,-70.87644
EN695,006,23,2023-01-12 20:43:27+00:00,33.8939,33.8928,25.8692,25.8686,269.55907,263.109,266.443,11.2483,11.2476,1493.01,1493.0,32129.0,12.863503,1338.667,5.928,5.883,11.2491,11.2483,-0.0008,3.816606,3.816432,4.3222,0.7279,0.2761,1.2966,0.5688,11.38,2.5431,2.4071,2.4075,2.21,2.2104,0.3479,34.022,24.171,0.0,140.75,40.15248,-70.87644
EN695,006,24,2023-01-12 20:43:35+00:00,33.8936,33.8927,25.8691,25.8686,269.56184,263.669,266.624,11.248,11.247,1492.99,1492.99,32312.0,12.863591,1346.292,5.221,5.181,11.2487,11.2476,-0.0011,3.816514,3.816324,4.3236,0.7266,0.2885,1.3713,1.0803,21.61,2.5999,2.4103,2.4108,2.2101,2.2105,0.3731,38.801,27.521,0.0,140.98,40.15248,-70.87641
EN695,007,1,2023-01-12 22:48:45+00:00,36.0311,36.0274,26.4032,26.4022,238.2994,173.715,176.297,16.5726,16.5647,1514.68,1514.65,8093.0,12.950511,337.167,114.124,113.215,16.5912,16.5833,-0.0079,4.57104,4.569812,4.2655,0.7814,0.0647,0.0284,0.3978,7.96,0.0049,1.912,1.9119,1.7677,1.7676,0.5453,1e-12,2.6998e-11,0.0,3.704,40.25904,-70.8819
EN695,007,2,2023-01-12 22:48:56+00:00,36.0285,36.0302,26.4022,26.4018,238.3234,174.386,176.66,16.5683,16.5758,1514.66,1514.69,8356.0,12.950638,348.125,114.05,113.142,16.5869,16.5944,0.0075,4.570305,4.57126,4.2596,0.7871,0.0637,0.022,0.4061,8.12,0.0049,1.9133,1.9133,1.7671,1.7671,0.5661,1e-12,2.8651e-11,0.0,3.5906,40.25904,-70.88187
EN695,007,3,2023-01-12 22:51:11+00:00,36.0146,36.0134,26.3873,26.3865,238.26375,177.456,179.688,16.5893,16.5889,1514.39,1514.39,11616.0,12.95221,483.958,95.508,94.752,16.6049,16.6045,-0.0004,4.569718,4.569551,4.3438,0.7077,0.0653,0.032,1.3417,26.83,0.0048,1.9453,1.9453,1.7949,1.7949,0.5525,1e-12,2.6998e-11,0.0,3.704,40.25914,-70.88137
EN695,007,4,2023-01-12 22:53:39+00:00,35.4036,35.4071,26.1754,26.1763,244.54502,197.863,200.116,15.473,15.4808,1509.86,1509.89,15149.0,12.953914,631.167,72.123,71.556,15.4841,15.492,0.0078,4.387353,4.388518,4.4359,0.6227,0.0672,0.0428,2.5239,50.48,0.0038,2.0733,2.0735,1.9181,1.9182,0.4906,1e-12,2.6998e-11,0.0,3.704,40.25906,-70.88066
EN695,007,5,2023-01-12 22:53:45+00:00,35.4314,35.4223,26.1858,26.182,244.26314,199.386,201.674,15.5219,15.5079,1510.04,1509.99,15310.0,12.953992,637.875,72.038,71.472,15.533,15.519,-0.014,4.3953,4.392903,4.4287,0.6293,0.0668,0.0405,2.5818,51.64,0.0039,2.0771,2.0773,1.9155,1.9157,0.4837,1e-12,2.6998e-11,0.0,3.704,40.25906,-70.88062
EN695,007,6,2023-01-12 22:53:54+00:00,35.449,35.4465,26.1915,26.19,244.06634,197.466,198.317,15.5567,15.5548,1510.17,1510.16,15528.0,12.954097,646.958,72.038,71.472,15.5679,15.566,-0.0019,4.400728,4.400264,4.4232,0.6343,0.0681,0.0489,2.5546,51.09,0.0038,2.0635,2.0637,1.905,1.9052,0.5008,1e-12,2.7549e-11,0.0,3.6662,40.25904,-70.88059
EN695,007,7,2023-01-12 22:55:58+00:00,34.4375,34.4343,25.9561,25.9543,258.81187,237.961,240.719,12.9978,12.995,1500.37,1500.35,18497.0,12.955529,770.667,49.864,49.475,13.0046,13.0018,-0.0028,4.040105,4.039511,4.471,0.5907,0.1059,0.2757,3.637,72.74,0.0037,2.2895,2.2898,2.1039,2.1042,0.4187,1e-12,2.9202e-11,0.0,3.5528,40.25918,-70.88014
EN695,007,8,2023-01-12 22:56:05+00:00,34.4421,34.4313,25.9555,25.9526,258.69256,239.208,241.693,13.0185,12.9913,1500.45,1500.34,18655.0,12.955605,777.25,50.235,49.843,13.0253,12.9981,-0.0272,4.04259,4.03886,4.4708,0.5909,0.1035,0.2611,3.6557,73.11,0.0037,2.2957,2.2961,2.1064,2.1067,0.4095,1e-12,2.6998e-11,0.0,3.704,40.2592,-70.88014
EN695,007,9,2023-01-12 22:56:11+00:00,34.4878,34.4435,25.9654,25.9517,257.93374,238.411,241.967,13.1454,13.0433,1500.92,1500.53,18811.0,12.95568,783.75,50.351,49.958,13.1523,13.0501,-0.1022,4.059562,4.045113,4.472,0.5897,0.0945,0.2067,3.6426,72.85,0.0037,2.2958,2.2961,2.1082,2.1085,0.3897,1e-12,2.6998e-11,0.0,3.704,40.25921,-70.8801
EN695,007,10,2023-01-12 22:57:54+00:00,34.0167,34.0152,25.8948,25.895,267.15138,257.802,260.334,11.6251,11.6176,1495.01,1494.99,21270.0,12.956866,886.208,38.546,38.246,11.63,11.6225,-0.0075,3.866049,3.865193,4.349,0.7029,0.2888,1.3725,4.1802,83.61,0.0035,2.3773,2.3777,2.1783,2.1786,0.359,1e-12,2.6998e-11,0.0,3.704,40.25926,-70.87968
EN695,007,11,2023-01-12 22:58:01+00:00,34.0478,34.0513,25.898,25.8981,266.4594,254.984,258.303,11.7372,11.7516,1495.44,1495.5,21436.0,12.956946,893.125,38.746,38.445,11.7421,11.7565,0.0144,3.879729,3.881439,4.371,0.6824,0.2488,1.1327,4.1743,83.49,0.0034,2.3698,2.3702,2.1763,2.1767,0.358,1e-12,2.6998e-11,0.0,3.704,40.25926,-70.87964
EN695,007,12,2023-01-12 22:58:07+00:00,34.0446,34.0324,25.8973,25.8947,266.51737,257.6,260.43,11.7279,11.6912,1495.41,1495.27,21596.0,12.957023,899.792,38.894,38.591,11.7328,11.6961,-0.0367,3.878551,3.873862,4.3567,0.6957,0.2472,1.123,4.1935,83.87,0.0035,2.3761,2.3765,2.1747,2.175,0.356,1e-12,2.9753e-11,0.0,3.515,40.25926,-70.87961
EN695,007,13,2023-01-12 22:59:59+00:00,33.9702,33.9682,25.8839,25.8833,268.01724,259.593,262.516,11.4904,11.4852,1494.19,1494.17,24267.0,12.958311,1011.083,20.939,20.777,11.493,11.4878,-0.0052,3.847733,3.847042,4.339,0.7122,0.2606,1.2037,0.0384,0.77,0.0053,2.3839,2.3843,2.1865,2.1868,0.347,1e-12,2.7549e-11,0.0,3.6662,40.25927,-70.8792
EN695,007,14,2023-01-12 23:00:05+00:00,33.9622,33.9589,25.8823,25.8806,268.17255,259.657,261.671,11.4658,11.4611,1494.1,1494.08,24425.0,12.958387,1017.667,20.98,20.818,11.4684,11.4637,-0.0047,3.844631,3.843851,4.3371,0.7139,0.2706,1.2638,0.7865,15.73,0.0051,2.3856,2.386,2.1876,2.1879,0.3802,1e-12,2.6998e-11,0.0,3.704,40.25928,-70.87916
EN695,007,15,2023-01-12 23:00:12+00:00,33.9497,33.963,25.878,25.8829,268.36406,259.482,261.875,11.4365,11.4657,1493.97,1494.09,24594.0,12.958469,1024.708,20.305,20.148,11.439,11.4682,0.0292,3.840584,3.844655,4.3381,0.713,0.2731,1.2783,0.7166,14.33,0.005,2.3838,2.3842,2.1877,2.1881,0.3693,1e-12,2.6998e-11,0.0,3.704,40.25928,-70.87912
EN695,007,16,2023-01-12 23:00:20+00:00,33.9299,33.9299,25.8727,25.8727,268.71545,260.773,262.727,11.3815,11.3815,1493.76,1493.76,24775.0,12.958556,1032.25,20.722,20.561,11.3841,11.384,-0.0001,3.833478,3.833477,4.3284,0.7221,0.2775,1.3046,0.5768,11.54,0.0052,2.3902,2.3906,2.192,2.1923,0.3459,1e-12,2.7549e-11,0.0,3.6662,40.25926,-70.87908
EN695,007,17,2023-01-12 23:00:27+00:00,33.9344,33.9352,25.8736,25.8736,268.62787,260.721,263.543,11.3954,11.3986,1493.81,1493.82,24946.0,12.958639,1039.375,20.369,20.212,11.3979,11.4011,0.0032,3.835205,3.835587,4.3302,0.7205,0.2925,1.3949,0.6407,12.81,0.0051,2.3904,2.3908,2.193,2.1933,0.3797,1e-12,2.9202e-11,0.0,3.5528,40.25926,-70.87904
EN695,007,18,2023-01-12 23:02:35+00:00,33.9174,33.9167,25.8689,25.8685,268.92776,260.733,263.925,11.3506,11.3497,1493.38,1493.37,28019.0,12.960121,1167.417,4.956,4.918,11.3512,11.3503,-0.0009,3.828446,3.828291,4.3287,0.7218,0.2671,1.2425,0.0117,0.23,1.1121,2.3957,2.396,2.1978,2.1981,0.3296,1.1831,31.941,0.0,3.704,40.25942,-70.8786
EN695,007,19,2023-01-12 23:02:41+00:00,33.918,33.9169,25.8691,25.8685,268.91668,260.811,263.991,11.3523,11.3508,1493.38,1493.37,28167.0,12.960192,1173.583,4.667,4.631,11.3529,11.3514,-0.0015,3.828656,3.828407,4.3245,0.7257,0.31,1.4998,0.0141,0.28,1.2229,2.3956,2.396,2.1975,2.1978,0.3655,1.5451,41.713,0.0,3.704,40.25944,-70.87858
EN695,007,20,2023-01-12 23:02:47+00:00,33.9153,33.9162,25.8685,25.8685,268.96871,261.079,263.908,11.3441,11.3475,1493.35,1493.36,28320.0,12.960266,1179.958,4.951,4.913,11.3447,11.3481,0.0034,3.827634,3.828038,4.3257,0.7246,0.2718,1.271,0.0146,0.29,1.1844,2.3957,2.3961,2.1977,2.198,0.3686,1.4141,41.982,0.0,3.5528,40.25944,-70.87857
EN695,007,21,2023-01-12 23:02:54+00:00,33.9064,33.9058,25.8658,25.8655,269.1188,261.503,264.027,11.3209,11.3202,1493.26,1493.26,28472.0,12.960339,1186.292,5.038,4.999,11.3215,11.3208,-0.0007,3.824575,3.824452,4.3263,0.7241,0.2904,1.3824,0.0106,0.21,1.0047,2.3965,2.3969,2.1979,2.1982,0.3655,0.93646,25.872,0.0,3.6662,40.25947,-70.87854
EN695,007,22,2023-01-12 23:03:01+00:00,33.91,33.9096,25.8668,25.8663,269.05708,261.397,263.902,11.3305,11.3315,1493.3,1493.3,28640.0,12.96042,1193.292,4.934,4.896,11.3311,11.3321,0.001,3.825821,3.825879,4.3244,0.7258,0.3091,1.4948,0.0098,0.2,1.0843,2.3973,2.3977,2.198,2.1983,0.3476,1.1205,34.211,0.0,3.4772,40.25948,-70.87851
EN695,008,1,2023-01-13 02:00:38+00:00,34.1869,34.1856,25.8843,25.8833,262.63774,219.872,221.728,12.3734,12.3735,1498.31,1498.31,6125.0,13.083764,255.167,69.775,69.225,12.3825,12.3827,0.0001,3.955711,3.955589,3.9634,1.0795,0.0997,0.2383,0.3862,7.72,0.0049,2.1231,2.1232,1.9494,1.9494,0.5288,1e-12,2.7549e-11,0.0,3.6662,40.51426,-70.88614
EN695,008,2,2023-01-13 02:00:46+00:00,34.1896,34.1869,25.8849,25.8835,262.59172,219.532,221.806,12.3809,12.3776,1498.33,1498.32,6319.0,13.083857,263.25,69.413,68.867,12.39,12.3867,-0.0033,3.956678,3.956093,3.9643,1.0786,0.0966,0.2194,0.4102,8.2,0.0049,2.122,2.122,1.95,1.95,0.545,1e-12,2.6998e-11,0.0,3.704,40.51426,-70.88608
EN695,008,3,2023-01-13 02:03:33+00:00,34.1499,34.1496,25.8766,25.8758,263.30649,220.2,222.899,12.266,12.2691,1497.68,1497.69,10326.0,13.085789,430.208,56.871,56.425,12.2734,12.2766,0.0031,3.941001,3.941265,4.0032,1.0389,0.0982,0.2291,1.053,21.06,0.0048,2.1245,2.1247,1.9548,1.9549,0.5273,1e-12,2.6998e-11,0.0,3.704,40.51406,-70.8849
EN695,008,4,2023-01-13 02:03:40+00:00,34.1451,34.1458,25.8757,25.8752,263.39461,220.228,223.13,12.2516,12.2567,1497.62,1497.64,10509.0,13.085878,437.833,56.848,56.402,12.259,12.2641,0.0051,3.939151,3.939698,4.0073,1.0348,0.0966,0.2196,1.0789,21.58,0.0048,2.1264,2.1265,1.9557,1.9558,0.5199,1e-12,2.6998e-11,0.0,3.704,40.51406,-70.88487
EN695,008,5,2023-01-13 02:03:49+00:00,34.1324,34.1338,25.873,25.8726,263.62643,220.875,223.654,12.214,12.222,1497.47,1497.5,10728.0,13.085983,446.958,56.31,55.869,12.2213,12.2294,0.0081,3.934256,3.935155,4.0204,1.0216,0.0999,0.2392,1.079,21.58,0.0049,2.1285,2.1286,1.9564,1.9565,0.5317,1e-12,2.6998e-11,0.0,3.704,40.51406,-70.88484
EN695,008,6,2023-01-13 02:05:59+00:00,33.3629,33.3608,25.7474,25.7472,280.71752,253.616,255.09,9.5501,9.5414,1486.89,1486.85,13829.0,13.087479,576.167,40.499,40.183,9.5546,9.5458,-0.0087,3.61,3.609006,4.2689,0.7783,0.1856,0.7538,1.8613,37.23,0.0044,2.2577,2.2579,2.08,2.0802,0.4822,1e-12,2.6998e-11,0.0,3.704,40.51432,-70.88464
EN695,008,7,2023-01-13 02:06:06+00:00,33.4534,33.4175,25.758,25.7468,278.29705,254.381,256.587,9.9143,9.8127,1488.34,1487.93,14001.0,13.087562,583.333,41.417,41.093,9.9189,9.8173,-0.1016,3.651947,3.639185,4.2785,0.7691,0.1548,0.5685,1.8233,36.46,0.0044,2.2635,2.2637,2.083,2.0832,0.4806,1e-12,2.6998e-11,0.0,3.704,40.51434,-70.88468
EN695,008,8,2023-01-13 02:06:12+00:00,33.4174,33.4093,25.7546,25.7513,279.27938,254.627,258.493,9.7655,9.7473,1487.75,1487.68,14159.0,13.087638,589.917,41.248,40.926,9.7701,9.7518,-0.0182,3.634885,3.632432,4.2774,0.7702,0.1726,0.6756,1.8357,36.71,0.0041,2.2605,2.2607,2.0758,2.076,0.5128,1e-12,2.6998e-11,0.0,3.704,40.51436,-70.88466
EN695,008,9,2023-01-13 02:06:19+00:00,33.389,33.381,25.7516,25.7474,280.05328,256.195,258.74,9.649,9.6366,1487.29,1487.23,14317.0,13.087714,596.5,41.008,40.688,9.6535,9.6411,-0.0125,3.62153,3.61962,4.2785,0.7691,0.1825,0.7347,1.8388,36.78,0.0044,2.2602,2.2604,2.0762,2.0763,0.4848,1e-12,2.6998e-11,0.0,3.704,40.51438,-70.88467
EN695,008,10,2023-01-13 02:08:04+00:00,33.3246,33.3229,25.7422,25.7415,281.74193,261.222,263.578,9.4,9.3961,1485.96,1485.94,16847.0,13.088934,701.917,20.429,20.27,9.4022,9.3983,-0.0039,3.591626,3.591112,4.2666,0.7804,0.2022,0.8531,2.9131,58.26,0.0037,2.2981,2.2983,2.1064,2.1066,0.5012,1e-12,2.6998e-11,0.0,3.704,40.51454,-70.88439
EN695,008,11,2023-01-13 02:08:12+00:00,33.3195,33.3179,25.7412,25.7405,281.86838,262.11,265.081,9.3814,9.378,1485.88,1485.86,17033.0,13.089024,709.667,20.244,20.087,9.3835,9.3802,-0.0033,3.589444,3.588988,4.2687,0.7784,0.2286,1.0116,2.9006,58.01,0.0037,2.3035,2.3037,2.112,2.1122,0.448,1e-12,2.7549e-11,0.0,3.6662,40.51454,-70.88436
EN695,008,12,2023-01-13 02:08:19+00:00,33.3217,33.3202,25.7412,25.7408,281.7948,261.997,264.776,9.3924,9.3875,1485.92,1485.9,17197.0,13.089103,716.5,20.117,19.961,9.3946,9.3897,-0.0049,3.590655,3.590064,4.2666,0.7804,0.2303,1.0222,2.8973,57.95,0.0037,2.3054,2.3056,2.1147,2.1149,0.5076,1e-12,2.6998e-11,0.0,3.704,40.51454,-70.88434
EN695,008,13,2023-01-13 02:08:27+00:00,33.322,33.3216,25.7413,25.741,281.78782,261.903,264.312,9.3935,9.3932,1485.92,1485.92,17396.0,13.089199,724.792,19.864,19.71,9.3956,9.3953,-0.0003,3.590766,3.5907,4.2667,0.7803,0.2192,0.9554,2.925,58.5,0.0037,2.3057,2.3059,2.1145,2.1147,0.4988,1e-12,2.8651e-11,0.0,3.5906,40.51454,-70.8843
EN695,008,14,2023-01-13 02:08:34+00:00,33.3208,33.3208,25.7413,25.7411,281.82846,261.313,264.289,9.3873,9.3885,1485.9,1485.9,17566.0,13.089281,731.875,20.089,19.933,9.3895,9.3907,0.0011,3.590104,3.590206,4.2682,0.7789,0.2119,0.9114,2.9635,59.27,0.0037,2.3036,2.3038,2.1137,2.1138,0.4519,1e-12,2.6998e-11,0.0,3.704,40.51454,-70.88427
EN695,008,15,2023-01-13 02:08:41+00:00,33.3215,33.3211,25.7411,25.7407,281.79786,261.743,264.526,9.392,9.3929,1485.92,1485.92,17716.0,13.089353,738.125,20.047,19.892,9.3942,9.395,0.0008,3.590589,3.590629,4.2645,0.7824,0.2154,0.9324,2.9322,58.64,0.0037,2.3056,2.3058,2.1147,2.1149,0.4807,1e-12,2.6998e-11,0.0,3.704,40.51454,-70.88426
EN695,008,16,2023-01-13 02:09:53+00:00,33.3182,33.3172,25.7411,25.7405,281.90241,262.496,264.938,9.3779,9.3767,1485.61,1485.61,19458.0,13.090193,810.708,5.386,5.345,9.3785,9.3772,-0.0013,3.588214,3.588001,4.264,0.7829,0.2282,1.0094,3.2635,65.27,0.8821,2.309,2.3092,2.1197,2.1198,0.4595,0.6466,17.457,0.0,3.704,40.51447,-70.88389
EN695,008,17,2023-01-13 02:09:59+00:00,33.3203,33.3193,25.7413,25.7407,281.84354,261.153,264.737,9.3867,9.3851,1485.64,1485.64,19608.0,13.090266,816.958,5.076,5.036,9.3873,9.3857,-0.0016,3.589192,3.588948,4.2641,0.7828,0.2194,0.9566,3.3857,67.71,0.9163,2.3103,2.3105,2.1192,2.1194,0.5129,0.70752,19.102,0.0,3.704,40.51446,-70.88386
EN695,008,18,2023-01-13 02:10:05+00:00,33.3217,33.3206,25.7413,25.7408,281.79834,261.84,264.376,9.3935,9.391,1485.67,1485.66,19751.0,13.090335,822.917,5.328,5.287,9.3941,9.3916,-0.0024,3.589953,3.589628,4.2631,0.7838,0.2115,0.909,3.4175,68.35,0.9003,2.3091,2.3093,2.119,2.1191,0.5038,0.6781,18.307,0.0,3.704,40.51448,-70.88384
EN695,008,19,2023-01-13 02:10:12+00:00,33.3208,33.32,25.7411,25.7407,281.81989,261.64,265.152,9.3903,9.3888,1485.67,1485.66,19900.0,13.090407,829.125,5.539,5.496,9.3909,9.3894,-0.0015,3.589591,3.589369,4.262,0.7848,0.218,0.9481,3.6911,73.82,0.8933,2.3077,2.3079,2.1189,2.119,0.5026,0.67071,18.817,0.0,3.6284,40.5145,-70.88382
EN695,008,20,2023-01-13 02:10:18+00:00,33.3212,33.3204,25.7413,25.7408,281.81308,261.545,264.602,9.3912,9.3903,1485.68,1485.67,20044.0,13.090476,835.125,6.027,5.98,9.3919,9.391,-0.0009,3.589738,3.589577,4.2654,0.7816,0.2181,0.9485,3.6827,73.65,0.9022,2.3069,2.3071,2.1193,2.1194,0.4849,0.68222,19.459,0.0,3.5906,40.5145,-70.88378
EN695,009,1,2023-01-13 04:23:11+00:00,33.3422,33.3421,25.784,25.7838,282.79416,248.078,250.627,9.2217,9.222,1486.02,1486.02,5673.0,13.182758,236.333,61.563,61.078,9.2283,9.2286,0.0003,3.579455,3.57946,3.9826,1.0599,0.1245,0.3867,0.2555,5.11,0.0049,2.1946,2.1946,2.0162,2.0162,0.4994,1e-12,2.6998e-11,0.0,3.704,40.69696,-70.88302
EN695,009,2,2023-01-13 04:23:16+00:00,33.3416,33.3414,25.7837,25.7837,282.80347,247.904,250.759,9.2205,9.2192,1486.01,1486.0,5794.0,13.182817,241.375,61.438,60.955,9.2271,9.2257,-0.0013,3.579274,3.579129,3.9847,1.0577,0.127,0.4021,0.2581,5.16,0.0049,2.195,2.195,2.0161,2.0161,0.4825,1e-12,2.6998e-11,0.0,3.704,40.69696,-70.883
EN695,009,3,2023-01-13 04:25:00+00:00,33.3911,33.3901,25.7472,25.7476,279.81973,249.302,251.866,9.6852,9.6779,1487.58,1487.55,8299.0,13.184025,345.75,50.327,49.932,9.6907,9.6834,-0.0073,3.625515,3.624761,4.1911,0.8529,0.126,0.3958,0.8154,16.31,0.0049,2.2211,2.2211,2.0421,2.0422,0.4654,1e-12,2.6998e-11,0.0,3.704,40.69694,-70.88262
EN695,009,4,2023-01-13 04:25:07+00:00,33.3913,33.3884,25.7426,25.7449,279.64415,249.736,253.093,9.7136,9.6863,1487.69,1487.58,8465.0,13.184105,352.667,50.42,50.024,9.7192,9.6919,-0.0273,3.628118,3.625357,4.2141,0.8307,0.1413,0.4879,0.8074,16.15,0.0049,2.2283,2.2284,2.0481,2.0482,0.4811,1e-12,2.8651e-11,0.0,3.5906,40.69694,-70.88262
EN695,009,5,2023-01-13 04:27:00+00:00,33.2921,33.2915,25.6603,25.6601,279.65902,267.966,271.683,9.7443,9.7426,1487.52,1487.51,11164.0,13.185407,465.125,41.107,40.785,9.7489,9.7471,-0.0017,3.620711,3.62049,4.3235,0.7267,0.2601,1.2007,1.2843,25.69,0.0048,2.3628,2.363,2.1693,2.1694,0.4254,1e-12,2.6998e-11,0.0,3.704,40.69708,-70.88224
EN695,009,6,2023-01-13 04:27:07+00:00,33.292,33.2912,25.6599,25.6597,279.64906,268.702,271.999,9.7461,9.7436,1487.52,1487.51,11342.0,13.185492,472.542,40.714,40.396,9.7506,9.7481,-0.0024,3.620829,3.620529,4.3224,0.7277,0.2531,1.1589,1.3011,26.02,0.0048,2.3647,2.3648,2.1693,2.1694,0.4236,1e-12,2.9202e-11,0.0,3.5528,40.6971,-70.88222
EN695,009,7,2023-01-13 04:27:14+00:00,33.292,33.2897,25.6601,25.6587,279.65494,269.146,271.779,9.7451,9.7422,1487.51,1487.5,11518.0,13.185577,479.875,40.606,40.289,9.7496,9.7467,-0.0029,3.620743,3.620245,4.3261,0.7242,0.2605,1.203,1.3051,26.1,0.0048,2.3649,2.365,2.1694,2.1696,0.4219,1e-12,2.6998e-11,0.0,3.704,40.6971,-70.8822
EN695,009,8,2023-01-13 04:27:21+00:00,33.2916,33.2906,25.6596,25.6592,279.6524,268.729,272.334,9.7457,9.7439,1487.51,1487.5,11672.0,13.185652,486.292,40.43,40.113,9.7501,9.7483,-0.0018,3.620741,3.620482,4.3238,0.7264,0.2787,1.3124,1.3078,26.16,0.0047,2.3636,2.3637,2.1695,2.1697,0.414,1e-12,2.6998e-11,0.0,3.704,40.6971,-70.88217
EN695,009,9,2023-01-13 04:27:28+00:00,33.2916,33.2909,25.6602,25.6598,279.67447,268.388,272.118,9.7421,9.7411,1487.49,1487.49,11839.0,13.185732,493.25,39.981,39.668,9.7466,9.7456,-0.001,3.620397,3.620236,4.3247,0.7256,0.2751,1.2907,1.3434,26.87,0.0048,2.3633,2.3635,2.1699,2.1701,0.3875,1e-12,2.9202e-11,0.0,3.5528,40.6971,-70.88214
EN695,009,10,2023-01-13 04:29:38+00:00,33.2948,33.2937,25.6594,25.6587,279.54185,269.253,271.772,9.7649,9.7635,1487.24,1487.24,14961.0,13.187238,623.333,20.172,20.016,9.7671,9.7658,-0.0013,3.621704,3.621474,4.3253,0.725,0.2665,1.239,2.3501,47.0,0.004,2.371,2.3711,2.1733,2.1734,0.4222,1e-12,3.0304e-11,0.0,3.4772,40.69714,-70.8817
EN695,009,11,2023-01-13 04:29:44+00:00,33.2948,33.294,25.6587,25.6585,279.51819,268.905,271.652,9.7687,9.7662,1487.26,1487.25,15116.0,13.187312,629.792,20.066,19.91,9.771,9.7684,-0.0025,3.622043,3.621742,4.3312,0.7195,0.2599,1.1992,2.3548,47.1,0.0039,2.3711,2.3712,2.1734,2.1735,0.4129,1e-12,2.6998e-11,0.0,3.704,40.69714,-70.88167
EN695,009,12,2023-01-13 04:29:50+00:00,33.2949,33.294,25.6574,25.6568,279.46444,268.559,271.497,9.7774,9.7764,1487.29,1487.29,15262.0,13.187383,635.875,20.142,19.985,9.7796,9.7786,-0.001,3.622849,3.622663,4.3267,0.7237,0.2666,1.2396,2.3496,46.99,0.004,2.3695,2.3697,2.1733,2.1734,0.4357,1e-12,2.6998e-11,0.0,3.704,40.69714,-70.88164
EN695,009,13,2023-01-13 04:29:59+00:00,33.2952,33.294,25.6567,25.656,279.42901,268.937,271.415,9.7831,9.7817,1487.31,1487.31,15480.0,13.187488,644.958,20.246,20.088,9.7853,9.7839,-0.0014,3.623394,3.623153,4.3317,0.719,0.2624,1.2143,2.3584,47.17,0.0039,2.37,2.3702,2.1721,2.1723,0.402,1e-12,2.6998e-11,0.0,3.704,40.69712,-70.8816
EN695,009,14,2023-01-13 04:30:09+00:00,33.2953,33.2941,25.6575,25.6566,279.45551,268.506,271.539,9.7787,9.7778,1487.3,1487.29,15707.0,13.187597,654.417,20.346,20.188,9.781,9.78,-0.001,3.623017,3.622807,4.33,0.7206,0.2504,1.1426,2.3441,46.88,0.0039,2.3683,2.3685,2.1722,2.1723,0.416,1e-12,2.6998e-11,0.0,3.704,40.69712,-70.88156
EN695,009,15,2023-01-13 04:30:18+00:00,33.2949,33.2939,25.658,25.6572,279.48525,269.014,271.777,9.774,9.7734,1487.28,1487.27,15935.0,13.187707,663.917,20.186,20.029,9.7763,9.7756,-0.0006,3.622545,3.622384,4.3284,0.7221,0.2849,1.3492,2.362,47.24,0.0038,2.3695,2.3697,2.1728,2.1729,0.4104,1e-12,2.7549e-11,0.0,3.6662,40.69712,-70.88152
EN695,009,16,2023-01-13 04:31:27+00:00,33.295,33.294,25.6572,25.6566,279.45612,268.249,271.463,9.7806,9.7796,1487.03,1487.03,17584.0,13.188503,732.625,4.044,4.012,9.781,9.78,-0.001,3.622271,3.622083,4.3259,0.7244,0.2414,1.0883,2.9376,58.75,1.2638,2.3704,2.3706,2.1757,2.1759,0.4103,1.7208,49.303,0.0,3.5528,40.6971,-70.88123
EN695,009,17,2023-01-13 04:31:33+00:00,33.2949,33.2938,25.6571,25.6564,279.45327,268.607,271.381,9.7809,9.7797,1487.05,1487.05,17734.0,13.188575,738.875,5.22,5.179,9.7815,9.7803,-0.0012,3.622361,3.62214,4.3279,0.7225,0.2384,1.0707,3.1152,62.3,0.9998,2.3725,2.3727,2.1758,2.176,0.4197,0.88249,23.825,0.0,3.704,40.69712,-70.88122
EN695,009,18,2023-01-13 04:31:40+00:00,33.295,33.2937,25.6574,25.6565,279.46182,268.563,271.448,9.7795,9.7785,1487.04,1487.04,17881.0,13.188646,745.0,5.062,5.023,9.7801,9.779,-0.0011,3.622232,3.622014,4.3195,0.7305,0.2669,1.2411,2.7589,55.18,1.0423,2.372,2.3722,2.1758,2.176,0.4206,0.98046,27.541,0.0,3.6284,40.69712,-70.8812
EN695,009,19,2023-01-13 04:31:46+00:00,33.2951,33.2937,25.6577,25.6568,279.47232,268.777,271.573,9.7778,9.777,1487.04,1487.03,18028.0,13.188717,751.125,5.048,5.01,9.7783,9.7776,-0.0008,3.622084,3.621881,4.3268,0.7236,0.2612,1.2075,3.14,62.8,1.0647,2.3719,2.3721,2.1758,2.176,0.3979,1.0517,29.945,0.0,3.6284,40.69712,-70.88118
EN695,009,20,2023-01-13 04:31:52+00:00,33.2951,33.2939,25.6579,25.6572,279.47763,268.859,271.489,9.7769,9.7757,1487.03,1487.03,18179.0,13.18879,757.417,4.865,4.827,9.7775,9.7763,-0.0012,3.621999,3.621775,4.3289,0.7217,0.2649,1.2293,3.1277,62.55,1.1271,2.3731,2.3733,2.1762,2.1764,0.4236,1.2296,33.195,0.0,3.704,40.69712,-70.88114
EN695,009,21,2023-01-13 04:31:58+00:00,33.2952,33.2941,25.6581,25.6575,279.48434,269.049,271.048,9.7758,9.7745,1487.03,1487.03,18328.0,13.188861,763.625,5.299,5.258,9.7763,9.775,-0.0013,3.621924,3.6217,4.3295,0.7211,0.2437,1.1022,3.1351,62.7,1.0834,2.3741,2.3743,2.1748,2.175,0.4183,1.091,31.212,0.0,3.5906,40.69712,-70.88112
EN695,009,22,2023-01-13 04:32:05+00:00,33.295,33.2939,25.658,25.6573,279.48525,268.811,271.714,9.7757,9.7747,1487.03,1487.03,18485.0,13.188937,770.167,5.213,5.173,9.7762,9.7753,-0.001,3.621897,3.621698,4.3264,0.7239,0.2452,1.1112,3.1061,62.12,1.1245,2.3736,2.3738,2.1762,2.1764,0.4191,1.207,33.232,0.0,3.6662,40.69712,-70.8811
EN695,009,23,2023-01-13 04:32:11+00:00,33.295,33.2937,25.6577,25.6569,279.47263,268.551,271.588,9.7777,9.7761,1487.04,1487.03,18630.0,13.189007,776.208,4.988,4.95,9.7783,9.7767,-0.0016,3.622073,3.621795,4.3294,0.7211,0.2586,1.1918,2.7206,54.41,1.0888,2.3734,2.3736,2.1764,2.1766,0.4125,1.106,31.612,0.0,3.5906,40.69712,-70.88107
EN695,009,24,2023-01-13 04:32:17+00:00,33.2949,33.2937,25.6574,25.6566,279.46588,268.828,271.412,9.7788,9.7777,1487.04,1487.04,18781.0,13.18908,782.5,5.245,5.204,9.7794,9.7783,-0.0012,3.622176,3.62195,4.3278,0.7226,0.2686,1.2514,3.1152,62.3,1.0448,2.3732,2.3734,2.1756,2.1758,0.4351,0.99612,29.267,0.0,3.515,40.69712,-70.88104
EN695,010,1,2023-01-13 07:08:52+00:00,33.0055,33.0045,25.4815,25.4809,281.947,263.413,268.536,9.4667,9.4654,1486.32,1486.32,3875.0,13.297817,161.417,50.953,50.552,9.4722,9.4709,-0.0012,3.568284,3.56807,4.2462,0.7999,0.2025,0.8551,0.2177,4.35,0.0049,2.3067,2.3067,2.1325,2.1325,0.4501,1e-12,2.6998e-11,0.0,3.704,40.86254,-70.8824
EN695,010,2,2023-01-13 07:08:58+00:00,33.0043,33.0046,25.4806,25.481,281.94912,261.934,268.619,9.4667,9.4654,1486.32,1486.31,4025.0,13.29789,167.667,50.733,50.334,9.4722,9.4709,-0.0013,3.56816,3.568068,4.2359,0.8098,0.216,0.936,0.2203,4.41,0.0049,2.3096,2.3096,2.133,2.133,0.4039,1e-12,2.7549e-11,0.0,3.6662,40.86253,-70.88238
EN695,010,3,2023-01-13 07:11:41+00:00,33.0046,33.0035,25.4801,25.4795,281.92408,265.165,269.417,9.4724,9.471,1486.08,1486.07,7921.0,13.299769,330.0,35.133,34.858,9.4762,9.4748,-0.0013,3.567861,3.567635,4.2702,0.777,0.2216,0.9697,1.0216,20.43,0.0049,2.3159,2.316,2.14,2.1401,0.4507,1e-12,2.6998e-11,0.0,3.704,40.86236,-70.8817
EN695,010,4,2023-01-13 07:11:48+00:00,33.0046,33.0035,25.4802,25.4795,281.92432,264.62,269.067,9.4723,9.4714,1486.08,1486.07,8108.0,13.299859,337.792,35.244,34.968,9.4761,9.4752,-0.0009,3.567864,3.567677,4.2673,0.7797,0.2136,0.9216,1.0112,20.22,0.0049,2.3142,2.3143,2.1393,2.1394,0.4403,1e-12,2.81e-11,0.0,3.6284,40.86234,-70.88166
EN695,010,5,2023-01-13 07:11:55+00:00,33.0046,33.0035,25.4804,25.4797,281.93255,263.569,269.073,9.471,9.47,1486.07,1486.06,8272.0,13.299938,344.625,34.967,34.693,9.4748,9.4738,-0.001,3.567732,3.567537,4.2636,0.7832,0.2117,0.9103,1.0185,20.37,0.0048,2.3136,2.3136,2.1391,2.1392,0.4335,1e-12,2.6998e-11,0.0,3.704,40.86234,-70.88164
EN695,010,6,2023-01-13 07:12:01+00:00,33.0044,33.0033,25.4803,25.4797,281.9381,265.531,268.986,9.4702,9.4691,1486.07,1486.06,8422.0,13.30001,350.875,35.138,34.864,9.474,9.4729,-0.0011,3.567647,3.567447,4.2663,0.7808,0.2179,0.9473,1.0129,20.26,0.0049,2.3233,2.3234,2.1386,2.1387,0.4521,1e-12,2.6998e-11,0.0,3.704,40.86234,-70.88161
EN695,010,7,2023-01-13 07:12:09+00:00,33.0043,33.0032,25.4803,25.4797,281.94055,263.255,268.883,9.4698,9.4686,1486.07,1486.06,8616.0,13.300104,358.958,35.034,34.76,9.4736,9.4724,-0.0013,3.5676,3.567377,4.268,0.7791,0.2073,0.8839,1.0264,20.53,0.0049,2.3164,2.3165,2.1388,2.1389,0.4225,1e-12,2.6998e-11,0.0,3.704,40.86234,-70.88157
EN695,010,8,2023-01-13 07:12:17+00:00,33.0044,33.0034,25.4807,25.4801,281.94939,265.506,269.278,9.4683,9.4667,1486.07,1486.06,8801.0,13.300193,366.667,35.732,35.453,9.4722,9.4706,-0.0015,3.567512,3.567271,4.2636,0.7832,0.2055,0.8729,1.0063,20.13,0.0049,2.3252,2.3253,2.1382,2.1383,0.4367,1e-12,2.6998e-11,0.0,3.704,40.86234,-70.88156
EN695,010,9,2023-01-13 07:14:02+00:00,33.0047,33.0035,25.4802,25.4795,281.92235,266.228,269.416,9.4742,9.473,1485.84,1485.83,11306.0,13.301401,471.042,20.58,20.42,9.4764,9.4753,-0.0012,3.56726,3.567042,4.2764,0.7711,0.1969,0.8211,1.7872,35.74,0.0043,2.3356,2.3357,2.1441,2.1442,0.4375,1e-12,2.7549e-11,0.0,3.6662,40.86226,-70.88103
EN695,010,10,2023-01-13 07:14:08+00:00,33.0045,33.0033,25.4799,25.4792,281.91818,265.015,269.259,9.475,9.4738,1485.84,1485.83,11456.0,13.301473,477.292,20.477,20.317,9.4772,9.4761,-0.0011,3.567299,3.567091,4.2771,0.7705,0.195,0.8096,1.789,35.78,0.0045,2.3344,2.3345,2.144,2.1441,0.4382,1e-12,2.81e-11,0.0,3.6284,40.86226,-70.88098
EN695,010,11,2023-01-13 07:14:16+00:00,33.0043,33.0032,25.48,25.4793,281.92758,266.808,269.402,9.4735,9.4725,1485.83,1485.82,11661.0,13.301572,485.833,20.016,19.86,9.4757,9.4747,-0.001,3.567136,3.566931,4.2701,0.7771,0.2093,0.8957,1.803,36.06,0.0045,2.3288,2.3289,2.1441,2.1442,0.4219,1e-12,2.6998e-11,0.0,3.704,40.86228,-70.88096
EN695,010,12,2023-01-13 07:14:24+00:00,33.0044,33.0033,25.48,25.4793,281.9241,266.562,269.393,9.4741,9.4727,1485.83,1485.82,11856.0,13.301666,493.958,19.844,19.69,9.4762,9.4749,-0.0014,3.567185,3.566954,4.274,0.7733,0.2265,0.9989,1.8115,36.23,0.0044,2.3338,2.3339,2.1441,2.1442,0.4196,1e-12,2.6998e-11,0.0,3.704,40.86228,-70.88092
EN695,010,13,2023-01-13 07:14:31+00:00,33.0043,33.0034,25.4799,25.4794,281.92476,265.244,269.331,9.474,9.4729,1485.83,1485.82,12013.0,13.301742,500.5,19.948,19.793,9.4762,9.4751,-0.0011,3.567173,3.56698,4.2725,0.7748,0.2128,0.9165,1.8138,36.28,0.0044,2.3244,2.3246,2.1441,2.1442,0.4428,1e-12,2.6998e-11,0.0,3.704,40.86228,-70.88087
EN695,010,14,2023-01-13 07:14:38+00:00,33.0044,33.0032,25.4797,25.4791,281.914,266.486,269.276,9.4757,9.4736,1485.84,1485.83,12185.0,13.301825,507.667,20.145,19.988,9.4779,9.4758,-0.0021,3.567339,3.567038,4.2749,0.7726,0.2032,0.8592,1.8023,36.05,0.0042,2.3337,2.3338,2.144,2.1441,0.4417,1e-12,2.7549e-11,0.0,3.6662,40.86228,-70.88083
EN695,010,15,2023-01-13 07:15:59+00:00,33.0044,33.0034,25.4789,25.4783,281.88284,267.048,269.671,9.4823,9.4812,1485.61,1485.61,14117.0,13.302757,588.167,5.463,5.42,9.4829,9.4818,-0.0011,3.567149,3.566957,4.2764,0.7711,0.2214,0.9681,2.5374,50.75,1.0225,2.3438,2.3439,2.1488,2.1489,0.4295,0.93512,25.246,0.0,3.704,40.86234,-70.88053
EN695,010,16,2023-01-13 07:16:05+00:00,33.0045,33.0034,25.479,25.4783,281.88493,266.641,269.545,9.482,9.4811,1485.61,1485.6,14268.0,13.302829,594.458,5.102,5.062,9.4825,9.4816,-0.0009,3.567106,3.566925,4.2681,0.779,0.212,0.9117,2.5384,50.77,1.1788,2.3423,2.3424,2.1487,2.1488,0.4402,1.3851,37.394,0.0,3.704,40.86235,-70.88051
EN695,010,17,2023-01-13 07:16:12+00:00,33.0045,33.0034,25.4791,25.4785,281.88723,266.702,269.629,9.4815,9.4803,1485.61,1485.61,14435.0,13.30291,601.417,5.487,5.444,9.4821,9.4809,-0.0012,3.567097,3.566877,4.2734,0.774,0.2318,1.0309,2.5318,50.64,1.0743,2.3422,2.3423,2.1485,2.1486,0.442,1.0655,29.299,0.0,3.6662,40.86234,-70.88048
EN695,010,18,2023-01-13 07:16:18+00:00,33.0045,33.0034,25.4794,25.4786,281.89865,266.862,269.582,9.4797,9.4791,1485.61,1485.6,14580.0,13.30298,607.458,5.583,5.54,9.4803,9.4797,-0.0006,3.566934,3.566768,4.2761,0.7714,0.2315,1.0288,2.5167,50.33,1.1298,2.3412,2.3413,2.1489,2.149,0.4404,1.2287,36.226,0.0,3.515,40.86235,-70.88045
EN695,010,19,2023-01-13 07:16:25+00:00,33.0045,33.0034,25.4797,25.479,281.90963,266.807,269.682,9.4779,9.4772,1485.6,1485.6,14742.0,13.303058,614.208,5.821,5.775,9.4785,9.4778,-0.0007,3.566787,3.566616,4.2766,0.7709,0.237,1.0622,2.5269,50.54,1.0242,2.3429,2.343,2.1488,2.1489,0.4169,0.93847,25.841,0.0,3.6662,40.86235,-70.88042
EN695,010,20,2023-01-13 07:16:31+00:00,33.0043,33.0032,25.4794,25.4787,281.90299,266.916,269.676,9.4791,9.4778,1485.6,1485.6,14893.0,13.303131,620.5,5.608,5.565,9.4797,9.4784,-0.0012,3.566859,3.56664,4.2769,0.7706,0.2354,1.0523,2.5349,50.7,1.0048,2.3428,2.3429,2.149,2.1491,0.4288,0.90278,24.373,0.0,3.704,40.86238,-70.8804
EN695,010,21,2023-01-13 07:16:38+00:00,33.0045,33.0034,25.4792,25.4785,281.89145,266.648,269.675,9.4809,9.4798,1485.61,1485.61,15063.0,13.303213,627.583,5.704,5.66,9.4815,9.4804,-0.0011,3.56704,3.566834,4.2788,0.7688,0.2366,1.0595,2.5173,50.35,1.0623,2.3418,2.3419,2.1488,2.1489,0.4283,1.0369,27.995,0.0,3.704,40.86238,-70.88038
EN695,011,1,2023-01-13 10:18:19+00:00,32.6817,32.6812,25.4947,25.4939,294.01907,279.615,283.164,7.7087,7.7118,1479.19,1479.2,4590.0,13.429377,191.208,41.564,41.237,7.7126,7.7158,0.0031,3.381249,3.381474,4.182,0.8616,0.1989,0.8332,0.2841,5.68,0.0049,2.3351,2.3351,2.1435,2.1435,0.3933,1e-12,2.7549e-11,0.0,3.6662,41.02232,-70.88278
EN695,011,2,2023-01-13 10:18:25+00:00,32.6828,32.6808,25.4941,25.4933,293.94593,279.566,282.693,7.7192,7.7134,1479.23,1479.2,4744.0,13.429452,197.625,41.483,41.157,7.7231,7.7173,-0.0058,3.38227,3.381574,4.182,0.8616,0.2035,0.8613,0.2911,5.82,0.0049,2.3357,2.3357,2.1429,2.1429,0.3873,1e-12,2.6998e-11,0.0,3.704,41.0223,-70.88276
EN695,011,3,2023-01-13 10:18:37+00:00,32.685,32.6842,25.4935,25.4929,293.83322,279.114,282.291,7.7353,7.7352,1479.29,1479.29,5030.0,13.42959,209.542,41.492,41.166,7.7392,7.7391,-0.0001,3.383881,3.383799,4.189,0.8549,0.2115,0.909,0.2821,5.64,0.0049,2.3345,2.3345,2.1435,2.1435,0.387,1e-12,2.9202e-11,0.0,3.5528,41.02227,-70.88276
EN695,011,4,2023-01-13 10:19:07+00:00,32.683,32.6823,25.4939,25.4933,293.93194,279.919,282.927,7.7213,7.7214,1479.22,1479.22,5756.0,13.42994,239.792,40.67,40.35,7.7252,7.7253,0.0001,3.382428,3.382369,4.1728,0.8706,0.2142,0.9253,0.3126,6.25,0.0049,2.3362,2.3362,2.1432,2.1432,0.3383,1e-12,2.81e-11,0.0,3.6284,41.02218,-70.88272
EN695,011,5,2023-01-13 10:21:12+00:00,32.6902,32.6919,25.495,25.4934,293.69826,278.833,282.476,7.7558,7.776,1479.02,1479.1,8746.0,13.431382,364.375,19.985,19.83,7.7577,7.7779,0.0202,3.385043,3.386968,4.1905,0.8534,0.2172,0.9431,1.3873,27.75,0.0047,2.3424,2.3425,2.149,2.149,0.3664,1e-12,2.6998e-11,0.0,3.704,41.02188,-70.88262
EN695,011,6,2023-01-13 10:21:25+00:00,32.7165,32.7116,25.488,25.487,292.35323,277.979,280.745,7.9485,7.929,1479.78,1479.7,9070.0,13.431538,377.875,19.681,19.527,7.9504,7.9309,-0.0195,3.404387,3.402215,4.2041,0.8402,0.2168,0.9406,1.4079,28.16,0.0048,2.3418,2.3418,2.1501,2.1502,0.3896,1e-12,2.6998e-11,0.0,3.704,41.02184,-70.8826
EN695,011,7,2023-01-13 10:21:32+00:00,32.7131,32.7137,25.4893,25.4892,292.54497,278.107,280.945,7.9208,7.9251,1479.67,1479.69,9228.0,13.431614,384.458,19.744,19.59,7.9227,7.927,0.0043,3.40164,3.402073,4.2065,0.8379,0.2221,0.9724,1.3952,27.9,0.0048,2.3415,2.3416,2.1492,2.1493,0.3835,1e-12,2.81e-11,0.0,3.6284,41.0218,-70.88258
EN695,011,8,2023-01-13 10:21:37+00:00,32.7212,32.7199,25.4878,25.4871,292.1681,277.843,281.08,7.9748,7.9727,1479.9,1479.89,9356.0,13.431676,389.792,20.428,20.268,7.9767,7.9746,-0.0021,3.407166,3.406859,4.2081,0.8364,0.2042,0.8654,1.3692,27.39,0.0047,2.3433,2.3434,2.1502,2.1503,0.3942,1e-12,3.0304e-11,0.0,3.4772,41.02178,-70.88256
EN695,011,9,2023-01-13 10:24:30+00:00,32.716,32.7146,25.4889,25.4881,292.4128,278.665,281.023,7.9412,7.9388,1479.5,1479.49,13498.0,13.433673,562.375,5.008,4.969,7.9416,7.9393,-0.0023,3.402928,3.402591,4.2018,0.8425,0.2142,0.9255,2.1662,43.32,1.2024,2.3476,2.3477,2.1533,2.1534,0.4055,1.4729,39.766,0.0,3.704,41.02142,-70.8823
EN695,011,10,2023-01-13 10:24:37+00:00,32.7156,32.7143,25.4888,25.4881,292.42555,278.319,281.194,7.9394,7.9368,1479.5,1479.49,13662.0,13.433752,569.208,4.997,4.958,7.9399,7.9372,-0.0026,3.402735,3.402381,4.2001,0.8442,0.225,0.9899,2.1725,43.45,1.2252,2.3466,2.3467,2.1527,2.1528,0.4007,1.5493,46.485,0.0,3.515,41.02142,-70.8823
EN695,011,11,2023-01-13 10:24:43+00:00,32.7163,32.7148,25.489,25.4882,292.40558,278.499,281.13,7.9421,7.9393,1479.51,1479.5,13811.0,13.433824,575.417,4.995,4.956,7.9426,7.9397,-0.0029,3.403046,3.402649,4.2018,0.8425,0.2286,1.0115,2.1884,43.77,1.2237,2.3478,2.3479,2.1535,2.1536,0.4049,1.5572,44.795,0.0,3.5528,41.02142,-70.8823
EN695,011,12,2023-01-13 10:24:50+00:00,32.7165,32.7152,25.4887,25.4883,292.38796,278.561,281.117,7.9448,7.9407,1479.52,1479.5,13976.0,13.433904,582.292,4.803,4.766,7.9452,7.9411,-0.0041,3.40328,3.402797,4.2019,0.8424,0.2481,1.1287,2.1771,43.54,1.2577,2.347,2.3471,2.153,2.1531,0.3946,1.6767,45.267,0.0,3.704,41.0214,-70.88232
EN695,011,13,2023-01-13 10:24:57+00:00,32.7167,32.7153,25.4889,25.4883,292.38878,278.221,281.207,7.9446,7.9414,1479.51,1479.5,14140.0,13.433983,589.125,4.533,4.498,7.945,7.9418,-0.0032,3.403268,3.40286,4.2041,0.8402,0.2322,1.0336,2.1952,43.9,1.2871,2.3476,2.3477,2.153,2.1531,0.411,1.8227,49.208,0.0,3.704,41.0214,-70.88234
EN695,014,1,2023-01-14 09:39:41+00:00,33.0505,33.0481,25.5732,25.5717,284.08057,273.253,276.114,9.1176,9.1156,1484.33,1484.32,7800.0,14.402557,324.958,5.149,5.109,9.1181,9.1162,-0.002,3.538948,3.538546,4.2775,0.7701,0.2895,1.3773,3.0645,61.29,0.9472,2.3696,2.3697,2.1746,2.1747,0.4305,0.76802,26.444,0.0,3.1749,40.69984,-70.88652
EN695,015,1,2023-01-14 17:39:38+00:00,32.4495,32.4474,25.5041,25.5023,304.52819,292.241,295.59,6.2712,6.2716,1472.86,1472.86,4309.0,14.735851,179.5,15.571,15.449,6.2725,6.2729,0.0004,3.234042,3.233885,2.9877,2.2295,0.2785,1.3109,0.3265,6.53,0.6314,2.3537,2.3537,2.1608,2.1608,0.3849,0.31908,0.081485,0.0,391.53,41.19968,-70.88651
EN695,015,2,2023-01-14 17:39:45+00:00,32.4498,32.4475,25.5048,25.503,304.55808,292.327,296.108,6.2669,6.2669,1472.85,1472.85,4482.0,14.735934,186.708,15.907,15.783,6.2682,6.2683,0.0,3.233718,3.23351,3.0195,2.1864,0.2722,1.2732,0.2743,5.49,0.5773,2.3518,2.3519,2.1605,2.1605,0.3905,0.27015,0.069132,0.0,390.78,41.1997,-70.88654
EN695,015,3,2023-01-14 17:41:16+00:00,32.4493,32.4471,25.5029,25.5013,304.47383,292.627,295.809,6.2791,6.2785,1472.84,1472.84,6650.0,14.73698,277.042,12.481,12.383,6.2801,6.2795,-0.0006,3.234542,3.234297,3.0272,2.1759,0.2794,1.3166,0.4307,8.61,1.1263,2.3546,2.3546,2.1612,2.1612,0.3725,1.2065,0.34085,0.0,354.0,41.19994,-70.88688
EN695,015,4,2023-01-14 17:41:22+00:00,32.4494,32.4472,25.5031,25.5014,304.47914,292.345,296.004,6.2784,6.278,1472.83,1472.82,6815.0,14.737059,283.917,11.741,11.649,6.2794,6.279,-0.0004,3.234451,3.234222,2.9734,2.249,0.2779,1.3072,0.4422,8.84,1.2913,2.354,2.354,2.1622,2.1622,0.4038,1.8145,0.5137,0.0,353.16,41.19995,-70.8869
EN695,015,5,2023-01-14 17:41:34+00:00,32.4492,32.4471,25.5029,25.5013,304.47858,292.759,295.648,6.2784,6.2782,1472.84,1472.84,7082.0,14.737188,295.042,12.493,12.396,6.2795,6.2792,-0.0003,3.234481,3.234269,3.0096,2.1998,0.2701,1.2604,0.4004,8.01,1.0914,2.3549,2.3549,2.1615,2.1615,0.3921,1.1137,0.32773,0.0,339.68,41.19998,-70.88694
EN695,015,6,2023-01-14 17:41:40+00:00,32.4491,32.447,25.5028,25.5012,304.47404,292.042,295.639,6.2792,6.2783,1472.83,1472.83,7247.0,14.737268,301.917,11.965,11.871,6.2801,6.2793,-0.0009,3.234508,3.234245,3.0233,2.1811,0.2729,1.2773,0.424,8.48,1.2389,2.3526,2.3527,2.1614,2.1614,0.3725,1.6009,0.47837,0.0,334.68,41.2,-70.88697
EN695,015,7,2023-01-14 17:42:09+00:00,32.4487,32.4469,25.5019,25.5009,304.44077,291.803,295.687,6.2839,6.2804,1472.85,1472.83,7932.0,14.737598,330.458,11.587,11.497,6.2849,6.2813,-0.0036,3.234866,3.234394,2.9137,2.3318,0.2752,1.291,0.5183,10.36,1.2451,2.3513,2.3514,2.1613,2.1613,0.3989,1.6502,0.50132,0.0,329.02,41.2001,-70.88709
EN695,015,8,2023-01-14 17:44:52+00:00,32.4479,32.4458,25.501,25.4994,304.43034,291.757,295.797,6.2863,6.286,1472.72,1472.72,11841.0,14.739483,493.333,3.705,3.676,6.2866,6.2863,-0.0003,3.234597,3.234378,2.9319,2.3064,0.2938,1.4029,0.891,17.82,3.0838,2.3496,2.3496,2.1641,2.1642,0.3843,120.87,36.836,0.0,328.26,41.20048,-70.88752
EN695,015,9,2023-01-14 17:44:59+00:00,32.4478,32.4459,25.5011,25.4996,304.44147,291.719,295.674,6.2848,6.2844,1472.72,1472.72,12013.0,14.739566,500.5,4.081,4.049,6.2851,6.2847,-0.0004,3.234468,3.234264,2.9313,2.3073,0.287,1.3621,0.9553,19.11,2.9775,2.3533,2.3533,2.1639,2.1639,0.3601,95.467,28.722,0.0,332.11,41.20048,-70.88752
EN695,015,10,2023-01-14 17:45:22+00:00,32.4478,32.4459,25.5013,25.4999,304.4491,291.208,295.727,6.2837,6.2831,1472.71,1472.71,12572.0,14.739836,523.792,3.622,3.594,6.284,6.2834,-0.0006,3.23436,3.234138,2.8454,2.4286,0.2822,1.3335,0.8928,17.86,3.0722,2.354,2.354,2.1637,2.1637,0.3531,117.4,35.777,0.0,328.23,41.20054,-70.88758
EN695,015,11,2023-01-14 17:45:29+00:00,32.4478,32.4459,25.5013,25.4999,304.45408,291.643,296.06,6.283,6.2826,1472.71,1472.71,12729.0,14.739911,530.333,3.949,3.918,6.2833,6.2829,-0.0004,3.234312,3.234104,2.8852,2.372,0.2865,1.3592,0.874,17.48,3.0329,2.3516,2.3517,2.1646,2.1647,0.3898,105.33,31.674,0.0,332.57,41.20054,-70.88758
EN695,015,12,2023-01-14 17:45:36+00:00,32.4477,32.4456,25.5013,25.4996,304.45685,291.329,295.757,6.2826,6.2835,1472.72,1472.72,12898.0,14.739993,537.375,4.466,4.431,6.283,6.2839,0.0009,3.234298,3.23419,2.953,2.2771,0.3089,1.4933,0.8806,17.61,2.9056,2.3532,2.3532,2.1644,2.1645,0.3774,78.8,23.822,0.0,330.68,41.20054,-70.8876
EN695,015,13,2023-01-14 17:45:45+00:00,32.4473,32.4457,25.5007,25.4995,304.44287,292.016,295.848,6.2847,6.2848,1472.72,1472.72,13128.0,14.740104,546.958,4.238,4.205,6.2851,6.2851,0.0,3.23443,3.234288,2.9689,2.2551,0.2896,1.3774,0.8924,17.85,2.9209,2.354,2.354,2.1638,2.1638,0.3385,81.811,24.7,0.0,331.02,41.20056,-70.88762
EN695,015,14,2023-01-14 17:45:54+00:00,32.4477,32.4459,25.5013,25.4999,304.45498,292.176,296.122,6.2829,6.2824,1472.71,1472.71,13332.0,14.740202,555.458,3.926,3.895,6.2832,6.2827,-0.0005,3.234298,3.23409,2.9351,2.3019,0.3007,1.4443,0.9024,18.05,3.0349,2.3522,2.3523,2.164,2.164,0.3865,106.59,31.798,0.0,335.21,41.20056,-70.88763
EN695,015,15,2023-01-14 17:46:03+00:00,32.4477,32.4456,25.5013,25.4997,304.45684,291.78,296.346,6.2827,6.2825,1472.71,1472.71,13551.0,14.740308,564.583,4.005,3.974,6.283,6.2828,-0.0002,3.234274,3.234074,2.932,2.3062,0.302,1.4521,0.8643,17.29,3.0056,2.3543,2.3543,2.1645,2.1645,0.3738,102.18,30.587,0.0,333.66,41.20058,-70.88764
EN695,016,1,2023-01-14 20:42:12+00:00,32.4662,32.4643,25.5815,25.5801,308.31451,302.671,307.435,5.7439,5.7437,1470.77,1470.77,3866.0,14.862628,161.042,15.292,15.173,5.7451,5.7449,-0.0002,3.190349,3.190166,0.968,6.9078,0.695,3.8101,0.2579,5.16,0.0049,2.3977,2.3978,2.203,2.203,0.3763,1e-12,6.3313e-13,0.0,157.95,41.31252,-70.58004
EN695,016,2,2023-01-14 20:42:19+00:00,32.4656,32.4639,25.5809,25.5796,308.30914,304.294,307.186,5.7449,5.7444,1470.77,1470.76,4045.0,14.862714,168.5,14.664,14.55,5.746,5.7456,-0.0005,3.190346,3.19016,1.0012,6.7649,0.6553,3.5718,0.2973,5.95,0.0049,2.4011,2.4011,2.2031,2.2031,0.3829,1e-12,6.252e-13,0.0,159.95,41.31254,-70.58007
EN695,016,3,2023-01-14 20:42:26+00:00,32.4654,32.4638,25.5808,25.5795,308.31039,303.312,307.674,5.7447,5.7445,1470.77,1470.77,4207.0,14.862792,175.25,14.868,14.752,5.7459,5.7456,-0.0003,3.190334,3.190161,0.8626,7.3991,0.734,4.0437,0.2851,5.7,0.0049,2.3927,2.3927,2.2031,2.2031,0.3694,1e-12,6.3848e-13,0.0,156.63,41.31256,-70.5801
EN695,016,4,2023-01-14 20:44:04+00:00,32.4715,32.4697,25.5866,25.5853,308.35773,303.43,308.541,5.7374,5.737,1470.55,1470.55,6568.0,14.863931,273.625,2.979,2.956,5.7376,5.7372,-0.0004,3.18964,3.189452,1.6923,4.5643,0.5737,3.0822,0.8974,17.95,2.8829,2.4024,2.4025,2.2087,2.2087,0.376,74.561,50.529,0.0,147.56,41.31262,-70.58052
EN695,016,5,2023-01-14 20:44:11+00:00,32.4716,32.4698,25.5867,25.5853,308.35681,303.98,308.067,5.7374,5.737,1470.56,1470.56,6729.0,14.864008,280.333,3.557,3.53,5.7377,5.7373,-0.0004,3.189683,3.189486,1.7528,4.4196,0.5754,3.0926,0.8569,17.14,2.5656,2.4052,2.4053,2.2086,2.2086,0.3894,36.172,25.279,0.0,143.06,41.31264,-70.58056
EN695,016,6,2023-01-14 20:44:17+00:00,32.472,32.4701,25.587,25.5856,308.36047,304.169,308.248,5.7368,5.7365,1470.55,1470.55,6887.0,14.864085,286.917,3.111,3.087,5.7371,5.7368,-0.0003,3.189644,3.189457,1.7189,4.4997,0.6065,3.2791,0.8928,17.86,2.8573,2.4047,2.4047,2.2088,2.2088,0.3723,71.212,49.421,0.0,144.01,41.31266,-70.5806
EN695,016,7,2023-01-14 20:44:24+00:00,32.472,32.4701,25.5868,25.5854,308.3454,303.987,308.258,5.7389,5.7384,1470.56,1470.55,7054.0,14.864165,293.875,3.111,3.087,5.7391,5.7386,-0.0005,3.189821,3.189613,1.7181,4.5017,0.572,3.0722,0.865,17.3,2.8724,2.4037,2.4037,2.2088,2.2088,0.3887,73.283,51.373,0.0,142.65,41.31267,-70.58062
