cruise,cast,niskin,date,sal00,sal11,density00,density11,sbox0mm_kg,oxsolmm_kg,potemp090c,potemp190c,svcm,svcm1,prdm,depsm,scan,times,t090c,t190c,c0ms_cm,c1ms_cm,sbeox0v,fleco_afl,cstarat0,cstartr0,par,v7,dz_dtm,altm,latitude,longitude
HRS2601,1,1,2026-04-23 14:25:51+00:00,32.9907,32.9907,1026.1354,1026.1353,281.78,301.98651,6.3918,6.3926,1474.56,1474.56,47.686,47.312,16367.0,681.917,6.3958,6.3967,32.948278,32.949058,2.4362,1.7265,1.6151,66.8942,3.9474,0.4619,-0.403,10.12,40.69768,-70.88566
HRS2601,1,2,2026-04-23 14:26:02+00:00,32.9909,32.9908,1026.1392,1026.1391,282.202,301.99736,6.3901,6.3907,1474.56,1474.57,48.442,48.062,16624.0,692.625,6.3942,6.3948,32.947374,32.947876,2.4389,1.711,1.7216,65.0435,3.5468,0.4512,0.593,9.96,40.69768,-70.88566
HRS2601,1,3,2026-04-23 14:28:29+00:00,32.9907,32.991,1026.1191,1026.1193,283.647,301.96911,6.3945,6.3944,1474.51,1474.51,44.223,43.876,20150.0,839.542,6.3983,6.3981,32.948928,32.949036,2.4502,1.5986,2.0608,59.7658,7.2671,0.4563,-0.315,14.32,40.69774,-70.88581
HRS2601,1,4,2026-04-23 14:28:43+00:00,32.9908,32.9911,1026.12,1026.1201,280.66,301.99114,6.3914,6.3924,1474.5,1474.5,44.324,43.976,20481.0,853.333,6.3951,6.3961,32.94627,32.947371,2.4293,1.9629,2.754,50.2387,8.202,0.4664,-0.137,15.11,40.69776,-70.88582
HRS2601,1,5,2026-04-23 14:29:03+00:00,32.9909,32.9911,1026.1205,1026.1206,277.67,301.98952,6.3915,6.3927,1474.5,1474.51,44.417,44.069,20970.0,873.708,6.3953,6.3964,32.946577,32.947774,2.4086,1.8988,2.8795,48.705,11.046,0.4609,0.039,16.22,40.69776,-70.88582
HRS2601,1,6,2026-04-23 14:31:19+00:00,32.9688,32.9681,1026.0148,1026.0157,303.912,298.4799,6.9067,6.8958,1476.42,1476.38,39.96,39.647,24233.0,1009.667,6.9103,6.8993,33.374447,33.364199,2.6182,1.5571,1.0534,77.0148,11.645,0.3594,-0.123,18.5,40.69786,-70.886
HRS2601,1,7,2026-04-23 14:31:37+00:00,32.9661,32.9694,1026.0039,1026.0113,307.488,298.07796,6.9664,6.9307,1476.65,1476.51,39.784,39.473,24662.0,1027.542,6.97,6.9342,33.424219,33.395841,2.6465,1.3024,1.0068,77.7589,11.752,0.3319,0.161,19.28,40.69786,-70.88602
HRS2601,1,8,2026-04-23 14:35:19+00:00,32.9454,32.9457,1025.8294,1025.8295,322.528,294.84374,7.4538,7.4547,1478.18,1478.18,19.885,19.731,29993.0,1249.667,7.4557,7.4566,33.822583,33.823662,2.7848,0.5934,7.9529,13.8824,92.097,0.2905,-0.317,44.6,40.69808,-70.88602
HRS2601,1,9,2026-04-23 14:35:27+00:00,32.9456,32.9457,1025.832,1025.8319,322.486,294.84382,7.4537,7.4548,1478.18,1478.19,20.414,20.255,30191.0,1257.917,7.4556,7.4567,33.822922,33.823987,2.7843,0.6118,11.8206,5.2873,92.273,0.295,0.245,44.62,40.69808,-70.886
HRS2601,1,10,2026-04-23 14:40:52+00:00,32.9436,32.9434,1025.7261,1025.7258,322.65,293.87779,7.601,7.6018,1478.44,1478.44,2.15,2.134,37992.0,1582.958,7.6012,7.6021,33.941147,33.94169,2.799,0.184,7.4456,16.2232,1698.3,0.2896,-0.395,29.82,40.69842,-70.88586
HRS2601,1,11,2026-04-23 14:41:01+00:00,32.9437,32.9436,1025.7253,1025.7246,331.281,293.93154,7.5929,7.5976,1478.4,1478.42,1.709,1.696,38189.0,1591.167,7.5931,7.5977,33.933878,33.937931,2.8605,0.1818,6.3301,20.6047,2145.4,0.2906,-0.254,28.7,40.69842,-70.88586
HRS2601,1,12,2026-04-23 14:41:11+00:00,32.944,32.944,1025.7275,1025.7277,320.535,293.91657,7.595,7.5933,1478.42,1478.41,2.195,2.178,38444.0,1601.792,7.5952,7.5935,33.936271,33.934818,2.7835,-0.077,5.9104,23.4516,1950.6,0.3002,-0.456,37.61,40.69842,-70.88586
HRS2601,1,13,2026-04-23 14:41:19+00:00,32.9435,32.9428,1025.7237,1025.7233,321.791,293.87669,7.6012,7.6007,1478.43,1478.43,1.649,1.636,38633.0,1609.667,7.6014,7.6009,33.940966,33.93993,2.793,0.19,6.3316,20.8281,2095.0,0.2785,-0.529,20.37,40.69842,-70.88586
HRS2601,1,14,2026-04-23 14:41:26+00:00,32.943,32.9437,1025.7283,1025.7279,321.165,294.01394,7.5807,7.5868,1478.36,1478.39,2.099,2.083,38805.0,1616.833,7.5809,7.587,33.922701,33.92866,2.7872,0.2528,8.21,12.9441,1458.4,0.2945,-0.048,25.3,40.69844,-70.88588
HRS2601,1,15,2026-04-23 14:41:33+00:00,32.9428,32.9438,1025.7275,1025.7282,320.843,293.93998,7.5919,7.5925,1478.41,1478.41,2.313,2.294,38971.0,1623.75,7.5921,7.5927,33.932423,33.933906,2.7855,0.131,13.8349,3.3156,1542.7,0.2885,0.076,29.83,40.69844,-70.88588
HRS2601,1,16,2026-04-23 14:41:39+00:00,32.9433,32.9435,1025.7258,1025.7256,326.199,293.85351,7.6047,7.6074,1478.46,1478.47,2.256,2.239,39120.0,1629.958,7.6049,7.6076,33.944208,33.946742,2.8246,0.1584,16.2733,1.7853,1171.3,0.3014,-0.086,41.51,40.69846,-70.88588
HRS2601,1,17,2026-04-23 14:41:46+00:00,32.944,32.9449,1025.7276,1025.7293,323.655,293.88683,7.5995,7.5927,1478.44,1478.41,2.351,2.333,39285.0,1636.833,7.5997,7.5929,33.940279,33.935175,2.8061,0.1743,0.2548,93.8329,996.45,0.3008,-0.027,39.14,40.69846,-70.88588
HRS2601,1,18,2026-04-23 14:41:53+00:00,32.9444,32.9443,1025.7283,1025.7285,317.476,293.94949,7.5899,7.5884,1478.4,1478.39,2.15,2.133,39439.0,1643.25,7.5901,7.5886,33.932165,33.930736,2.7613,0.1665,8.56,12.5854,1096.6,0.2931,-0.288,51.63,40.69848,-70.88588
HRS2601,1,19,2026-04-23 14:41:59+00:00,32.9441,32.9443,1025.7258,1025.7262,321.978,293.88842,7.5992,7.5978,1478.43,1478.43,1.95,1.935,39587.0,1649.417,7.5994,7.598,33.939951,33.938863,2.7941,0.1386,7.033,17.996,1225.2,0.2931,-0.437,41.27,40.69848,-70.8859
HRS2601,1,20,2026-04-23 14:42:05+00:00,32.9441,32.9442,1025.7252,1025.7254,321.258,293.82603,7.6086,7.608,1478.47,1478.47,2.102,2.085,39733.0,1655.5,7.6088,7.6082,33.948296,33.947888,2.7895,0.1704,6.8737,18.1151,1180.4,0.298,-0.295,39.92,40.69848,-70.8859
HRS2601,1,21,2026-04-23 14:42:11+00:00,32.9441,32.944,1025.7239,1025.7241,322.338,293.7976,7.6129,7.6111,1478.48,1478.48,1.942,1.927,39877.0,1661.5,7.6131,7.6112,33.952011,33.950275,2.7975,0.1767,7.4435,17.1185,1274.4,0.2594,-0.503,38.92,40.69848,-70.88589
HRS2601,1,22,2026-04-23 14:42:17+00:00,32.9441,32.9442,1025.7256,1025.7261,321.502,293.83893,7.6067,7.6038,1478.46,1478.45,2.135,2.118,40021.0,1667.5,7.6069,7.604,33.946597,33.944172,2.7911,0.1701,6.6213,19.1959,1224.3,0.2915,-0.344,41.31,40.69848,-70.8859
HRS2601,1,23,2026-04-23 14:42:23+00:00,32.9429,32.9441,1025.7262,1025.7271,322.559,293.9052,7.5971,7.5972,1478.43,1478.43,2.168,2.152,40166.0,1673.542,7.5973,7.5974,33.937036,33.938307,2.7981,0.149,8.5651,11.8098,1094.3,0.2693,-0.184,29.65,40.6985,-70.8859
HRS2601,1,24,2026-04-23 14:42:31+00:00,32.944,32.9451,1025.7295,1025.7299,323.452,294.00465,7.5818,7.5843,1478.37,1478.38,2.221,2.204,40347.0,1681.083,7.582,7.5845,33.92462,33.927881,2.8036,0.1652,12.6022,4.8258,1006.0,0.3037,-0.011,47.28,40.6985,-70.8859
HRS2601,2,1,2026-04-23 19:21:24+00:00,32.9734,32.9735,1026.2279,1026.2279,277.632,303.75074,6.1447,6.1457,1473.83,1473.83,63.915,63.412,16528.0,688.625,6.15,6.151,32.725901,32.72678,2.3915,0.228,3.1486,45.5363,2.9542,0.4594,-0.073,12.0,40.517,-70.88004
HRS2601,2,2,2026-04-23 19:21:32+00:00,32.9733,32.9736,1026.2306,1026.2307,275.843,303.75159,6.1446,6.1455,1473.84,1473.84,64.511,64.004,16707.0,696.083,6.1499,6.1509,32.726021,32.72704,2.379,0.2284,3.2218,44.9634,2.7644,0.4314,0.462,11.72,40.517,-70.88004
HRS2601,2,3,2026-04-23 19:23:55+00:00,32.971,32.9708,1026.1676,1026.1663,279.092,303.48239,6.1845,6.194,1473.79,1473.83,52.328,51.918,20157.0,839.833,6.1889,6.1983,32.752392,32.760473,2.4062,0.1662,5.3448,26.5437,9.2023,0.4626,-0.32,23.34,40.51688,-70.8796
HRS2601,2,4,2026-04-23 19:24:00+00:00,32.9686,32.9711,1026.1713,1026.1721,278.953,303.61127,6.1669,6.1762,1473.73,1473.77,53.047,52.632,20272.0,844.625,6.1713,6.1807,32.735342,32.745661,2.4042,0.2383,5.6388,24.8413,8.6764,0.4592,0.108,22.8,40.51687,-70.87956
HRS2601,2,5,2026-04-23 19:26:04+00:00,32.9276,32.9276,1025.9952,1025.9964,313.119,298.2939,6.9468,6.9386,1476.59,1476.56,43.939,43.595,23244.0,968.458,6.9507,6.9425,33.373933,33.366751,2.6832,0.216,1.9107,62.1846,18.417,0.3233,0.209,32.35,40.5166,-70.87938
HRS2601,2,6,2026-04-23 19:26:11+00:00,32.9282,32.9265,1025.9958,1025.9934,313.223,298.32823,6.9416,6.9491,1476.57,1476.6,43.8,43.457,23422.0,975.875,6.9455,6.953,33.369855,33.374906,2.6837,0.2009,1.2924,72.7921,18.833,0.3207,-0.214,31.9,40.5166,-70.87938
HRS2601,2,7,2026-04-23 19:29:01+00:00,32.8862,32.8863,1025.7344,1025.7344,307.021,292.56417,7.8163,7.8173,1479.5,1479.5,20.546,20.386,27502.0,1145.875,7.8183,7.8193,34.086834,34.087878,2.6924,0.6158,0.59,86.3487,163.15,0.3017,0.357,49.6,40.51638,-70.87896
HRS2601,2,8,2026-04-23 19:29:09+00:00,32.8857,32.8862,1025.7294,1025.7296,339.497,292.54786,7.819,7.8199,1479.5,1479.5,19.611,19.459,27695.0,1153.917,7.8209,7.8218,34.088306,34.089491,2.9262,0.6312,4.561,55.6842,169.24,0.2793,-0.535,54.57,40.51636,-70.87896
HRS2601,2,9,2026-04-23 19:31:53+00:00,32.8795,32.8795,1025.5956,1025.5954,300.801,290.22372,8.178,8.1798,1480.57,1480.57,2.826,2.804,31615.0,1317.25,8.1783,8.18,34.390263,34.391858,2.6712,0.2054,4.7758,43.3087,1427.1,0.3023,-0.181,43.86,40.51608,-70.87864
HRS2601,2,10,2026-04-23 19:32:02+00:00,32.8796,32.88,1025.596,1025.596,304.338,290.23777,8.1758,8.1776,1480.56,1480.57,2.828,2.806,31827.0,1326.083,8.1761,8.1779,34.388469,34.390381,2.6968,0.1807,4.9444,56.8969,1437.6,0.3142,0.033,11.18,40.51608,-70.8786
HRS2601,2,11,2026-04-23 19:32:10+00:00,32.8806,32.8809,1025.6031,1025.6032,323.0,290.34877,8.1583,8.1595,1480.51,1480.51,3.656,3.627,32040.0,1334.958,8.1587,8.1599,34.374344,34.375704,2.8312,0.2095,13.3363,3.9641,1252.6,0.2913,0.476,47.86,40.51606,-70.87858
HRS2601,2,12,2026-04-23 19:32:18+00:00,32.8807,32.8807,1025.6068,1025.6056,305.362,290.50266,8.1346,8.1427,1480.42,1480.45,3.68,3.652,32223.0,1342.583,8.135,8.1431,34.353514,34.360693,2.7018,0.241,14.3342,6.3427,1080.8,0.307,0.144,81.31,40.51604,-70.87856
HRS2601,3,1,2026-04-24 05:28:00+00:00,35.0091,35.0101,1029.4522,1029.4523,182.133,294.25112,6.8365,6.8412,1485.43,1485.45,439.872,436.04,51085.0,2128.5,6.8781,6.8827,35.379411,35.384614,1.7171,0.0447,1.5518,67.9032,0.0068341,1.1153,0.319,17.85,39.9382,-70.87932
HRS2601,3,2,2026-04-24 05:49:48+00:00,35.2914,35.2928,1027.1318,1027.1327,211.653,259.03065,12.6727,12.6735,1501.16,1501.16,100.743,99.947,82479.0,3436.583,12.6864,12.6871,41.009233,41.011354,2.1953,0.0733,2.8606,51.3338,0.0068341,0.5715,0.089,98.54,39.9362,-70.87802
HRS2601,3,3,2026-04-24 05:55:13+00:00,34.2216,34.2214,1026.3509,1026.3505,263.714,270.7606,10.9184,10.9194,1492.78,1492.78,37.182,36.894,90271.0,3761.25,10.9229,10.9239,38.205327,38.206137,2.5371,0.4774,8.2798,12.8786,0.0068341,0.2927,-0.06,98.53,39.93586,-70.87733
HRS2601,3,4,2026-04-24 05:55:22+00:00,34.2223,34.2222,1026.3536,1026.3536,264.458,270.76077,10.9181,10.9179,1492.78,1492.78,37.662,37.371,90486.0,3770.208,10.9226,10.9224,38.206004,38.205694,2.5428,0.4782,6.7571,20.5034,0.0068341,0.3105,0.271,98.53,39.93585,-70.87732
HRS2601,3,5,2026-04-24 05:57:31+00:00,33.6744,33.6736,1026.1317,1026.1323,272.872,280.50149,9.4576,9.4498,1486.72,1486.69,27.6,27.387,93592.0,3899.625,9.4606,9.4528,36.311546,36.303658,2.534,0.801,1.9645,67.2519,0.0068341,0.346,0.312,98.53,39.93572,-70.87712
HRS2601,3,6,2026-04-24 05:59:41+00:00,33.5724,33.5704,1025.9556,1025.9544,280.231,278.39846,9.8386,9.8366,1487.85,1487.84,20.203,20.047,96717.0,4029.833,9.8408,9.8388,36.555562,36.551842,2.6081,1.3836,3.723,43.634,0.0068341,0.2641,-0.184,98.53,39.93558,-70.87688
HRS2601,3,7,2026-04-24 05:59:50+00:00,33.5939,33.5961,1025.9625,1025.9623,285.989,277.88111,9.9173,9.9291,1488.17,1488.22,20.948,20.786,96919.0,4038.25,9.9197,9.9314,36.648867,36.661823,2.6557,1.1693,2.0374,61.9164,0.0068341,0.2906,0.529,98.53,39.93556,-70.87686
HRS2601,3,8,2026-04-24 05:59:58+00:00,33.6019,33.6024,1025.9635,1025.9629,286.315,277.71279,9.9427,9.9491,1488.27,1488.3,20.738,20.578,97112.0,4046.292,9.9451,9.9515,36.679805,36.686188,2.6596,1.3852,7.3443,23.1192,0.0068341,0.2744,0.198,98.53,39.93556,-70.87684
HRS2601,3,9,2026-04-24 06:00:06+00:00,33.6001,33.6001,1025.9634,1025.9645,286.339,277.70664,9.9443,9.9375,1488.28,1488.26,21.058,20.896,97315.0,4054.75,9.9467,9.9398,36.679701,36.673439,2.6597,1.2236,8.5422,30.5594,0.0068341,0.2836,0.419,98.53,39.93556,-70.87682
HRS2601,3,10,2026-04-24 06:00:15+00:00,33.576,33.5733,1025.9559,1025.9551,282.961,278.27681,9.8576,9.8499,1487.93,1487.9,20.359,20.203,97531.0,4063.75,9.8598,9.8521,36.576459,36.566823,2.6297,1.3457,4.9131,37.6098,0.0068341,0.2875,-0.296,98.53,39.93554,-70.8768
HRS2601,3,11,2026-04-24 06:03:25+00:00,33.2243,33.2245,1025.677,1025.677,291.779,281.91032,9.3795,9.3805,1485.45,1485.45,2.095,2.079,102088.0,4253.625,9.3797,9.3807,35.790773,35.791927,2.6719,1.1201,6.5862,36.6381,1.4958,0.2746,-0.163,78.37,39.93538,-70.87642
HRS2601,3,12,2026-04-24 06:03:35+00:00,33.2239,33.2245,1025.6773,1025.6778,292.396,281.95414,9.3725,9.3719,1485.42,1485.42,1.976,1.961,102313.0,4263.0,9.3727,9.3721,35.784064,35.784104,2.6762,1.1328,5.9815,26.6069,1.5648,0.2545,-0.049,98.53,39.93536,-70.8764
HRS2601,3,13,2026-04-24 06:03:44+00:00,33.2233,33.2237,1025.6773,1025.6775,293.317,281.97579,9.3692,9.3703,1485.41,1485.41,1.984,1.969,102543.0,4272.583,9.3694,9.3706,35.780489,35.781972,2.6829,1.0579,3.5825,40.8856,1.4906,0.2748,-0.195,98.53,39.93536,-70.8764
HRS2601,3,14,2026-04-24 06:03:53+00:00,33.223,33.223,1025.6747,1025.6748,292.089,281.87869,9.385,9.3843,1485.47,1485.46,2.012,1.997,102766.0,4281.875,9.3852,9.3845,35.794504,35.793776,2.6745,1.0795,8.6856,19.2384,1.6455,0.2859,-0.039,65.83,39.93536,-70.87638
HRS2601,4,1,2026-04-24 10:27:17+00:00,33.1266,33.1258,1026.0725,1026.0694,290.954,298.10028,6.9129,6.9306,1476.4,1476.47,25.619,25.422,104757.0,4364.833,6.9152,6.9329,33.516435,33.53123,2.5337,0.713,4.8675,30.1491,0.23564,0.472,-0.039,98.53,39.78144,-70.79755
HRS2601,4,2,2026-04-24 10:27:26+00:00,33.1288,33.1292,1026.0784,1026.0785,291.564,298.1923,6.8987,6.9004,1476.36,1476.37,26.121,25.92,104972.0,4373.792,6.901,6.9027,33.506191,33.507993,2.5372,0.7066,5.839,23.7543,0.21788,0.4564,0.221,97.29,39.78146,-70.79761
HRS2601,4,3,2026-04-24 10:30:41+00:00,32.976,32.9766,1025.6409,1025.6412,300.876,288.76433,8.3724,8.3737,1481.41,1481.42,2.487,2.468,109641.0,4568.333,8.3726,8.374,34.653276,34.655077,2.6835,1.2124,2.13,60.9231,12.775,0.3137,0.033,97.19,39.7819,-70.79852
HRS2601,4,4,2026-04-24 10:30:49+00:00,32.9753,32.9755,1025.6409,1025.641,308.258,288.78548,8.3693,8.3696,1481.4,1481.4,2.506,2.487,109834.0,4576.375,8.3696,8.3698,34.649914,34.650302,2.7373,1.2222,1.964,64.1075,13.226,0.2898,-0.052,98.53,39.7819,-70.79856
HRS2601,7,1,2026-04-24 20:52:43+00:00,35.3255,35.3273,1027.7054,1027.7065,175.408,262.51689,11.9997,12.0012,1500.5,1500.51,193.956,192.378,30975.0,1290.583,12.0251,12.0266,40.443704,40.446912,1.8668,0.0743,8.5733,11.7265,0.0068341,0.787,-0.229,8.07,40.0504,-70.88475
HRS2601,7,2,2026-04-24 20:52:52+00:00,35.3254,35.3272,1027.7036,1027.7049,174.089,262.506,12.0018,12.0023,1500.51,1500.51,193.674,192.099,31179.0,1299.083,12.0272,12.0277,40.445411,40.447785,1.8565,0.0768,8.5854,11.6912,0.0068341,0.7555,0.018,8.68,40.05042,-70.88478
HRS2601,7,3,2026-04-24 21:03:53+00:00,35.2853,35.2872,1027.102,1027.1031,207.231,258.34371,12.8046,12.8058,1501.6,1501.6,101.065,100.266,47064.0,1960.958,12.8184,12.8195,41.131649,41.134693,2.1641,0.0831,8.5854,11.6912,0.0068341,0.5743,0.046,85.68,40.0512,-70.88714
HRS2601,7,4,2026-04-24 21:10:31+00:00,33.9877,33.9867,1026.3645,1026.3645,266.859,276.80349,9.9638,9.9591,1489.2,1489.19,43.636,43.297,56608.0,2358.625,9.9687,9.9641,37.089992,37.084728,2.5127,0.6228,8.1187,17.6398,3.7922,0.3677,0.015,68.72,40.0518,-70.8887
HRS2601,7,5,2026-04-24 21:13:14+00:00,33.3944,33.3985,1026.015,1026.02,289.674,284.45501,8.911,8.8999,1484.42,1484.38,30.869,30.63,60517.0,2521.5,8.9143,8.9031,35.548082,35.541975,2.6276,1.1161,11.0939,10.1384,11.277,0.3053,0.367,93.34,40.05202,-70.88948
HRS2601,7,6,2026-04-24 21:13:23+00:00,33.393,33.3923,1025.9981,1025.9979,283.67,283.92377,8.9964,8.9937,1484.72,1484.71,30.33,30.096,60738.0,2530.708,8.9996,8.9969,35.623481,35.620326,2.5875,1.0616,3.7456,43.3107,11.739,0.3075,-0.305,75.88,40.05204,-70.8895
HRS2601,7,7,2026-04-24 21:15:52+00:00,33.1727,33.1739,1025.7833,1025.7838,294.416,285.14545,8.8753,8.8776,1483.78,1483.79,16.811,16.681,64317.0,2679.833,8.8771,8.8793,35.296266,35.299402,2.6611,1.3348,4.1237,48.0895,33.418,0.2962,-0.196,63.57,40.05243,-70.88966
HRS2601,7,8,2026-04-24 21:16:01+00:00,33.1735,33.1745,1025.7843,1025.7848,294.929,285.13118,8.8773,8.8785,1483.79,1483.79,16.951,16.82,64513.0,2688.0,8.879,8.8802,35.298907,35.300911,2.665,1.3481,5.39,47.9647,33.042,0.2768,0.029,69.7,40.05244,-70.8897
HRS2601,7,9,2026-04-24 21:18:38+00:00,33.0592,33.0601,1025.5899,1025.5903,295.582,283.91038,9.1112,9.1133,1484.26,1484.27,1.946,1.931,68291.0,2845.417,9.1115,9.1135,35.390506,35.393193,2.6841,0.8005,4.0808,46.5325,150.75,0.2606,-0.026,77.25,40.05252,-70.89061
HRS2601,7,10,2026-04-24 21:18:47+00:00,33.0591,33.0598,1025.5897,1025.5904,298.781,283.88069,9.116,9.1155,1484.28,1484.28,2.084,2.068,68515.0,2854.75,9.1163,9.1157,35.394738,35.394942,2.7081,0.7874,7.8554,19.5603,155.37,0.2461,0.19,31.05,40.05252,-70.89067
HRS2601,7,11,2026-04-24 21:18:56+00:00,33.0583,33.0597,1025.5897,1025.5904,294.995,283.89162,9.1145,9.1164,1484.27,1484.28,2.147,2.131,68726.0,2863.542,9.1147,9.1167,35.392698,35.395706,2.6798,0.7937,4.794,35.4712,153.27,0.2715,0.138,26.02,40.05252,-70.89072
HRS2601,8,1,2026-04-25 04:25:13+00:00,33.5559,33.5571,1026.5901,1026.5894,233.177,291.82021,7.7056,7.7162,1481.06,1481.11,89.303,88.597,12155.0,506.417,7.7142,7.7248,34.64862,34.659139,2.1668,0.1078,1.3814,71.224,0.0068341,0.5362,0.151,6.61,40.35069,-70.88498
HRS2601,8,2,2026-04-25 04:25:24+00:00,33.5299,33.5365,1026.5746,1026.579,233.109,292.18886,7.6581,7.6635,1480.84,1480.87,88.863,88.16,12427.0,517.75,7.6666,7.672,34.581692,34.592608,2.1641,0.1283,4.22,42.008,0.0068215,0.5469,-0.411,6.62,40.35072,-70.88502
HRS2601,8,3,2026-04-25 04:27:29+00:00,33.2341,33.2392,1026.365,1026.3693,262.378,296.79526,7.0657,7.0634,1477.97,1477.97,75.527,74.932,15424.0,642.625,7.0726,7.0702,33.775243,33.777879,2.3432,0.2894,8.5435,21.5774,0.0068341,0.483,-0.169,19.88,40.35101,-70.88562
HRS2601,8,4,2026-04-25 04:30:52+00:00,32.8017,32.8001,1025.9281,1025.9287,283.476,299.81661,6.7651,6.7512,1475.75,1475.7,45.618,45.262,20293.0,845.5,6.7691,6.7552,33.101361,33.087861,2.4764,0.2911,1.5662,68.0878,0.0068341,0.378,-0.131,49.86,40.35151,-70.8866
HRS2601,8,5,2026-04-25 04:31:06+00:00,32.8026,32.805,1025.9292,1025.931,282.942,299.84075,6.7613,6.7614,1475.74,1475.74,45.574,45.218,20626.0,859.375,6.7653,6.7653,33.098921,33.101157,2.4726,0.3144,3.0877,46.5592,0.0068341,0.3718,-0.11,50.05,40.35154,-70.88666
HRS2601,8,6,2026-04-25 04:32:56+00:00,32.687,32.6848,1025.689,1025.6867,288.56,296.22157,7.3309,7.3353,1477.55,1477.56,29.858,29.626,23273.0,969.667,7.3336,7.338,33.481284,33.483083,2.542,0.5294,6.6001,24.5993,0.0068341,0.3267,0.077,54.07,40.35182,-70.88721
HRS2601,8,7,2026-04-25 04:34:18+00:00,32.687,32.6897,1025.5996,1025.6014,288.547,294.07522,7.6525,7.6549,1478.62,1478.63,20.166,20.009,25231.0,1051.25,7.6544,7.6568,33.757176,33.761775,2.5604,0.7366,4.1743,43.83,0.0068341,0.3192,0.011,21.34,40.35204,-70.88756
HRS2601,8,8,2026-04-25 04:34:27+00:00,32.6928,32.693,1025.5989,1025.5994,288.349,293.76763,7.6969,7.6947,1478.8,1478.79,20.386,20.228,25456.0,1060.625,7.6989,7.6966,33.801573,33.799778,2.5612,0.6768,5.9927,22.806,0.0068341,0.3196,0.173,56.49,40.35208,-70.8876
HRS2601,8,9,2026-04-25 04:36:43+00:00,32.7054,32.7068,1025.5093,1025.51,288.125,292.98621,7.8126,7.8159,1478.96,1478.97,2.246,2.228,28705.0,1196.0,7.8129,7.8161,33.905226,33.909366,2.5703,0.7345,4.4471,37.0799,1.6635,0.3151,0.099,22.76,40.35244,-70.88822
HRS2601,8,10,2026-04-25 04:36:51+00:00,32.705,32.7059,1025.5067,1025.5073,288.225,292.96476,7.8161,7.8172,1478.96,1478.97,1.85,1.835,28920.0,1204.958,7.8162,7.8174,33.907657,33.909544,2.5713,0.6844,1.7038,66.0716,1.7664,0.3075,-0.196,11.81,40.35246,-70.88826
HRS2601,8,11,2026-04-25 04:37:01+00:00,32.7044,32.7059,1025.5071,1025.5081,288.202,292.96547,7.8161,7.8179,1478.96,1478.97,2.041,2.026,29139.0,1214.083,7.8163,7.8181,33.907223,33.910263,2.571,0.7028,3.5593,49.3649,1.8483,0.3079,0.021,5.62,40.35248,-70.8883
HRS2601,9,1,2026-04-25 08:47:25+00:00,35.0339,35.0359,1027.2375,1027.2389,180.782,264.13527,11.8114,11.8122,1498.45,1498.45,131.409,130.358,17355.0,723.083,11.8283,11.8291,39.9275,39.930232,1.9317,0.0629,5.8149,23.7567,0.0068341,0.6763,-0.039,6.22,40.15804,-70.88272
HRS2601,9,2,2026-04-25 08:51:06+00:00,34.752,34.7536,1026.999,1027.0003,200.932,268.27313,11.1688,11.1689,1495.35,1495.36,99.918,99.127,22664.0,944.292,11.1811,11.1813,39.009199,39.010967,2.0698,0.0764,4.4287,42.8353,0.0068341,0.5558,-0.304,37.08,40.15802,-70.88332
HRS2601,9,3,2026-04-25 08:54:28+00:00,34.2086,34.2101,1026.6825,1026.6834,215.037,278.02765,9.684,9.6858,1488.83,1488.84,65.448,64.935,27520.0,1146.625,9.6913,9.6932,37.058944,37.062116,2.1241,0.1127,3.4669,46.2642,0.0068341,0.5017,-0.171,71.26,40.15796,-70.88394
HRS2601,9,4,2026-04-25 08:58:27+00:00,33.6607,33.6613,1026.3901,1026.3899,238.482,289.50291,8.0315,8.0363,1481.57,1481.59,37.906,37.612,33249.0,1385.333,8.0353,8.04,35.011737,35.016602,2.23,0.1749,1.6928,66.8545,0.0068341,0.4905,0.16,63.86,40.15796,-70.88468
HRS2601,9,5,2026-04-25 09:01:45+00:00,33.6004,33.6014,1026.1455,1026.1462,254.265,283.3136,9.0263,9.0268,1485.05,1485.05,28.091,27.873,38007.0,1583.583,9.0293,9.0297,35.848254,35.849677,2.3886,0.5672,2.4838,55.4355,0.0068341,0.3844,-0.013,88.38,40.15782,-70.88536
HRS2601,9,6,2026-04-25 09:05:32+00:00,33.476,33.4773,1025.8685,1025.8684,265.805,279.03292,9.7661,9.7728,1487.38,1487.41,14.912,14.797,43461.0,1810.833,9.7677,9.7745,36.392435,36.399829,2.5091,1.2906,3.3613,52.4194,0.0068341,0.2758,-0.171,78.27,40.15767,-70.88604
HRS2601,9,7,2026-04-25 09:05:44+00:00,33.4768,33.4778,1025.8693,1025.8698,265.592,278.97759,9.7749,9.7764,1487.42,1487.43,15.293,15.175,43741.0,1822.5,9.7766,9.7781,36.401417,36.403764,2.5078,1.2391,5.1182,34.8806,0.0068341,0.2702,-0.433,74.62,40.15764,-70.88608
HRS2601,9,8,2026-04-25 09:05:58+00:00,33.4732,33.4751,1025.8709,1025.8723,265.762,279.12202,9.7522,9.7527,1487.34,1487.34,15.424,15.305,44069.0,1836.167,9.7539,9.7545,36.377352,36.379669,2.508,1.3831,1.0435,79.0328,0.0068341,0.2757,-0.126,85.39,40.15763,-70.88612
HRS2601,9,9,2026-04-25 09:08:25+00:00,33.4293,33.4296,1025.7745,1025.7747,267.051,279.15924,9.7621,9.7629,1487.09,1487.1,2.063,2.047,47598.0,1983.208,9.7623,9.7631,36.336199,36.337247,2.5208,1.3732,9.6763,19.5842,1.8913,0.2672,-0.013,62.98,40.1574,-70.88667
HRS2601,9,10,2026-04-25 09:08:33+00:00,33.4302,33.4306,1025.7751,1025.7744,266.272,279.10996,9.7699,9.7764,1487.13,1487.15,2.319,2.301,47791.0,1991.25,9.7702,9.7767,36.344324,36.350642,2.5152,1.3267,2.6783,62.4936,1.7668,0.2705,0.141,66.97,40.15739,-70.88671
HRS2601,9,11,2026-04-25 09:08:42+00:00,33.4297,33.4306,1025.7749,1025.7751,267.378,279.21047,9.7536,9.7562,1487.06,1487.07,1.755,1.742,48015.0,2000.583,9.7537,9.7564,36.328674,36.331964,2.5229,1.3188,2.2982,61.0015,1.7664,0.274,-0.136,33.28,40.15738,-70.88676
HRS2601,10,1,2026-04-25 11:49:33+00:00,34.2449,34.2482,1026.9301,1026.9336,207.291,277.60783,9.7359,9.7304,1489.92,1489.9,116.021,115.097,13337.0,555.667,9.749,9.7434,37.17021,37.168256,2.0588,0.0964,3.2176,53.6034,0.0066065,0.5615,-0.047,5.39,40.25914,-70.88304
HRS2601,10,2,2026-04-25 11:54:45+00:00,33.0552,33.0558,1026.1888,1026.1891,263.82,302.547,6.2913,6.2928,1474.2,1474.21,45.436,45.082,20813.0,867.167,6.2951,6.2966,32.917495,32.919307,2.3225,0.2607,9.8662,30.294,5.3781,0.5056,0.036,75.8,40.2591,-70.8842
HRS2601,10,3,2026-04-25 11:57:13+00:00,32.9085,32.9101,1026.0182,1026.0186,279.702,302.29048,6.3755,6.3823,1474.19,1474.22,35.846,35.568,24380.0,1015.792,6.3786,6.3853,32.854002,32.861355,2.4354,0.3966,7.4996,49.2052,13.928,0.4081,0.126,90.96,40.2591,-70.88468
HRS2601,10,4,2026-04-25 11:57:22+00:00,32.9136,32.915,1026.025,1026.0261,280.588,302.37311,6.3621,6.3614,1474.15,1474.15,36.073,35.792,24588.0,1024.458,6.3651,6.3645,32.847048,32.847721,2.4409,0.3871,3.6549,53.228,13.75,0.3935,0.16,81.06,40.2591,-70.8847
HRS2601,10,5,2026-04-25 12:00:16+00:00,32.6726,32.6733,1025.7226,1025.7229,295.529,299.41148,6.8671,6.8694,1475.66,1475.67,25.953,25.752,28764.0,1198.458,6.8693,6.8717,33.062305,33.065031,2.568,0.697,1.0901,76.5781,41.65,0.3385,-0.05,81.31,40.2591,-70.8853
HRS2601,10,6,2026-04-25 12:00:23+00:00,32.6739,32.6741,1025.7261,1025.7257,294.849,299.49156,6.855,6.8597,1475.62,1475.64,26.136,25.934,28936.0,1205.625,6.8573,6.862,33.053075,33.057437,2.5626,0.6745,4.1419,44.1222,41.327,0.3264,0.033,77.25,40.2591,-70.88534
HRS2601,10,7,2026-04-25 12:00:30+00:00,32.6717,32.6735,1025.7226,1025.7235,295.016,299.39906,6.8691,6.8728,1475.67,1475.69,26.157,25.954,29097.0,1212.333,6.8714,6.8751,33.063382,33.068226,2.5645,0.685,5.911,40.3997,40.983,0.324,0.097,72.18,40.25908,-70.88536
HRS2601,10,8,2026-04-25 12:00:38+00:00,32.6704,32.6708,1025.7163,1025.7158,294.819,299.15764,6.9047,6.9107,1475.81,1475.83,26.04,25.838,29303.0,1220.917,6.907,6.913,33.093095,33.09866,2.5649,0.7291,1.2224,75.6011,42.694,0.3352,-0.009,88.64,40.25908,-70.88539
HRS2601,10,9,2026-04-25 12:04:35+00:00,32.6624,32.6638,1025.4802,1025.4813,291.356,293.43929,7.7581,7.7577,1478.68,1478.68,1.556,1.544,34987.0,1457.75,7.7583,7.7578,33.816952,33.817893,2.5901,0.2839,4.0215,47.5932,1604.9,0.2837,-0.166,34.58,40.25892,-70.8864
HRS2601,10,10,2026-04-25 12:04:44+00:00,32.6625,32.6639,1025.4789,1025.4799,290.659,293.44243,7.7576,7.7583,1478.68,1478.68,1.246,1.237,35202.0,1466.708,7.7577,7.7584,33.816484,33.818371,2.5852,0.7589,4.5233,44.4278,3253.4,0.3004,-0.232,71.1,40.25892,-70.88644
HRS2601,10,11,2026-04-25 12:04:53+00:00,32.6629,32.6641,1025.4806,1025.4815,291.374,293.44281,7.7574,7.7581,1478.68,1478.68,1.549,1.537,35406.0,1475.208,7.7576,7.7582,33.816815,33.818556,2.5902,0.4062,7.2043,30.611,2495.1,0.2948,0.108,4.63,40.25892,-70.88648
HRS2601,11,1,2026-04-26 02:24:39+00:00,32.8658,32.8669,1026.109,1026.1097,262.885,307.21231,5.6952,5.6962,1471.57,1471.58,44.509,44.16,11256.0,468.958,5.6987,5.6997,32.230565,32.232372,2.2868,0.2198,24.4423,0.222,0.0068341,0.3311,-0.084,7.87,40.8669,-70.89352
HRS2601,11,2,2026-04-26 02:24:49+00:00,32.8659,32.8669,1026.1089,1026.1095,263.569,307.21428,5.6949,5.6957,1471.57,1471.57,44.46,44.111,11490.0,478.708,5.6984,5.6992,32.230361,32.231947,2.2914,0.2659,24.4587,0.221,0.0068341,0.3324,-0.048,7.66,40.8669,-70.89354
HRS2601,11,3,2026-04-26 02:26:40+00:00,32.8665,32.8675,1026.0673,1026.068,263.628,307.17419,5.701,5.7018,1471.45,1471.45,35.513,35.235,14153.0,589.667,5.7038,5.7046,32.231597,32.233218,2.2941,0.2837,24.4505,0.2215,0.0068341,0.3287,0.152,17.55,40.86688,-70.89388
HRS2601,11,4,2026-04-26 02:26:50+00:00,32.8662,32.8671,1026.0652,1026.066,263.209,307.18562,5.6995,5.6996,1471.43,1471.43,35.077,34.803,14396.0,599.792,5.7023,5.7023,32.229873,32.230749,2.2913,0.2271,24.4587,0.221,0.0068341,0.3214,-0.351,17.66,40.86688,-70.8939
HRS2601,11,5,2026-04-26 02:29:12+00:00,32.8816,32.8831,1025.8305,1025.8316,307.701,296.94193,7.1623,7.1633,1477.01,1477.02,22.28,22.107,17797.0,741.5,7.1643,7.1654,33.509276,33.511551,2.6724,3.8986,24.0557,0.2444,0.0068341,0.3122,-0.177,29.86,40.86688,-70.89434
HRS2601,11,6,2026-04-26 02:29:21+00:00,32.8814,32.8832,1025.8322,1025.8334,307.943,296.97064,7.1581,7.1592,1477.0,1477.0,22.555,22.379,18008.0,750.292,7.1602,7.1613,33.505531,33.508126,2.6738,4.033,24.0557,0.2444,0.0068341,0.3127,0.162,25.13,40.86688,-70.89436
HRS2601,11,7,2026-04-26 02:29:30+00:00,32.8821,32.8833,1025.8354,1025.8361,308.296,297.01613,7.1511,7.1526,1476.98,1476.99,22.93,22.751,18235.0,759.75,7.1532,7.1546,33.500293,33.502611,2.6758,3.8962,24.0557,0.2444,0.0068341,0.2779,0.31,23.92,40.86688,-70.8944
HRS2601,11,8,2026-04-26 02:32:51+00:00,32.9124,32.9136,1025.6612,1025.6621,329.187,292.24763,7.8578,7.8584,1479.37,1479.37,1.332,1.322,23042.0,960.042,7.8579,7.8585,34.137786,34.139423,2.8691,3.533,23.697,0.2674,2.2067,0.312,-0.226,21.19,40.86692,-70.89498
HRS2601,11,9,2026-04-26 02:33:00+00:00,32.9123,32.9135,1025.662,1025.6627,329.534,292.25862,7.8561,7.8574,1479.36,1479.37,1.45,1.439,23260.0,969.125,7.8562,7.8576,34.136352,34.138672,2.8715,3.455,23.7119,0.2665,2.2017,0.3033,0.093,36.84,40.86692,-70.89501
HRS2601,11,10,2026-04-26 02:33:08+00:00,32.9121,32.9132,1025.6647,1025.6655,329.093,292.30377,7.8493,7.8502,1479.35,1479.35,1.881,1.866,23472.0,977.958,7.8494,7.8504,34.130317,34.132161,2.8678,3.4247,23.7119,0.2665,1.9532,0.2974,0.095,33.33,40.86692,-70.89504
HRS2601,11,11,2026-04-26 02:33:17+00:00,32.9116,32.913,1025.6617,1025.6628,329.339,292.31937,7.8471,7.8474,1479.33,1479.33,1.238,1.229,23670.0,986.208,7.8472,7.8475,34.12765,34.129231,2.8696,3.2931,23.6895,0.2679,2.6777,0.3017,-0.36,40.39,40.86692,-70.89506
HRS2601,12,1,2026-04-26 07:31:59+00:00,32.6851,32.6856,1025.6571,1025.6573,292.465,295.95831,7.3711,7.3731,1477.61,1477.62,24.445,24.256,19772.0,823.792,7.3734,7.3753,33.511799,33.513994,2.5728,0.7036,23.6827,0.2684,0.0068341,0.2812,0.136,54.31,40.36464,-70.78171
HRS2601,12,2,2026-04-26 07:35:13+00:00,32.638,32.6402,1025.5199,1025.522,290.129,293.45018,7.7631,7.7608,1478.89,1478.88,14.583,14.47,24409.0,1017.0,7.7645,7.7622,33.805328,33.805382,2.5778,0.4928,24.0557,0.2444,0.0068341,0.3151,0.112,42.62,40.36516,-70.78268
HRS2601,12,3,2026-04-26 07:35:30+00:00,32.6289,32.6313,1025.5101,1025.5121,290.684,293.37835,7.7769,7.7761,1478.93,1478.93,14.437,14.326,24839.0,1034.917,7.7783,7.7775,33.808849,33.810381,2.5824,0.5043,24.0557,0.2444,0.0068341,0.296,-0.069,7.18,40.36522,-70.78275
HRS2601,12,4,2026-04-26 07:38:11+00:00,32.5989,32.5998,1025.4246,1025.4251,288.306,293.23837,7.809,7.8103,1478.8,1478.81,1.894,1.88,28683.0,1195.083,7.8092,7.8105,33.802319,33.804321,2.5699,0.4943,24.0557,0.2444,1.9759,0.2889,-0.053,26.83,40.36562,-70.78342
HRS2601,12,5,2026-04-26 07:38:23+00:00,32.5989,32.5998,1025.4247,1025.4251,288.013,293.21376,7.8127,7.815,1478.82,1478.83,2.02,2.004,28986.0,1207.708,7.8129,7.8152,33.805659,33.808501,2.568,0.4862,24.0557,0.2444,1.8182,0.2941,0.026,51.04,40.36563,-70.7835
HRS2601,13,1,2026-04-26 09:14:48+00:00,32.7605,32.7625,1025.5828,1025.584,287.153,291.60252,8.004,8.0064,1479.96,1479.98,14.889,14.774,22838.0,951.542,8.0054,8.0078,34.131382,34.135322,2.5704,0.8541,23.0153,0.3171,0.0068341,0.3192,0.068,54.39,40.3644,-70.9919
HRS2601,13,2,2026-04-26 09:14:59+00:00,32.7596,32.7603,1025.5869,1025.5867,286.519,291.82197,7.9708,7.9763,1479.84,1479.86,14.901,14.786,23093.0,962.167,7.9722,7.9777,34.101336,34.106829,2.5642,0.8652,23.0446,0.3147,0.0068341,0.3105,0.069,51.39,40.36444,-70.99194
HRS2601,13,3,2026-04-26 09:17:01+00:00,32.706,32.7075,1025.4782,1025.4793,285.876,291.41268,8.0519,8.0529,1479.88,1479.88,2.895,2.872,26026.0,1084.375,8.0522,8.0532,34.115981,34.118299,2.5659,0.7806,23.0446,0.3147,0.0068341,0.2793,0.028,72.98,40.36462,-70.9923
HRS2601,13,4,2026-04-26 09:17:10+00:00,32.7062,32.7078,1025.4777,1025.4787,285.474,291.40893,8.0524,8.0536,1479.88,1479.88,2.737,2.716,26234.0,1093.042,8.0527,8.0539,34.116598,34.119143,2.5631,0.7963,23.0446,0.3147,0.0068341,0.2948,-0.028,1.19,40.36464,-70.99232
HRS2601,15,1,2026-04-26 21:01:54+00:00,32.8695,32.8706,1025.8462,1025.847,249.889,295.26311,7.4142,7.415,1478.19,1478.19,35.396,35.118,10730.0,447.042,7.4175,7.4183,33.725635,33.727395,2.2755,0.3181,24.4587,0.221,3.0544,0.2934,0.054,5.02,41.04382,-70.88336
HRS2601,15,2,2026-04-26 21:02:59+00:00,32.8691,32.8707,1025.8441,1025.8456,250.451,295.2583,7.4151,7.4141,1478.18,1478.18,35.037,34.762,12312.0,512.958,7.4183,7.4174,33.725856,33.726512,2.2795,0.3083,24.477,0.22,3.1156,0.2965,-0.096,5.33,41.04382,-70.88372
HRS2601,15,3,2026-04-26 21:05:17+00:00,32.8848,32.885,1025.7856,1025.7856,268.964,294.09873,7.5846,7.5862,1478.68,1478.69,24.763,24.569,15618.0,650.708,7.5869,7.5885,33.883924,33.885419,2.4203,0.6433,24.4587,0.221,9.4244,0.3096,0.267,14.64,41.04384,-70.88454
HRS2601,15,4,2026-04-26 21:05:26+00:00,32.8821,32.8818,1025.7862,1025.7842,261.281,294.34506,7.5486,7.5609,1478.53,1478.58,24.233,24.044,15817.0,659.0,7.5508,7.5632,33.849426,33.860023,2.3644,0.4638,24.4587,0.221,10.136,0.2857,-0.299,15.67,41.04384,-70.8846
HRS2601,15,5,2026-04-26 21:07:29+00:00,32.8928,32.8944,1025.7113,1025.7124,284.589,292.5371,7.8189,7.8197,1479.42,1479.42,14.431,14.319,18778.0,782.375,7.8202,7.8211,34.092106,34.094246,2.5451,1.4111,24.4587,0.221,39.651,0.2865,-0.001,24.51,41.04388,-70.88532
HRS2601,15,6,2026-04-26 21:07:37+00:00,32.8931,32.8945,1025.7133,1025.7144,284.618,292.51485,7.8221,7.8218,1479.44,1479.44,14.923,14.807,18961.0,790.0,7.8235,7.8232,34.095481,34.096463,2.5453,1.7516,24.4587,0.221,36.284,0.2858,0.329,23.11,41.04388,-70.88538
HRS2601,15,7,2026-04-26 21:07:44+00:00,32.8932,32.8945,1025.713,1025.7139,285.348,292.49931,7.8244,7.8256,1479.45,1479.45,14.918,14.802,19144.0,797.625,7.8259,7.8271,34.097584,34.099908,2.5506,1.3924,24.4587,0.221,35.375,0.3019,0.095,22.27,41.04388,-70.88544
HRS2601,15,8,2026-04-26 21:09:38+00:00,32.8934,32.8948,1025.6543,1025.6552,286.093,292.34605,7.8488,7.8504,1479.34,1479.34,2.795,2.774,21867.0,911.083,7.8491,7.8507,34.112975,34.115642,2.5603,1.5339,24.4587,0.221,350.29,0.2954,0.151,22.8,41.04394,-70.88616
HRS2601,15,9,2026-04-26 21:09:46+00:00,32.8932,32.8946,1025.6519,1025.6529,286.109,292.31593,7.8535,7.8537,1479.35,1479.35,2.44,2.421,22061.0,919.167,7.8537,7.8539,34.116694,34.118217,2.5607,1.4836,24.4587,0.221,372.01,0.2564,-0.273,6.31,41.04394,-70.8862
HRS2601,15,10,2026-04-26 21:09:54+00:00,32.8928,32.8947,1025.6498,1025.651,286.415,292.25417,7.863,7.8646,1479.38,1479.39,2.349,2.331,22262.0,927.542,7.8632,7.8649,34.124677,34.127866,2.5634,1.2804,24.4587,0.221,405.95,0.282,-0.007,7.06,41.04394,-70.88625
HRS2601,15,11,2026-04-26 21:10:03+00:00,32.8932,32.8949,1025.6511,1025.6523,286.164,292.27082,7.8603,7.8613,1479.38,1479.38,2.508,2.488,22473.0,936.333,7.8606,7.8616,34.122733,34.125193,2.5614,1.1188,24.4587,0.221,374.43,0.2926,0.116,2.53,41.04396,-70.88631
HRS2601,16,1,2026-04-26 23:30:28+00:00,32.9071,32.9084,1025.9093,1025.9102,267.621,295.65463,7.3433,7.3442,1478.05,1478.05,40.553,40.235,8804.0,366.792,7.347,7.3479,33.700785,33.70285,2.3962,2.8363,24.4587,0.221,0.0068404,0.2845,-0.104,5.37,41.03704,-70.65776
HRS2601,16,2,2026-04-26 23:30:37+00:00,32.9075,32.9086,1025.9085,1025.9094,266.122,295.64229,7.345,7.3449,1478.05,1478.05,40.355,40.038,9013.0,375.5,7.3487,7.3486,33.702609,33.703538,2.3858,3.069,24.4587,0.221,0.0068404,0.2871,-0.123,5.66,41.03702,-70.65778
HRS2601,16,3,2026-04-26 23:33:12+00:00,32.9163,32.9177,1025.7873,1025.788,293.573,293.62083,7.6467,7.6491,1478.91,1478.92,21.634,21.465,12744.0,530.958,7.6487,7.6511,33.966106,33.969525,2.5988,1.4816,24.4587,0.221,0.13331,0.2853,0.005,23.71,41.03688,-70.65798
HRS2601,16,4,2026-04-26 23:33:22+00:00,32.9166,32.9177,1025.7857,1025.7861,293.144,293.58893,7.6514,7.6548,1478.92,1478.94,21.374,21.208,12973.0,540.5,7.6534,7.6568,33.970423,33.974508,2.596,1.5867,24.4587,0.221,0.13533,0.2881,-0.243,23.04,41.03688,-70.658
HRS2601,16,5,2026-04-26 23:35:35+00:00,32.9179,32.9195,1025.6671,1025.6683,301.688,292.15922,7.8694,7.87,1479.43,1479.44,2.046,2.03,16160.0,673.292,7.8695,7.8701,34.153533,34.15559,2.6732,1.4465,24.4587,0.221,10.592,0.2852,0.107,43.59,41.03674,-70.65826
HRS2601,16,6,2026-04-26 23:35:44+00:00,32.9176,32.9194,1025.6646,1025.6659,300.597,292.16838,7.8681,7.8685,1479.42,1479.42,1.488,1.476,16386.0,682.708,7.8682,7.8687,34.15189,34.153903,2.6655,1.3888,24.4587,0.221,12.873,0.2842,-0.314,25.98,41.03674,-70.65827
HRS2601,17,1,2026-04-27 00:29:16+00:00,32.8881,32.8902,1025.8755,1025.877,252.571,295.1221,7.4289,7.43,1478.33,1478.34,39.054,38.747,9771.0,407.083,7.4325,7.4336,33.757625,33.760501,2.2944,0.8776,24.4587,0.221,0.0068341,0.2994,0.118,7.94,41.03872,-70.77456
HRS2601,17,2,2026-04-27 00:29:24+00:00,32.8883,32.8902,1025.8764,1025.8776,252.213,295.1301,7.4276,7.4297,1478.33,1478.34,39.167,38.86,9970.0,415.375,7.4313,7.4333,33.756778,33.760296,2.2918,1.1842,24.4587,0.221,0.0068341,0.291,0.039,7.63,41.0387,-70.77456
HRS2601,17,3,2026-04-27 00:31:36+00:00,32.9007,32.9022,1025.7573,1025.7579,275.524,294.10335,7.5797,7.5839,1478.53,1478.55,15.688,15.566,13143.0,547.583,7.5811,7.5854,33.889597,33.894755,2.4689,2.3171,24.4587,0.221,0.0068341,0.2884,0.025,20.33,41.03856,-70.77474
HRS2601,17,4,2026-04-27 00:31:46+00:00,32.9011,32.9027,1025.7533,1025.754,274.764,294.01253,7.5932,7.597,1478.58,1478.59,15.144,15.026,13371.0,557.083,7.5946,7.5984,33.901618,33.906416,2.4643,1.4197,24.4678,0.2205,0.0068341,0.2873,-0.207,25.91,41.03856,-70.77476
HRS2601,17,5,2026-04-27 00:34:11+00:00,32.9068,32.9079,1025.6643,1025.6647,305.635,292.62449,7.8023,7.8057,1479.15,1479.16,1.211,1.202,16859.0,702.417,7.8024,7.8058,34.083724,34.087754,2.6979,2.1148,24.4587,0.221,4.1994,0.2942,0.02,31.45,41.03838,-70.77506
HRS2601,17,6,2026-04-27 00:34:19+00:00,32.9069,32.9084,1025.6646,1025.6657,306.455,292.57872,7.8092,7.8096,1479.18,1479.18,1.469,1.458,17051.0,710.417,7.8094,7.8097,34.090011,34.091703,2.7041,1.9906,24.4423,0.222,2.624,0.3121,0.161,44.49,41.03838,-70.77507
HRS2601,18,1,2026-04-27 01:24:15+00:00,32.8917,32.8971,1025.6509,1025.6548,288.779,292.46103,7.832,7.8341,1479.25,1479.27,1.805,1.791,2957.0,123.167,7.8321,7.8343,34.096043,34.10294,2.5788,1.6522,25.3132,0.1813,2.196,0.2909,-0.093,7.4,41.03843,-70.88493
HRS2601,18,2,2026-04-27 01:24:24+00:00,32.855,32.8889,1025.6232,1025.6497,287.41,292.52058,7.8348,7.8358,1479.22,1479.27,2.157,2.14,3171.0,132.083,7.835,7.836,34.06439,34.096915,2.5686,1.5725,25.5266,0.1717,2.1428,0.2827,0.187,6.16,41.03842,-70.88496
HRS2601,18,3,2026-04-27 01:24:32+00:00,32.8952,32.8972,1025.6529,1025.6543,286.478,292.43234,7.8352,7.836,1479.27,1479.27,1.739,1.725,3374.0,140.542,7.8354,7.8361,34.10212,34.104629,2.5626,1.4173,25.0136,0.1952,2.1164,0.2943,-0.257,2.14,41.03842,-70.88498
HRS2601,19,1,2026-04-27 02:51:24+00:00,32.6195,32.6207,1025.3697,1025.3704,250.142,287.32921,8.7116,8.7136,1482.46,1482.47,15.549,15.428,6112.0,254.625,8.7132,8.7151,34.620914,34.623874,2.3345,0.4696,24.0886,0.2425,0.0068341,0.2918,-0.0,5.0,41.19692,-70.88534
HRS2601,19,2,2026-04-27 02:51:34+00:00,32.6186,32.6211,1025.3679,1025.37,250.274,287.31612,8.7139,8.7132,1482.47,1482.47,15.398,15.277,6359.0,264.917,8.7155,8.7148,34.62209,34.623758,2.3356,0.5149,24.0804,0.243,0.0068341,0.2968,-0.056,5.73,41.1969,-70.88536
HRS2601,19,3,2026-04-27 02:53:34+00:00,32.617,32.6188,1025.3356,1025.3369,250.0,287.29036,8.7192,8.7194,1482.38,1482.38,8.733,8.665,9235.0,384.75,8.7201,8.7203,34.621693,34.623599,2.3353,0.5141,24.0557,0.2444,0.03139,0.3,-0.204,11.5,41.19672,-70.88558
HRS2601,19,4,2026-04-27 02:53:45+00:00,32.6173,32.6181,1025.3382,1025.3382,250.257,287.29679,8.718,8.7218,1482.38,1482.39,9.217,9.146,9500.0,395.792,8.719,8.7227,34.62123,34.625231,2.337,0.5258,24.0639,0.2439,0.047826,0.3021,0.116,10.59,41.1967,-70.88558
HRS2601,19,5,2026-04-27 02:53:55+00:00,32.6131,32.6152,1025.332,1025.3336,250.208,287.23148,8.7297,8.7298,1482.41,1482.42,8.965,8.895,9744.0,405.958,8.7306,8.7307,34.627353,34.62942,2.3372,0.5454,24.0557,0.2444,0.03456,0.3002,-0.031,10.0,41.19668,-70.88561
HRS2601,19,6,2026-04-27 02:54:06+00:00,32.6168,32.6193,1025.3361,1025.3382,250.283,287.28856,8.7195,8.7184,1482.38,1482.38,8.89,8.821,10000.0,416.625,8.7204,8.7193,34.621885,34.623223,2.3374,0.5272,24.0557,0.2444,0.035584,0.2855,0.007,12.02,41.19666,-70.88564
HRS2601,19,7,2026-04-27 02:55:37+00:00,32.6103,32.6128,1025.2977,1025.2997,250.668,287.23215,8.7312,8.7306,1482.3,1482.3,1.964,1.949,12192.0,507.958,8.7314,8.7308,34.622364,34.62419,2.3422,0.5586,24.1955,0.2363,2.0908,0.2916,-0.052,19.06,41.19652,-70.88581
HRS2601,19,8,2026-04-27 02:55:47+00:00,32.6122,32.6067,1025.2987,1025.2925,250.677,287.25325,8.7273,8.7388,1482.28,1482.32,1.718,1.705,12409.0,517.0,8.7275,8.739,34.620613,34.625421,2.3421,0.54,24.1133,0.2411,2.0123,0.2911,-0.137,19.23,41.19651,-70.88583
HRS2601,19,9,2026-04-27 02:55:56+00:00,32.6106,32.6124,1025.2984,1025.2997,250.579,287.23955,8.73,8.7307,1482.29,1482.3,2.023,2.007,12626.0,526.042,8.7302,8.7309,34.62156,34.623899,2.3415,0.5375,24.1873,0.2368,2.1193,0.2797,0.216,19.64,41.19649,-70.88586
HRS2601,19,10,2026-04-27 02:56:04+00:00,32.6079,32.6092,1025.2957,1025.2965,250.291,287.23365,8.7318,8.733,1482.3,1482.3,1.965,1.95,12838.0,534.875,8.732,8.7332,34.620507,34.622849,2.3394,0.5385,24.1297,0.2401,2.1853,0.2998,-0.02,19.87,41.19648,-70.88586
HRS2601,19,11,2026-04-27 02:56:24+00:00,32.6089,32.6116,1025.2967,1025.2988,250.382,287.23026,8.732,8.7321,1482.3,1482.3,2.022,2.006,13305.0,554.333,8.7322,8.7323,34.621681,34.624402,2.3401,0.6094,24.1708,0.2377,2.1169,0.2859,0.076,19.75,41.19646,-70.8859
HRS2601,20,1,2026-04-27 05:38:55+00:00,32.4944,32.4962,1025.244,1025.2453,248.438,286.64308,8.8606,8.8615,1482.85,1482.85,14.472,14.358,5438.0,226.542,8.8621,8.863,34.631722,34.634236,2.3272,0.8519,24.0482,0.2449,0.0068341,0.2556,0.116,4.19,41.31308,-70.56832
HRS2601,20,2,2026-04-27 05:39:04+00:00,32.4934,32.4955,1025.2412,1025.2426,248.476,286.6635,8.8577,8.8594,1482.83,1482.84,13.943,13.834,5641.0,235.0,8.8592,8.8608,34.627994,34.631436,2.3274,0.8054,24.0557,0.2444,0.0068341,0.2785,-0.26,4.58,41.31308,-70.56834
HRS2601,20,3,2026-04-27 05:39:14+00:00,32.4953,32.4973,1025.2455,1025.2469,248.299,286.63839,8.861,8.8619,1482.85,1482.86,14.666,14.551,5898.0,245.708,8.8625,8.8635,34.633074,34.635792,2.3261,0.7861,24.0557,0.2444,0.0068341,0.2945,0.098,3.88,41.31306,-70.56838
HRS2601,20,4,2026-04-27 05:39:22+00:00,32.4941,32.4964,1025.2421,1025.2436,248.758,286.64873,8.8599,8.8614,1482.84,1482.85,14.087,13.977,6089.0,253.667,8.8613,8.8628,34.63053,34.634076,2.3295,0.7608,24.0408,0.2454,0.0068341,0.2917,-0.361,4.21,41.31305,-70.5684
HRS2601,20,5,2026-04-27 05:41:05+00:00,32.4916,32.4935,1025.2164,1025.2178,248.29,286.70602,8.8522,8.8526,1482.71,1482.72,8.606,8.539,8565.0,356.833,8.8531,8.8535,34.618548,34.620694,2.327,0.8085,24.0557,0.2444,0.031429,0.2871,0.298,10.2,41.31294,-70.56874
HRS2601,20,6,2026-04-27 05:41:13+00:00,32.4917,32.4934,1025.2154,1025.2167,248.646,286.71068,8.8515,8.852,1482.71,1482.71,8.353,8.288,8743.0,364.25,8.8523,8.8529,34.617863,34.620031,2.3296,0.851,24.0557,0.2444,0.025217,0.2839,0.071,10.26,41.31293,-70.56877
HRS2601,20,7,2026-04-27 05:41:22+00:00,32.4917,32.4934,1025.2151,1025.2164,248.814,286.71305,8.8511,8.8518,1482.7,1482.71,8.276,8.212,8965.0,373.5,8.8519,8.8527,34.617491,34.619816,2.3309,0.8287,24.0557,0.2444,0.0081166,0.2773,0.14,10.42,41.31292,-70.5688
HRS2601,20,8,2026-04-27 05:43:02+00:00,32.4907,32.4926,1025.1842,1025.1855,249.054,286.74761,8.8467,8.848,1482.57,1482.58,1.496,1.484,11362.0,473.375,8.8468,8.8482,34.60913,34.612189,2.3339,0.8012,24.0557,0.2444,2.1995,0.2955,-0.246,16.44,41.3128,-70.56914
HRS2601,20,9,2026-04-27 05:43:10+00:00,32.4909,32.4926,1025.1848,1025.1862,249.277,286.74441,8.8471,8.8473,1482.58,1482.58,1.621,1.609,11555.0,481.417,8.8473,8.8474,34.609734,34.611562,2.3356,0.8008,24.0639,0.2439,2.1292,0.2845,0.057,16.23,41.3128,-70.56918
HRS2601,20,10,2026-04-27 05:43:18+00:00,32.4902,32.492,1025.1838,1025.1852,248.904,286.77559,8.8424,8.8424,1482.55,1482.56,1.347,1.337,11748.0,489.458,8.8426,8.8425,34.604826,34.606547,2.3327,0.7824,24.0721,0.2434,3.1544,0.2555,-0.15,15.73,41.31278,-70.5692
HRS2601,20,11,2026-04-27 05:43:27+00:00,32.49,32.4919,1025.1881,1025.1893,249.011,286.80749,8.8374,8.8392,1482.55,1482.56,2.155,2.138,11966.0,498.542,8.8376,8.8394,34.600649,34.604058,2.3331,0.8165,24.0721,0.2434,2.0261,0.2862,0.336,16.79,41.31278,-70.56924
HRS2601,21,1,2026-04-27 08:59:20+00:00,32.7565,32.7586,1025.5157,1025.5171,255.678,289.58496,8.3158,8.317,1481.07,1481.08,10.934,10.849,10832.0,451.292,8.3169,8.3181,34.400036,34.402978,2.3601,0.3914,24.2695,0.232,0.0068341,0.2858,-0.042,21.78,41.1962,-70.9925
HRS2601,21,2,2026-04-27 08:59:56+00:00,32.7575,32.7594,1025.5156,1025.5169,256.177,289.57881,8.3165,8.3175,1481.07,1481.08,10.754,10.67,11691.0,487.083,8.3175,8.3185,34.401424,34.404134,2.3638,0.4143,24.2695,0.232,0.0068341,0.2804,-0.12,22.05,41.19613,-70.99251
HRS2601,21,3,2026-04-27 09:01:43+00:00,32.7564,32.7584,1025.4719,1025.4732,256.325,289.59808,8.3148,8.3163,1480.91,1480.91,1.313,1.303,14268.0,594.458,8.3149,8.3165,34.393937,34.397203,2.367,0.4228,24.4176,0.2234,3.1669,0.2936,-0.005,31.53,41.196,-70.99252
HRS2601,21,4,2026-04-27 09:01:52+00:00,32.7565,32.7583,1025.4735,1025.4744,256.749,289.58017,8.3175,8.3214,1480.92,1480.94,1.729,1.716,14495.0,603.917,8.3177,8.3215,34.396629,34.401831,2.37,0.4234,24.4258,0.2229,2.2439,0.2801,0.191,31.31,41.19598,-70.99252
